observation_date,DTWEXBGS,DEXUSEU,DEXJPUS,DEXCHUS,DEXCAUS,DEXUSUK,DEXKOUS,DEXMXUS,DEXVZUS,DTWEXAFEGS,DEXINUS,DEXBZUS
2020-07-20,119.0588,1.1442,107.21,6.9829,1.3531,1.2658,1202.26,22.5800,226093.5998,109.2247,74.7700,5.3365
2020-07-21,118.4145,1.1495,106.82,6.9800,1.3443,1.2736,1194.64,22.3190,228287.9860,108.6242,74.5400,5.1936
2020-07-22,118.1446,1.1587,107.18,6.9988,1.3407,1.2729,1194.83,22.2560,231170.3275,108.1862,74.5600,5.0973
2020-07-23,118.0724,1.1623,106.83,7.0034,1.3370,1.2759,1198.91,22.3140,236617.1598,107.8744,74.8100,5.1405
2020-07-24,118.1445,1.1635,105.79,7.0168,1.3425,1.2791,1203.17,22.3630,241365.8539,107.7887,74.7700,5.1948
2020-07-27,117.3982,1.1750,105.29,6.9950,1.3383,1.2887,1195.94,22.0130,241365.8594,107.0822,74.7700,5.1835
2020-07-28,117.3301,1.1733,105.03,6.9998,1.3364,1.2950,1198.15,21.9570,244443.3962,106.9823,74.9100,5.1684
2020-07-29,117.2242,1.1770,105.06,7.0014,1.3370,1.2974,1192.98,22.0030,248956.5313,106.8180,74.9200,5.1483
2020-07-30,117.4133,1.1791,105.05,7.0080,1.3440,1.3035,1196.30,22.1830,249057.3434,106.8316,74.8800,5.1824
2020-07-31,117.2208,1.1822,105.78,6.9744,1.3384,1.3133,1192.68,22.2260,257718.9000,106.5957,74.9000,5.1967
2020-08-03,117.8199,1.1750,106.11,6.9799,1.3408,1.3053,1194.31,22.5740,258448.3499,107.1035,75.2000,5.3200
2020-08-04,117.7962,1.1766,105.87,6.9720,1.3366,1.3059,1194.53,22.7460,261904.8407,106.8698,75.0600,5.3259
2020-08-05,116.8865,1.1898,105.44,6.9353,1.3254,1.3141,1188.93,22.4230,262412.4946,105.9126,74.8000,5.2928
2020-08-06,117.0550,1.1856,105.52,6.9520,1.3285,1.3147,1185.29,22.3590,264933.9113,106.1744,74.8700,5.3537
2020-08-07,117.6365,1.1776,105.92,6.9670,1.3393,1.3043,1189.25,22.4830,270354.6373,106.8948,75.0400,5.4343
2020-08-10,117.5946,1.1756,105.85,6.9611,1.3350,1.3082,1186.28,22.4930,277343.5511,106.8454,74.9100,5.4230
2020-08-11,117.3902,1.1764,106.56,6.9451,1.3296,1.3077,1184.84,22.3380,283889.7653,106.8018,74.6100,5.4230
2020-08-12,117.2679,1.1796,106.85,6.9363,1.3250,1.3047,1184.09,22.3180,283414.9995,106.5920,74.7300,5.4745
2020-08-13,117.1313,1.1818,106.89,6.9440,1.3214,1.3082,1183.25,22.2800,283293.0079,106.4032,74.8100,5.3835
2020-08-14,116.9512,1.1833,106.49,6.9501,1.3250,1.3108,1186.53,22.0190,286649.3155,106.3498,74.8700,5.3881
2020-08-17,116.7609,1.1869,105.97,6.9318,1.3202,1.3105,1184.17,22.0420,293920.7455,106.0119,74.7400,5.4734
2020-08-18,116.5722,1.1928,105.41,6.9215,1.3181,1.3228,1184.74,22.1800,289550.7506,105.5478,74.6200,5.4845
2020-08-19,116.5789,1.1898,105.71,6.9192,1.3173,1.3191,1181.06,22.0460,291796.8124,105.7738,74.8500,5.5045
2020-08-20,116.8243,1.1862,105.81,6.9143,1.3177,1.3190,1187.66,22.1480,296027.2710,105.9283,75.0100,5.6370
2020-08-21,117.0682,1.1775,105.88,6.9179,1.3201,1.3098,1191.84,22.0420,302779.1537,106.4398,74.9200,5.5949
2020-08-24,116.9238,1.1803,105.90,6.9180,1.3220,1.3078,1189.11,21.9740,304688.8268,106.3708,74.1700,5.6010
2020-08-25,116.8324,1.1818,106.40,6.9116,1.3191,1.3136,1188.18,21.9610,305491.6117,106.2478,74.2000,5.6046
2020-08-26,116.6358,1.1813,106.13,6.8855,1.3145,1.3186,1185.60,21.9450,307221.1635,106.0694,74.2200,5.6073
2020-08-27,116.6614,1.1824,106.42,6.8925,1.3111,1.3229,1185.22,22.1150,312059.6588,105.9305,73.8900,5.5965
2020-08-28,115.9506,1.1901,105.30,6.8647,1.3106,1.3341,1181.62,21.8700,315798.5728,105.3401,73.1100,5.4469
2020-08-31,115.7717,1.1950,105.84,6.8474,1.3034,1.3375,1187.48,21.8800,323800.1664,105.0132,73.2500,5.4698
2020-09-01,115.5814,1.1949,106.00,6.8272,1.3043,1.3416,1182.94,21.7510,326929.5181,105.0818,73.0000,5.3578
2020-09-02,116.0423,1.1840,106.15,6.8375,1.3061,1.3315,1189.98,21.8320,328729.4151,105.6664,73.2700,5.3550
2020-09-03,116.0799,1.1832,106.14,6.8474,1.3131,1.3263,1188.04,21.6630,334183.5064,105.9053,73.3900,5.3078
2020-09-04,116.0457,1.1820,106.34,6.8409,1.3095,1.3230,1190.60,21.5950,337931.1097,105.9615,73.2900,5.2873
2020-09-07,,,,,,,,,,,,
2020-09-08,116.4725,1.1789,105.97,6.8435,1.3194,1.3039,1188.69,21.7320,354853.9533,106.4341,73.7800,5.3510
2020-09-09,116.1396,1.1810,106.23,6.8308,1.3163,1.3011,1185.12,21.5200,357958.2398,106.2940,73.3800,5.2849
2020-09-10,115.8906,1.1880,106.19,6.8335,1.3162,1.2846,1184.41,21.2850,359613.0626,106.1208,73.4300,5.3023
2020-09-11,116.0963,1.1831,106.17,6.8330,1.3183,1.2788,1186.55,21.3270,359953.1067,106.4122,73.4500,5.3040
2020-09-14,115.6523,1.1874,105.68,6.8080,1.3172,1.2876,1181.27,21.1230,362257.0637,106.0710,73.4200,5.2892
2020-09-15,115.5996,1.1846,105.50,6.7819,1.3199,1.2866,1179.99,21.0550,362257.0625,106.2316,73.5700,5.2852
2020-09-16,115.3623,1.1835,104.94,6.7529,1.3164,1.2980,1176.00,21.0500,365012.2493,106.0125,73.5400,5.2410
2020-09-17,115.4476,1.1823,104.77,6.7628,1.3204,1.2955,1174.25,20.9930,365311.1883,106.1765,73.6000,5.2584
2020-09-18,115.2480,1.1857,104.44,6.7675,1.3179,1.2950,1163.20,20.9490,368403.1587,105.9458,73.5400,5.3056
2020-09-21,116.3873,1.1737,104.69,6.8043,1.3299,1.2794,1166.75,21.5160,373300.6607,106.9117,73.5800,5.4397
2020-09-22,116.5529,1.1703,105.05,6.7779,1.3313,1.2726,1164.83,21.5850,374373.9223,107.2184,73.5000,5.4700
2020-09-23,117.2631,1.1677,105.34,6.8089,1.3373,1.2750,1164.56,22.1160,385900.9695,107.5275,73.5300,5.5490
2020-09-24,117.5578,1.1666,105.42,6.8273,1.3370,1.2739,1170.49,22.2800,391148.1834,107.6437,73.9000,5.5308
2020-09-25,117.8786,1.1618,105.59,6.8220,1.3409,1.2706,1172.71,22.4510,398398.0468,107.9943,73.7100,5.5644
2020-09-28,117.6290,1.1660,105.50,6.8106,1.3377,1.2865,1168.08,22.5070,413343.1039,107.5538,73.7900,5.6155
2020-09-29,117.5379,1.1717,105.68,6.8150,1.3411,1.2847,1169.67,22.4660,420140.8858,107.4021,73.7800,5.6679
2020-09-30,116.9570,1.1723,105.58,6.7896,1.3323,1.2921,1165.97,22.0910,429593.4893,107.0695,73.5400,5.6326
2020-10-01,116.7339,1.1752,105.53,6.7898,1.3289,1.2901,1163.05,21.9760,435585.7557,106.8761,73.1800,5.6463
2020-10-02,116.7424,1.1706,105.36,6.7898,1.3320,1.2928,1166.08,21.7200,435961.1096,107.1060,73.3500,5.6822
2020-10-05,116.1870,1.1784,105.70,6.7896,1.3269,1.2972,1157.77,21.4301,437421.3077,106.6565,73.0900,5.6173
2020-10-06,116.2781,1.1778,105.64,6.7896,1.3275,1.2945,1162.00,21.5210,436675.7913,106.7226,73.4000,5.5402
2020-10-07,116.3548,1.1766,105.97,6.7896,1.3283,1.2914,1158.41,21.5330,436675.7813,106.8625,73.2800,5.6125
2020-10-08,116.1753,1.1753,105.98,6.7896,1.3222,1.2944,1152.44,21.4160,440584.1808,106.7512,73.3300,5.5948
2020-10-09,115.2843,1.1819,105.72,6.6933,1.3120,1.3003,1143.46,21.1530,448979.2200,106.1098,72.9800,5.5220
2020-10-12,,,,,,,,,,,,
2020-10-13,115.9193,1.1737,105.55,6.7452,1.3138,1.2968,1147.40,21.3920,451175.3438,106.5216,73.4500,5.5944
2020-10-14,115.6959,1.1755,105.08,6.7136,1.3147,1.3023,1146.58,21.3460,451760.6227,106.3551,73.2400,5.5804
2020-10-15,116.1046,1.1701,105.38,6.7233,1.3243,1.2917,1143.03,21.3940,449592.7581,106.9408,73.4800,5.6160
2020-10-16,115.7754,1.1717,105.41,6.6962,1.3194,1.2931,1146.82,21.1740,449727.0067,106.7703,73.4200,5.6228
2020-10-19,115.4109,1.1788,105.42,6.6803,1.3155,1.2998,1141.76,21.1369,451712.0402,106.3163,73.3100,5.5780
2020-10-20,115.2558,1.1824,105.56,6.6754,1.3120,1.2951,1138.65,21.0650,454168.2737,106.1551,73.4700,5.5773
2020-10-21,114.9185,1.1870,104.58,6.6503,1.3130,1.3143,1132.11,21.0896,455778.0268,105.6791,73.6200,5.6084
2020-10-22,115.1234,1.1824,104.88,6.6821,1.3132,1.3090,1135.26,21.0260,456099.0137,105.9679,73.6500,5.5843
2020-10-23,115.0198,1.1844,104.78,6.6861,1.3147,1.3039,1129.77,20.8961,458804.5043,105.9376,73.8600,5.6135
2020-10-26,115.2872,1.1816,104.86,6.7119,1.3214,1.3021,1127.77,20.9580,461259.9313,106.2183,73.9300,5.6141
2020-10-27,115.0206,1.1834,104.44,6.7044,1.3156,1.3067,1127.90,20.8670,463130.7541,105.9170,73.6200,5.6484
2020-10-28,115.8099,1.1751,104.33,6.7279,1.3321,1.2997,1133.76,21.1520,470010.8327,106.6915,74.1900,5.7406
2020-10-29,116.3138,1.1658,104.69,6.7140,1.3365,1.2890,1131.12,21.3670,486996.4576,107.3608,74.4200,5.7790
2020-10-30,116.1417,1.1647,104.54,6.6919,1.3332,1.2933,1133.99,21.2760,505275.4269,107.2581,74.5900,5.7588
2020-11-02,116.2425,1.1634,104.80,6.6899,1.3255,1.2904,1134.62,21.4570,517784.7074,107.2192,74.5100,5.7425
2020-11-03,115.4864,1.1724,104.50,6.6759,1.3132,1.3050,1134.30,21.1560,514629.4626,106.3468,74.6100,5.7328
2020-11-04,115.1733,1.1730,104.39,6.6504,1.3113,1.3021,1137.37,20.9360,515938.4958,106.2567,74.3600,5.6540
2020-11-05,114.4615,1.1809,103.67,6.6027,1.3045,1.3116,1122.96,20.8340,516991.2034,105.5841,73.9300,5.5682
2020-11-06,113.9977,1.1886,103.32,6.6080,1.3029,1.3162,1121.00,20.6300,526161.5987,105.1185,73.9600,5.4577
2020-11-09,114.0942,1.1811,105.58,6.6280,1.2978,1.3137,1113.14,20.4000,534007.6123,105.6854,74.0300,5.3696
2020-11-10,114.0802,1.1810,105.36,6.6146,1.2998,1.3234,1117.63,20.4330,534379.9535,105.6315,74.3100,5.3715
2020-11-11,,,,,,,,,,,,
2020-11-12,114.2889,1.1814,105.16,6.6114,1.3107,1.3142,1112.95,20.5170,570193.1035,105.9064,74.6300,5.4141
2020-11-13,114.2445,1.1824,104.61,6.6039,1.3164,1.3176,1109.47,20.4500,605957.1339,105.9092,74.5600,5.5006
2020-11-16,113.8356,1.1844,104.54,6.5830,1.3072,1.3197,1106.88,20.3020,644707.0744,105.5694,74.4100,5.3999
2020-11-17,113.6864,1.1862,104.20,6.5556,1.3107,1.3247,1105.33,20.3060,665046.4226,105.4969,74.4200,5.3401
2020-11-18,113.4645,1.1869,103.72,6.5588,1.3049,1.3299,1105.72,20.2460,669297.9913,105.2185,74.1000,5.3069
2020-11-19,113.6982,1.1843,103.85,6.5823,1.3083,1.3225,1114.93,20.1830,679453.0501,105.5087,74.1600,5.3149
2020-11-20,113.4932,1.1857,103.81,6.5608,1.3075,1.3294,1114.48,20.0830,708924.7673,105.3587,74.1200,5.3671
2020-11-23,113.7590,1.1826,104.42,6.5850,1.3097,1.3300,1115.42,20.1090,780070.1010,105.6168,74.2100,5.4360
2020-11-24,113.4361,1.1874,104.61,6.5900,1.3027,1.3350,1110.93,20.0120,709813.1250,105.2300,74.0800,5.3910
2020-11-25,113.1871,1.1908,104.39,6.5750,1.2994,1.3378,1106.84,20.0150,915445.1720,104.9532,73.7500,5.3224
2020-11-26,,,,,,,,,,,,
2020-11-27,,,,,,,,,,,,
2020-11-30,113.2308,1.1948,104.38,6.5760,1.2982,1.3338,1105.79,20.1500,1033297.3100,104.8022,74.0100,5.3785
2020-12-01,112.8122,1.2039,104.40,6.5705,1.2958,1.3392,1107.33,20.0470,1048184.9460,104.3385,73.5100,5.2630
2020-12-02,112.6174,1.2093,104.52,6.5622,1.2934,1.3348,1100.15,20.0470,1037323.7950,104.0974,73.7200,5.2384
2020-12-03,112.0293,1.2152,103.77,6.5418,1.2875,1.3496,1096.28,19.8870,1007878.1390,103.4895,73.8000,5.1243
2020-12-04,111.7826,1.2142,104.16,6.5301,1.2797,1.3485,1081.85,19.7440,1026479.2910,103.4173,73.7800,5.1610
2020-12-07,111.8431,1.2138,104.01,6.5295,1.2796,1.3353,1082.22,19.8100,1083425.3630,103.4884,73.8300,5.0713
2020-12-08,111.8684,1.2111,104.14,6.5307,1.2808,1.3358,1085.40,19.7150,1081584.5510,103.6397,73.6800,5.0824
2020-12-09,112.0353,1.2080,104.28,6.5410,1.2791,1.3392,1083.78,19.8520,1078600.2840,103.7012,73.7100,5.1504
2020-12-10,111.9839,1.2118,104.30,6.5419,1.2727,1.3293,1086.83,19.9870,1077223.3990,103.4626,73.7200,5.0699
2020-12-11,112.1469,1.2112,103.88,6.5445,1.2767,1.3197,1091.23,20.0930,1081640.0400,103.6129,73.7300,5.0538
2020-12-14,112.1770,1.2145,104.06,6.5480,1.2787,1.3324,1093.19,20.2180,1100685.0760,103.4295,73.6400,5.1103
2020-12-15,111.8660,1.2158,103.69,6.5388,1.2730,1.3434,1092.22,20.0830,1082995.4375,103.1083,73.5600,5.1105
2020-12-16,111.7215,1.2175,103.59,6.5323,1.2755,1.3503,1093.71,19.9500,1084806.7140,103.0345,73.6500,5.1282
2020-12-17,111.2286,1.2258,103.13,6.5321,1.2715,1.3609,1092.96,19.7880,1072753.5590,102.4799,73.5300,5.0591
2020-12-18,111.6136,1.2236,103.35,6.5395,1.2776,1.3497,1099.37,19.9813,1047905.0080,102.8085,73.5300,5.0810
2020-12-21,111.9477,1.2230,103.44,6.5493,1.2836,1.3354,1107.03,20.0400,1059724.5260,103.0986,74.0300,5.1280
2020-12-22,112.2010,1.2172,103.62,6.5426,1.2918,1.3349,1107.12,20.0540,1066686.9290,103.5482,73.8500,5.1593
2020-12-23,111.9873,1.2194,103.52,6.5400,1.2841,1.3510,1106.92,20.0800,1060806.2420,103.1372,73.7700,5.2087
2020-12-24,,,,,,,,,,,,
2020-12-25,,,,,,,,,,,,
2020-12-28,111.9821,1.2213,103.84,6.5346,1.2871,1.3447,1096.67,20.0610,1062135.5625,103.2445,73.5000,5.3016
2020-12-29,111.5240,1.2252,103.50,6.5300,1.2794,1.3512,1092.55,19.9050,1034039.4400,102.7742,73.3300,5.1679
2020-12-30,111.3156,1.2280,103.31,6.5208,1.2764,1.3605,1086.62,19.9340,1086335.4280,102.4960,73.1300,5.1760
2020-12-31,111.3240,1.2230,103.19,6.5250,1.2753,1.3662,1086.11,19.8920,1104430.5870,102.5820,73.0100,5.1935
2021-01-01,,,,,,,,,,,,
2021-01-04,111.2143,1.2254,103.19,6.4601,1.2781,1.3551,1081.62,19.9380,1087696.7500,102.6461,73.0800,5.2466
2021-01-05,110.9649,1.2295,102.70,6.4550,1.2700,1.3620,1087.42,19.9200,1111982.1700,102.1570,73.1500,5.3035
2021-01-06,110.8573,1.2290,103.25,6.4617,1.2685,1.3593,1085.71,19.7130,1172055.1330,102.2312,73.1500,5.3368
2021-01-07,111.3124,1.2265,103.84,6.4760,1.2720,1.3551,1086.78,19.9280,1228128.0980,102.5289,73.4300,5.4024
2021-01-08,111.2930,1.2252,103.89,6.4750,1.2698,1.3583,1089.48,19.9410,1314365.4280,102.5008,73.3100,5.3855
2021-01-11,111.8342,1.2169,104.16,6.4795,1.2768,1.3522,1097.39,20.0760,1464570.5500,103.0910,73.5000,5.4809
2021-01-12,111.5584,1.2168,104.09,6.4610,1.2745,1.3637,1099.57,19.9270,1316012.5000,102.9399,73.2600,5.4166
2021-01-13,111.3702,1.2159,103.91,6.4677,1.2710,1.3631,1098.31,19.7880,1500988.3500,102.8676,73.0700,5.2938
2021-01-14,111.1639,1.2156,103.66,6.4736,1.2633,1.3690,1098.37,19.7230,1491828.6500,102.6082,73.1100,5.2304
2021-01-15,111.5168,1.2099,103.80,6.4800,1.2709,1.3599,1099.39,19.7470,1496565.1850,103.1093,73.0800,5.2589
2021-01-18,,,,,,,,,,,,
2021-01-19,111.4591,1.2126,103.86,6.4777,1.2721,1.3627,1102.14,19.6642,1498440.5625,103.0278,73.2000,5.3330
2021-01-20,,,,,,,,,,,,
2021-01-21,111.2044,1.2143,103.57,6.4595,1.2634,1.3721,1097.91,19.7270,1557478.6700,102.6318,72.9600,5.3753
2021-01-22,111.5602,1.2179,103.76,6.4810,1.2711,1.3685,1105.50,19.9250,1647644.9200,102.7239,72.9800,5.4518
2021-01-25,111.8767,1.2138,103.78,6.4784,1.2747,1.3668,1101.02,20.1400,1734414.0900,102.9942,73.0100,5.4665
2021-01-26,111.6661,1.2147,103.69,6.4635,1.2711,1.3729,1103.26,20.0800,1727725.8700,102.8137,72.9000,5.3682
2021-01-27,112.0876,1.2101,104.09,6.4822,1.2782,1.3688,1104.09,20.2200,1782223.5300,103.2420,73.0500,5.4139
2021-01-28,112.0150,1.2122,104.31,6.4491,1.2812,1.3727,1111.95,20.2300,1819151.7850,103.2293,72.9100,5.3992
2021-01-29,111.9604,1.2135,104.64,6.4282,1.2776,1.3723,1118.35,20.2550,1819068.2510,103.1633,72.8400,5.4479
2021-02-01,112.4282,1.2070,104.97,6.4669,1.2826,1.3672,1116.48,20.3560,1816980.8400,103.6475,73.1100,5.4746
2021-02-02,112.2937,1.2020,105.09,6.4570,1.2815,1.3644,1115.88,20.1510,1800747.5000,103.8618,72.9500,5.3704
2021-02-03,112.2648,1.2025,105.05,6.4614,1.2765,1.3652,1114.47,20.2170,1785731.8300,103.7109,72.8400,5.3624
2021-02-04,112.7560,1.1974,105.43,6.4715,1.2830,1.3665,1120.02,20.4570,1785450.4000,104.1146,72.9300,5.4236
2021-02-05,112.2463,1.2035,105.44,6.4664,1.2781,1.3714,1123.70,20.1300,1823834.4900,103.6972,72.8500,5.3522
2021-02-08,112.0512,1.2045,105.19,6.4475,1.2755,1.3738,1119.22,20.1120,1832829.9000,103.5348,72.9000,5.3153
2021-02-09,111.7768,1.2106,104.62,6.4344,1.2713,1.3796,1116.42,20.0970,1807931.7700,103.0639,72.8300,5.4261
2021-02-10,111.5929,1.2132,104.67,6.4576,1.2678,1.3850,1106.90,20.0500,1799307.0800,102.8237,72.8200,5.3601
2021-02-11,111.5364,1.2127,104.75,6.4567,1.2689,1.3822,1102.70,19.9600,1783776.4620,102.9028,72.6900,5.3876
2021-02-12,111.4981,1.2126,104.94,6.4567,1.2694,1.3855,1102.16,19.9300,1763736.1820,102.9122,72.6000,5.3699
2021-02-15,,,,,,,,,,,,
2021-02-16,111.7984,1.2107,105.88,6.4567,1.2694,1.3910,1099.61,20.2180,1765946.3750,103.0524,72.8600,5.3765
2021-02-17,112.0300,1.2042,105.83,6.4567,1.2712,1.3848,1107.44,20.1860,1765946.3750,103.4174,72.8100,5.4059
2021-02-18,112.1718,1.2078,105.69,6.4869,1.2706,1.3956,1108.56,20.4360,1716983.8830,103.1667,72.6500,5.4391
2021-02-19,111.7179,1.2136,105.58,6.4555,1.2596,1.4025,1105.81,20.4000,1716124.9820,102.5907,72.5000,5.3938
2021-02-22,111.9316,1.2155,105.06,6.4625,1.2606,1.4077,1111.56,20.6720,1753214.7550,102.4460,72.4800,5.4781
2021-02-23,111.9110,1.2142,105.21,6.4640,1.2610,1.4092,1110.25,20.6040,1799190.4660,102.5623,72.4400,5.4267
2021-02-24,111.7339,1.2143,105.91,6.4556,1.2537,1.4106,1112.19,20.4600,1825097.6150,102.4904,72.3800,5.4249
2021-02-25,111.9402,1.2229,106.22,6.4541,1.2528,1.4105,1107.73,20.8910,1867969.7500,102.1677,72.7400,5.4903
2021-02-26,112.8433,1.2093,106.64,6.4730,1.2698,1.3947,1123.36,20.9350,1866682.7320,103.3265,73.9200,5.5724
2021-03-01,112.5380,1.2054,106.68,6.4648,1.2652,1.3938,1118.59,20.6070,1860949.8520,103.3862,73.4000,5.5704
2021-03-02,112.5472,1.2079,106.75,6.4702,1.2612,1.3962,1125.61,20.6240,1861193.3520,103.1783,73.2900,5.7110
2021-03-03,112.7761,1.2073,106.92,6.4675,1.2611,1.3978,1123.96,20.9203,1858594.8050,103.2396,72.8500,5.7591
2021-03-04,112.7170,1.2045,107.58,6.4694,1.2584,1.3999,1124.45,20.8206,1860383.6720,103.3936,72.7300,5.5666
2021-03-05,113.7626,1.1914,108.24,6.4960,1.2666,1.3817,1124.85,21.2770,1869918.8450,104.3491,73.2100,5.6912
2021-03-08,114.2824,1.1849,108.92,6.5250,1.2672,1.3810,1132.64,21.4500,1884461.9460,104.7229,73.3200,5.7341
2021-03-09,113.9431,1.1885,108.64,6.5050,1.2652,1.3884,1140.63,21.2580,1883315.7580,104.3908,72.8900,5.8084
2021-03-10,113.6015,1.1900,108.58,6.5050,1.2641,1.3899,1139.85,20.9500,1877164.0680,104.3036,72.8600,5.6720
2021-03-11,112.9345,1.1978,108.44,6.4932,1.2558,1.3980,1135.19,20.6960,1869781.9520,103.6852,72.6900,5.5530
2021-03-12,113.0403,1.1952,108.87,6.5081,1.2471,1.3925,1133.09,20.7411,1854107.2160,103.6951,72.7100,5.5530
2021-03-15,113.2065,1.1917,109.11,6.4996,1.2490,1.3866,1136.37,20.7420,1843946.1510,103.9546,72.5800,5.6539
2021-03-16,112.9970,1.1895,109.01,6.5052,1.2451,1.3892,1129.69,20.5670,1822716.5800,103.8881,72.5200,5.5756
2021-03-17,113.1726,1.1905,109.22,6.5030,1.2475,1.3888,1130.24,20.6720,1817764.4770,103.9578,72.5600,5.6550
2021-03-18,112.7872,1.1926,108.97,6.5054,1.2434,1.3938,1123.51,20.4400,1799968.4620,103.6986,72.6300,5.5366
2021-03-19,112.9877,1.1909,108.85,6.5070,1.2511,1.3872,1130.38,20.4971,1799968.5000,104.0078,72.4500,5.4750
2021-03-22,113.0154,1.1932,108.67,6.5070,1.2528,1.3856,1128.19,20.5880,1802224.0625,103.9015,72.3700,5.5316
2021-03-23,113.3038,1.1872,108.61,6.5160,1.2548,1.3795,1128.96,20.6290,1817256.2810,104.2994,72.5200,5.4771
2021-03-24,113.6690,1.1831,108.81,6.5230,1.2551,1.3723,1133.35,20.7930,1823340.7960,104.5742,72.5900,5.5550
2021-03-25,114.0140,1.1777,109.13,6.5452,1.2613,1.3722,1133.31,20.7830,1841313.8380,105.0052,72.6900,5.6352
2021-03-26,113.7532,1.1798,109.55,6.5412,1.2577,1.3794,1129.26,20.5730,1848339.6940,104.8183,72.6500,5.7132
2021-03-29,113.9447,1.1779,109.73,6.5696,1.2592,1.3793,1133.57,20.5850,1885351.5530,104.9316,72.7500,5.7778
2021-03-30,114.2152,1.1724,110.19,6.5716,1.2626,1.3729,1133.44,20.5970,1926348.2540,105.3619,73.4500,5.7439
2021-03-31,113.8351,1.1743,110.61,6.5518,1.2571,1.3795,1126.72,20.4410,1963144.0650,105.1502,73.1400,5.6590
2021-04-01,113.7504,1.1772,110.61,6.5645,1.2569,1.3825,1131.63,20.3358,1963144.1250,105.0135,73.3200,5.6887
2021-04-02,113.7429,1.1763,110.67,6.5646,1.2566,1.3825,1127.30,20.3050,1965604.1875,105.0544,73.3700,5.7075
2021-04-05,113.4060,1.1810,110.08,6.5649,1.2512,1.3907,1127.34,20.2420,1965604.1875,104.5688,73.2900,5.6584
2021-04-06,113.1575,1.1852,109.83,6.5370,1.2540,1.3849,1117.12,20.1410,2065677.8300,104.4634,73.4900,5.6143
2021-04-07,113.2540,1.1890,109.67,6.5415,1.2614,1.3757,1116.21,20.1800,2073523.7700,104.5192,74.3500,5.6062
2021-04-08,113.1015,1.1904,109.25,6.5505,1.2576,1.3739,1116.96,20.0900,2104706.4430,104.3187,74.5700,5.5743
2021-04-09,113.2132,1.1897,109.64,6.5522,1.2540,1.3734,1120.84,20.1620,2137158.1240,104.3076,74.7200,5.6522
2021-04-12,113.1916,1.1907,109.43,6.5475,1.2556,1.3741,1124.60,20.1010,2230234.2470,104.2749,75.0300,5.6974
2021-04-13,113.0489,1.1939,109.19,6.5431,1.2541,1.3742,1125.63,20.0520,2284762.0670,104.0778,75.2700,5.6898
2021-04-14,112.7951,1.1974,108.93,6.5292,1.2515,1.3790,1116.43,20.0580,2329146.0900,103.7954,75.0700,5.6806
2021-04-15,112.6274,1.1964,108.78,6.5220,1.2539,1.3781,1115.04,19.9180,2309375.1130,103.8705,74.8100,5.6110
2021-04-16,112.4913,1.1980,108.78,6.5203,1.2498,1.3826,1114.93,19.9120,2375839.1630,103.6657,74.4800,5.6107
2021-04-19,112.1929,1.2028,108.09,6.5085,1.2534,1.3977,1115.03,19.8110,2357676.2460,103.3501,74.8700,5.5687
2021-04-20,112.2444,1.2045,108.07,6.4981,1.2574,1.3955,1116.68,19.8720,2378816.5000,103.3968,75.3800,5.5185
2021-04-21,112.1862,1.2033,108.09,6.4903,1.2484,1.3936,1117.80,19.8840,2461292.0470,103.2581,75.4200,5.5687
2021-04-22,112.2385,1.2012,108.17,6.4910,1.2490,1.3851,1117.30,19.8740,2512035.6540,103.4412,75.1100,5.4971
2021-04-23,112.0981,1.2069,107.94,6.4945,1.2495,1.3845,1115.10,19.8520,2500064.0890,103.2017,74.9700,5.5011
2021-04-26,111.8207,1.2083,108.12,6.4844,1.2399,1.3890,1110.88,19.8430,2641232.0340,102.8899,74.7500,5.4508
2021-04-27,111.9203,1.2079,108.56,6.4830,1.2396,1.3908,1109.60,19.9740,2714522.8080,102.9322,74.5800,5.4342
2021-04-28,111.8015,1.2098,108.81,6.4771,1.2354,1.3917,1112.28,19.9420,2682108.3110,102.7836,74.4900,5.3964
2021-04-29,111.7583,1.2110,108.94,6.4710,1.2295,1.3956,1108.54,20.1090,2717905.7270,102.5784,74.0700,5.3624
2021-04-30,112.0959,1.2030,109.33,6.4749,1.2291,1.3838,1115.58,20.1690,2739286.4320,103.0195,74.0000,5.4194
2021-05-03,112.0176,1.2059,109.08,6.4749,1.2275,1.3913,1122.88,20.2000,2815817.2960,102.7735,73.8200,5.3857
2021-05-04,112.3021,1.2014,109.34,6.4749,1.2320,1.3873,1122.05,20.2560,2789876.6340,103.1392,73.8000,5.4490
2021-05-05,112.1639,1.2003,109.27,6.4749,1.2262,1.3913,1125.82,20.2160,2833357.9650,102.9811,73.8100,5.3648
2021-05-06,111.8525,1.2049,109.17,6.4635,1.2192,1.3880,1121.94,20.1770,2859158.7080,102.6328,73.6400,5.2804
2021-05-07,111.0372,1.2165,108.52,6.4310,1.2137,1.4000,1121.06,19.9010,2854833.4530,101.8363,73.2700,5.2140
2021-05-10,110.8030,1.2170,108.70,6.4156,1.2085,1.4153,1112.28,19.8700,2840490.4100,101.5861,73.4100,5.2244
2021-05-11,110.9040,1.2169,108.53,6.4285,1.2092,1.4149,1119.38,19.8550,2829478.2130,101.6256,73.3900,5.2124
2021-05-12,111.5762,1.2074,109.53,6.4566,1.2104,1.4081,1124.33,20.1160,2817817.6300,102.2366,73.5300,5.2529
2021-05-13,111.6079,1.2070,109.56,6.4506,1.2147,1.4033,1130.35,20.0460,2827947.4770,102.3777,73.4800,5.2793
2021-05-14,111.1476,1.2141,109.37,6.4367,1.2114,1.4096,1126.76,19.8600,2902569.7520,101.9282,73.2300,5.2574
2021-05-17,111.0913,1.2155,109.17,6.4388,1.2073,1.4127,1136.03,19.8000,2959262.2580,101.7399,73.3000,5.2594
2021-05-18,110.8446,1.2203,109.01,6.4250,1.2061,1.4184,1129.67,19.8280,2924619.5300,101.4591,73.0400,5.2359
2021-05-19,110.8933,1.2216,108.76,6.4342,1.2089,1.4169,1128.18,19.8000,2947457.2500,101.4906,73.2000,5.2650
2021-05-20,110.8741,1.2225,108.79,6.4339,1.2049,1.4182,1127.74,19.8770,3019361.9420,101.3348,73.0300,5.2831
2021-05-21,111.0714,1.2178,108.94,6.4339,1.2072,1.4158,1126.59,19.9400,3042400.7740,101.6020,72.8200,5.3235
2021-05-24,110.9254,1.2210,108.81,6.4177,1.2082,1.4147,1125.28,19.8630,3037517.0850,101.4969,72.8600,5.3223
2021-05-25,110.8557,1.2233,108.95,6.4100,1.2069,1.4123,1123.21,19.8880,3046213.2500,101.4133,72.7800,5.3060
2021-05-26,110.8814,1.2204,109.10,6.3905,1.2111,1.4129,1117.63,19.8940,3047911.1210,101.6264,72.7100,5.3062
2021-05-27,110.8829,1.2194,109.81,6.3824,1.2075,1.4172,1117.47,19.9700,3062607.1260,101.6241,72.5900,5.2642
2021-05-28,110.7711,1.2194,109.83,6.3674,1.2087,1.4188,1114.48,19.9300,3059039.2640,101.6678,72.4200,5.2187
2021-05-31,,,,,,,,,,,,
2021-06-01,110.5179,1.2241,109.43,6.3796,1.2031,1.4168,1106.43,19.8970,3107977.1100,101.2941,72.8300,5.1631
2021-06-02,110.5924,1.2213,109.59,6.3805,1.2047,1.4177,1110.37,19.8950,3107405.4270,101.4606,72.9700,5.0743
2021-06-03,111.1905,1.2122,110.28,6.4036,1.2116,1.4099,1117.63,20.0650,3107977.0000,102.1566,73.0100,5.0777
2021-06-04,110.7645,1.2173,109.42,6.3945,1.2088,1.4175,1112.03,19.9270,3107977.0000,101.6855,72.8700,5.0670
2021-06-07,110.5275,1.2200,109.25,6.3963,1.2062,1.4179,1111.01,19.7800,3106132.5570,101.4880,72.8000,5.0190
2021-06-08,110.6608,1.2180,109.47,6.4000,1.2101,1.4146,1116.43,19.7720,3103263.4440,101.6979,72.9300,5.0383
2021-06-09,110.5820,1.2184,109.61,6.3865,1.2102,1.4124,1116.58,19.6860,3119881.3570,101.7163,72.9800,5.0651
2021-06-10,110.5570,1.2173,109.49,6.3929,1.2095,1.4165,1114.17,19.6750,3115611.6430,101.6817,73.1000,5.0672
2021-06-11,111.1052,1.2101,109.75,6.3967,1.2162,1.4114,1116.57,19.9610,3125807.7830,102.2090,73.2400,5.1299
2021-06-14,110.9779,1.2126,109.98,6.3979,1.2131,1.4116,1117.57,19.9150,3112623.3510,102.0641,73.1600,5.0567
2021-06-15,111.3634,1.2120,110.12,6.4052,1.2202,1.4073,1118.33,20.1690,3129724.8750,102.3088,73.3500,5.0911
2021-06-16,111.1287,1.2119,109.88,6.3969,1.2165,1.4110,1118.42,20.0440,3105259.9720,102.1653,73.3100,4.9991
2021-06-17,112.5881,1.1911,110.28,6.4477,1.2353,1.3916,1130.14,20.4680,3097272.0000,103.7295,74.1600,5.0244
2021-06-18,113.0517,1.1872,110.21,6.4525,1.2437,1.3817,1135.28,20.6710,3106022.6570,104.1912,74.1400,5.0405
2021-06-21,112.8506,1.1909,110.22,6.4659,1.2370,1.3915,1134.19,20.5970,3130752.3130,103.7877,74.1800,5.0306
2021-06-22,112.9290,1.1910,110.75,6.4811,1.2364,1.3921,1137.07,20.5830,3139428.8830,103.8298,74.3700,4.9994
2021-06-23,112.3931,1.1950,110.86,6.4727,1.2286,1.3977,1133.89,20.2600,3170570.7860,103.4298,74.1300,4.9518
2021-06-24,112.3357,1.1927,110.91,6.4701,1.2337,1.3907,1131.50,20.0440,3175454.9760,103.7047,74.1400,4.9169
2021-06-25,111.9742,1.1940,110.78,6.4545,1.2293,1.3899,1127.36,19.7930,3175455.0000,103.5327,74.1400,4.9245
2021-06-28,112.0330,1.1938,110.50,6.4555,1.2325,1.3895,1130.29,19.7800,3188910.7550,103.6047,74.2900,4.9451
2021-06-29,112.2692,1.1905,110.53,6.4635,1.2378,1.3845,1131.68,19.8020,3188910.7500,103.9196,74.2900,4.9378
2021-06-30,112.5613,1.1848,111.05,6.4566,1.2404,1.3806,1130.42,19.9060,3196069.3180,104.3198,74.3300,5.0083
2021-07-01,112.7484,1.1857,111.56,6.4679,1.2405,1.3780,1134.37,19.9870,3212546.8570,104.3750,74.5600,5.0339
2021-07-02,112.5507,1.1848,111.28,6.4721,1.2346,1.3795,1132.42,19.8440,3238205.0970,104.1940,74.5100,5.0431
2021-07-05,,,,,,,,,,,,
2021-07-06,112.9602,1.1816,110.66,6.4786,1.2466,1.3792,1137.17,19.9840,3238205.0000,104.5449,74.5800,5.1803
2021-07-07,113.1136,1.1803,110.62,6.4718,1.2506,1.3792,1141.26,19.9870,3235599.4350,104.6953,74.8100,5.2678
2021-07-08,113.0863,1.1840,109.82,6.4898,1.2533,1.3767,1147.96,19.9650,3239203.6610,104.4943,74.7600,5.2336
2021-07-09,112.8468,1.1861,110.18,6.4788,1.2476,1.3842,1145.08,19.8810,3252526.1560,104.2526,74.5300,5.2579
2021-07-12,112.7701,1.1858,110.36,6.4751,1.2455,1.3886,1146.29,19.8440,3267735.5760,104.1997,74.5600,5.1939
2021-07-13,113.0153,1.1813,110.36,6.4685,1.2511,1.3847,1146.29,19.9910,3282856.1560,104.5416,74.5100,5.1544
2021-07-14,112.8885,1.1826,110.03,6.4688,1.2521,1.3854,1147.43,19.8920,3313353.3800,104.4696,74.5400,5.0861
2021-07-15,113.0122,1.1806,110.05,6.4600,1.2575,1.3849,1141.21,19.9280,3383172.7820,104.7147,74.5500,5.1180
2021-07-16,113.0504,1.1810,110.13,6.4785,1.2586,1.3785,1139.35,19.8380,3434786.2390,104.7973,74.6100,5.0922
2021-07-19,113.5547,1.1804,109.45,6.4893,1.2752,1.3690,1147.17,20.0000,3539413.1400,105.2123,74.8500,5.2100
2021-07-20,113.7582,1.1776,109.92,6.4845,1.2724,1.3615,1150.45,20.1470,3609465.9300,105.3976,74.6000,5.2190
2021-07-21,113.4018,1.1799,110.22,6.4664,1.2538,1.3695,1153.03,20.1530,3637813.6680,104.8143,74.4900,5.2313
2021-07-22,113.4788,1.1771,110.10,6.4700,1.2578,1.3750,1149.99,20.1934,3703417.7500,104.9616,74.4600,5.2071
2021-07-23,113.4486,1.1761,110.52,6.4808,1.2580,1.3749,1153.53,20.0300,3764258.9820,105.0627,74.4400,5.1766
2021-07-26,113.2335,1.1810,110.31,6.4825,1.2540,1.3829,1154.75,20.0100,3775192.2010,104.6528,74.3500,5.1720
2021-07-27,113.2321,1.1831,109.64,6.5104,1.2579,1.3884,1156.32,19.9750,3876098.5080,104.5405,74.5000,5.1603
2021-07-28,113.1899,1.1809,110.06,6.4905,1.2563,1.3884,1156.27,19.9410,3978871.1180,104.6368,74.5200,5.1547
2021-07-29,112.4927,1.1886,109.53,6.4562,1.2439,1.3966,1142.09,19.8590,4026542.3670,103.8737,74.2500,5.0497
2021-07-30,112.6808,1.1864,109.70,6.4609,1.2466,1.3913,1151.86,19.8460,3973215.6170,104.0945,74.3400,5.1411
2021-08-02,112.6784,1.1873,109.22,6.4620,1.2501,1.3886,1150.72,19.8560,4005606.6400,104.0974,74.3500,5.1251
2021-08-03,112.8331,1.1859,109.09,6.4700,1.2550,1.3905,1149.45,19.8960,4008446.0080,104.2246,74.2500,5.2362
2021-08-04,112.9060,1.1841,109.44,6.4655,1.2551,1.3912,1142.99,19.9690,4023021.7750,104.3376,74.1500,5.2362
2021-08-05,112.7780,1.1838,109.75,6.4608,1.2487,1.3929,1142.53,19.9252,4026104.3600,104.2185,74.1000,5.1750
2021-08-06,113.3192,1.1761,110.22,6.4825,1.2563,1.3873,1145.87,20.0180,4030682.7700,104.8448,74.1900,5.2236
2021-08-09,113.4625,1.1749,110.25,6.4857,1.2571,1.3852,1145.83,20.0670,4058650.9700,104.9736,74.3100,5.2861
2021-08-10,113.5072,1.1722,110.54,6.4852,1.2531,1.3840,1152.50,20.0860,4070177.1320,105.0451,74.5000,5.1931
2021-08-11,113.2917,1.1737,110.47,6.4783,1.2513,1.3866,1156.09,19.9560,4084265.7690,104.9004,74.2500,5.2030
2021-08-12,113.2780,1.1736,110.36,6.4782,1.2518,1.3833,1162.78,19.8910,4106762.0080,104.9490,74.3100,5.2352
2021-08-13,113.0708,1.1796,109.75,6.4768,1.2512,1.3857,1168.36,19.8620,4103082.2620,104.5639,74.2400,5.2345
2021-08-16,113.1790,1.1776,109.26,6.4742,1.2570,1.3849,1166.78,19.8850,4125149.3660,104.7088,74.1900,5.2466
2021-08-17,113.6263,1.1714,109.59,6.4854,1.2622,1.3739,1177.08,19.9830,4100221.7540,105.2340,74.3800,5.2538
2021-08-18,113.7050,1.1702,109.92,6.4841,1.2638,1.3749,1170.18,20.0110,4119839.4440,105.3735,74.2700,5.3421
2021-08-19,114.1195,1.1693,109.75,6.4942,1.2790,1.3673,1173.89,20.1110,4075158.8190,105.8255,74.3800,5.4027
2021-08-20,114.5108,1.1690,109.77,6.5012,1.2853,1.3625,1180.40,20.4250,4111917.8230,106.0403,74.3500,5.3990
2021-08-23,113.9526,1.1732,109.78,6.4805,1.2666,1.3717,1169.73,20.3640,4113155.6570,105.3157,74.1200,5.3840
2021-08-24,113.6899,1.1746,109.68,6.4710,1.2615,1.3716,1165.43,20.3180,4119336.7640,105.1109,74.1300,5.2771
2021-08-25,113.6424,1.1758,110.03,6.4756,1.2624,1.3723,1164.24,20.2660,4111348.6030,105.1227,74.2300,5.2470
2021-08-26,113.7986,1.1761,110.09,6.4809,1.2654,1.3712,1169.88,20.3570,4136932.2650,105.2326,74.1300,5.2428
2021-08-27,113.3511,1.1794,109.84,6.4711,1.2613,1.3769,1162.50,20.2020,4129510.6070,104.8760,73.4700,5.1956
2021-08-30,113.2560,1.1795,109.91,6.4658,1.2606,1.3758,1166.33,20.1270,4123962.3030,104.9120,73.2900,5.1921
2021-08-31,113.1175,1.1800,110.05,6.4604,1.2629,1.3747,1158.32,20.0740,4134141.5970,104.9597,72.9500,5.1405
2021-09-01,112.8832,1.1850,110.03,6.4586,1.2615,1.3790,1156.03,19.9640,4116706.6650,104.6740,72.9900,5.1809
2021-09-02,112.7966,1.1858,110.01,6.4560,1.2559,1.3825,1160.95,19.9670,4089857.9600,104.4838,72.9900,5.1640
2021-09-03,112.5580,1.1884,109.64,6.4528,1.2524,1.3862,1155.44,19.8890,4076918.5830,104.2055,72.9800,5.1692
2021-09-06,,,,,,,,,,,,
2021-09-07,112.9892,1.1849,110.17,6.4662,1.2622,1.3792,1162.88,19.9440,4062683.9570,104.7204,73.4400,5.1692
2021-09-08,113.2414,1.1818,110.32,6.4612,1.2681,1.3761,1166.21,19.9370,4061686.5800,105.0540,73.8400,5.2843
2021-09-09,113.0530,1.1827,109.76,6.4547,1.2648,1.3855,1169.61,19.9300,4060251.6350,104.7713,73.5200,5.2764
2021-09-10,112.9519,1.1821,109.93,6.4440,1.2636,1.3847,1169.63,19.8640,4074338.3220,104.8025,73.5200,5.2169
2021-09-13,113.0432,1.1809,109.94,6.4511,1.2643,1.3844,1173.33,19.8680,4047384.8300,104.8879,73.5800,5.2073
2021-09-14,113.0151,1.1824,109.66,6.4382,1.2663,1.3848,1170.71,19.8980,3986022.9930,104.8394,73.6400,5.2235
2021-09-15,112.9862,1.1811,109.40,6.4320,1.2653,1.3837,1168.58,19.8980,4021575.1740,104.8488,73.4700,5.2550
2021-09-16,113.3122,1.1764,109.67,6.4566,1.2679,1.3785,1171.23,19.9370,4013219.3990,105.2086,73.5600,5.2535
2021-09-17,113.6074,1.1734,109.94,6.4655,1.2738,1.3755,1175.34,19.9841,4038491.8620,105.5588,73.6400,5.2950
2021-09-20,113.9511,1.1729,109.47,6.4651,1.2818,1.3656,1186.73,20.1610,4031725.8630,105.7747,73.6500,5.3266
2021-09-21,113.8266,1.1724,109.33,6.4651,1.2789,1.3663,1185.15,20.1170,4031725.7500,105.6738,73.7100,5.2895
2021-09-22,113.6310,1.1739,109.59,6.4611,1.2733,1.3669,1182.41,20.0130,4036778.1250,105.4931,73.8000,5.2715
2021-09-23,113.5224,1.1735,110.17,6.4590,1.2662,1.3745,1173.48,20.0250,4036778.1250,105.3511,73.7000,5.2917
2021-09-24,113.7694,1.1715,110.72,6.4660,1.2672,1.3681,1176.53,20.0940,4022048.2500,105.5766,73.8100,5.3404
2021-09-27,113.7532,1.1702,110.97,6.4560,1.2643,1.3712,1175.90,20.0935,4093957.4440,105.5657,73.8600,5.3571
2021-09-28,114.2571,1.1681,111.33,6.4595,1.2692,1.3537,1183.61,20.3310,4132370.2210,105.9703,74.2100,5.4279
2021-09-29,114.7191,1.1612,111.83,6.4702,1.2750,1.3439,1181.75,20.4910,4128271.0160,106.5565,74.2800,5.4062
2021-09-30,114.6504,1.1577,111.50,6.4434,1.2673,1.3470,1183.70,20.5620,4171327.3820,106.4321,74.1600,5.4528
2021-10-01,114.3899,1.1598,110.97,6.4434,1.2657,1.3572,1187.24,20.4910,4133444.2500,106.1310,74.1500,5.3674
2021-10-04,114.2847,1.1622,110.94,6.4434,1.2571,1.3602,1182.40,20.5340,4.1713,105.7699,74.4600,5.4333
2021-10-05,114.3767,1.1609,111.39,6.4434,1.2562,1.3640,1188.31,20.5620,4.1651,105.8308,74.5100,5.4633
2021-10-06,114.7292,1.1546,111.33,6.4434,1.2612,1.3569,1192.60,20.6460,4.1840,106.2614,74.8200,5.5130
2021-10-07,114.5156,1.1561,111.50,6.4434,1.2546,1.3634,1190.76,20.5930,4.1551,105.9927,74.8500,5.5073
2021-10-08,114.6108,1.1572,112.15,6.4435,1.2477,1.3630,1194.58,20.7460,4.1447,105.8568,75.0500,5.5178
2021-10-11,,,,,,,,,,,,
2021-10-12,114.7667,1.1541,113.69,6.4485,1.2439,1.3605,1198.72,20.7680,4.1528,106.0737,75.4600,5.5320
2021-10-13,114.4827,1.1568,113.49,6.4262,1.2448,1.3645,1193.89,20.6480,4.1528,105.9005,75.3300,5.5525
2021-10-14,114.2181,1.1591,113.59,6.4380,1.2362,1.3684,1186.30,20.5920,4.1711,105.5429,75.1800,5.5048
2021-10-15,114.1033,1.1594,114.31,6.4340,1.2387,1.3756,1182.34,20.4520,4.1515,105.6186,74.9800,5.4457
2021-10-18,114.0022,1.1609,114.22,6.4290,1.2362,1.3726,1187.55,20.3160,4.1289,105.5163,75.3200,5.5211
2021-10-19,113.6595,1.1632,114.27,6.3822,1.2354,1.3807,1175.32,20.2670,4.1406,105.3249,75.0600,5.5525
2021-10-20,113.5210,1.1643,114.24,6.3936,1.2328,1.3821,1175.05,20.1690,4.1460,105.1713,74.8300,5.5476
2021-10-21,113.6322,1.1643,113.75,6.3925,1.2339,1.3812,1177.25,20.2690,4.1641,105.1410,74.8000,5.6455
2021-10-22,113.6828,1.1632,113.54,6.3839,1.2385,1.3741,1176.85,20.2120,4.2006,105.3231,74.8700,5.7223
2021-10-25,113.6172,1.1609,113.70,6.3856,1.2373,1.3773,1167.59,20.2110,4.2282,105.3850,75.0500,5.6009
2021-10-26,113.6863,1.1590,114.19,6.3820,1.2388,1.3772,1167.58,20.2190,4.2621,105.5547,74.9000,5.5833
2021-10-27,113.6342,1.1600,113.75,6.3915,1.2337,1.3739,1171.19,20.2200,4.2837,105.3471,75.0100,5.5812
2021-10-28,113.4530,1.1685,113.38,6.3917,1.2348,1.3804,1167.34,20.3320,4.3136,104.9094,74.7700,5.6120
2021-10-29,114.1490,1.1552,114.03,6.4050,1.2397,1.3686,1174.94,20.5510,4.3771,105.7267,75.0000,5.6291
2021-11-01,114.2231,1.1591,114.19,6.3972,1.2355,1.3679,1177.73,20.8510,4.3670,105.4392,74.8300,5.6795
2021-11-02,114.2997,1.1581,113.78,6.3995,1.2420,1.3612,1177.04,20.7500,4.3826,105.7139,74.6300,5.6795
2021-11-03,114.3754,1.1584,114.06,6.4061,1.2416,1.3659,1184.56,20.8270,4.3987,105.6671,74.5100,5.6188
2021-11-04,114.3700,1.1546,113.63,6.3970,1.2462,1.3494,1186.77,20.6290,4.4277,106.0156,74.5300,5.5877
2021-11-05,114.0865,1.1554,113.45,6.3961,1.2439,1.3491,1183.28,20.4250,4.4123,105.9170,74.2200,5.5335
2021-11-08,113.8391,1.1590,113.15,6.3902,1.2441,1.3563,1180.64,20.3360,4.4123,105.6905,73.9100,5.5455
2021-11-09,113.7746,1.1589,112.87,6.3916,1.2457,1.3551,1178.64,20.2800,4.4267,105.7221,74.1000,5.5020
2021-11-10,114.1611,1.1517,113.89,6.3882,1.2447,1.3470,1181.16,20.4680,4.4390,106.1912,74.2600,5.4709
2021-11-11,,,,,,,,,,,,
2021-11-12,114.5263,1.1443,113.90,6.3787,1.2558,1.3412,1179.23,20.5190,4.4612,106.8406,74.4000,5.4341
2021-11-15,114.6003,1.1421,113.96,6.3824,1.2515,1.3444,1181.61,20.6270,4.4696,106.7969,74.3500,5.4575
2021-11-16,115.1490,1.1333,114.62,6.3919,1.2562,1.3429,1183.30,20.8230,4.4771,107.4224,74.4800,5.4980
2021-11-17,115.0390,1.1322,114.33,6.3775,1.2594,1.3488,1182.40,20.6910,4.5130,107.4661,74.2800,5.5082
2021-11-18,115.0811,1.1358,114.22,6.3851,1.2629,1.3489,1183.42,20.7270,4.5174,107.3836,74.2500,5.5485
2021-11-19,115.2318,1.1318,113.81,6.3863,1.2631,1.3474,1184.93,20.7990,4.5746,107.5195,74.2500,5.5728
2021-11-22,115.6615,1.1260,114.69,6.3842,1.2684,1.3412,1185.33,20.9720,4.5321,108.0591,74.3700,5.5860
2021-11-23,116.0260,1.1265,114.98,6.3910,1.2712,1.3388,1190.31,21.2390,4.5804,108.1896,74.4900,5.6485
2021-11-24,116.2855,1.1196,115.34,6.3917,1.2657,1.3332,1186.01,21.3970,4.5319,108.4569,74.5700,5.5937
2021-11-25,,,,,,,,,,,,
2021-11-26,116.5259,1.1302,113.46,6.3924,1.2756,1.3322,1194.43,21.8530,4.5713,108.0161,74.8900,5.5903
2021-11-29,116.5960,1.1261,113.75,6.3875,1.2792,1.3291,1192.96,21.7300,4.6039,108.3301,75.1200,5.6233
2021-11-30,116.2206,1.1287,113.22,6.3640,1.2812,1.3252,1187.45,21.4530,4.5963,108.2315,75.1000,5.6569
2021-12-01,115.9026,1.1323,112.82,6.3641,1.2778,1.3308,1187.45,21.3050,4.6100,107.8896,74.8300,5.6355
2021-12-02,116.0313,1.1306,113.10,6.3763,1.2814,1.3305,1175.18,21.3090,4.6206,108.0897,74.8900,5.6272
2021-12-03,116.2511,1.1308,112.88,6.3758,1.2833,1.3234,1179.84,21.4390,4.6360,108.1912,75.2400,5.6773
2021-12-06,116.1663,1.1282,113.31,6.3756,1.2785,1.3252,1182.29,21.2220,4.6264,108.2469,75.3900,5.6820
2021-12-07,115.8676,1.1247,113.61,6.3657,1.2651,1.3236,1179.24,21.0470,4.6217,108.0959,75.4300,5.6294
2021-12-08,115.4541,1.1330,113.83,6.3435,1.2653,1.3236,1175.19,20.9590,4.6166,107.7356,75.4000,5.5395
2021-12-09,115.7904,1.1285,113.53,6.3772,1.2698,1.3188,1173.59,21.0120,4.6263,108.0674,75.5800,5.5838
2021-12-10,115.5852,1.1312,113.36,6.3685,1.2706,1.3262,1180.99,20.8730,4.6237,107.8458,75.6600,5.5991
2021-12-13,115.8538,1.1298,113.42,6.3659,1.2795,1.3233,1184.19,20.9540,4.6266,108.1711,75.7800,5.6598
2021-12-14,116.2520,1.1267,113.63,6.3671,1.2858,1.3225,1182.70,21.1980,4.6295,108.5030,75.9800,5.6713
2021-12-15,116.4342,1.1261,113.83,6.3673,1.2916,1.3214,1186.06,21.2300,4.6096,108.6984,76.3800,5.7099
2021-12-16,115.7267,1.1309,113.67,6.3674,1.2772,1.3325,1183.59,20.8720,4.5956,107.9984,76.1800,5.6652
2021-12-17,115.8022,1.1277,113.56,6.3748,1.2830,1.3269,1181.03,20.7310,4.6016,108.3232,75.9800,5.6754
2021-12-20,116.0206,1.1298,113.45,6.3756,1.2941,1.3222,1191.07,20.7380,4.6042,108.5246,75.8200,5.7220
2021-12-21,116.1208,1.1272,114.11,6.3716,1.2927,1.3253,1192.35,20.8060,4.5886,108.6657,75.6700,5.7475
2021-12-22,115.7612,1.1324,114.22,6.3695,1.2844,1.3345,1190.21,20.7490,4.5895,108.1389,75.4500,5.7017
2021-12-23,115.5469,1.1320,114.42,6.3696,1.2809,1.3410,1187.59,20.6480,4.5714,108.0220,75.0200,5.6821
2021-12-24,,,,,,,,,,,,
2021-12-27,115.4821,1.1329,114.85,6.3705,1.2797,1.3438,1186.82,20.6760,4.5772,107.9772,74.9700,5.6401
2021-12-28,115.4327,1.1314,114.75,6.3684,1.2814,1.3432,1188.15,20.5810,4.5588,108.0574,74.6700,5.6372
2021-12-29,115.3819,1.1337,114.97,6.3680,1.2810,1.3475,1185.51,20.5830,4.5672,107.9314,74.5800,5.6915
2021-12-30,115.2969,1.1318,115.17,6.3726,1.2777,1.3500,1188.59,20.5140,4.5782,107.9205,74.3900,5.5749
2021-12-31,,,,,,,,,,,,
2022-01-03,115.4243,1.1290,115.27,6.3550,1.2757,1.3469,1191.39,20.5700,4.5840,108.0873,74.3200,5.6597
2022-01-04,115.3263,1.1296,116.12,6.3721,1.2697,1.3544,1193.77,20.5010,4.5762,107.9024,74.5200,5.6770
2022-01-05,115.1524,1.1335,115.91,6.3640,1.2700,1.3573,1196.38,20.4390,4.5924,107.7052,74.3100,5.6876
2022-01-06,115.4189,1.1307,115.78,6.3822,1.2725,1.3539,1205.02,20.4350,4.5886,107.9605,74.4000,5.7027
2022-01-07,115.0596,1.1358,115.61,6.3769,1.2643,1.3583,1200.78,20.3970,4.6105,107.4947,74.2700,5.6253
2022-01-10,115.2350,1.1328,115.14,6.3756,1.2679,1.3567,1199.13,20.4550,4.6249,107.7175,74.0600,5.6788
2022-01-11,114.8467,1.1363,115.38,6.3735,1.2598,1.3622,1194.62,20.3530,4.6163,107.3420,73.8100,5.5980
2022-01-12,114.3713,1.1431,114.74,6.3580,1.2501,1.3698,1187.34,20.3670,4.6327,106.6053,73.7700,5.5541
2022-01-13,114.1934,1.1464,114.06,6.3595,1.2482,1.3724,1187.95,20.3600,4.6264,106.3075,73.9600,5.5122
2022-01-14,114.3968,1.1414,113.89,6.3524,1.2549,1.3670,1186.96,20.3160,4.6243,106.7478,74.0800,5.5393
2022-01-17,,,,,,,,,,,,
2022-01-18,114.7513,1.1336,114.60,6.3525,1.2535,1.3588,1192.74,20.3780,4.6301,107.2110,74.5600,5.5329
2022-01-19,114.6254,1.1346,114.28,6.3447,1.2499,1.3625,1188.51,20.4700,4.6178,106.9977,74.3900,5.4668
2022-01-20,114.4779,1.1336,114.08,6.3406,1.2462,1.3642,1191.96,20.4230,4.6249,106.9030,74.3200,5.4052
2022-01-21,114.6261,1.1346,113.72,6.3385,1.2542,1.3562,1193.87,20.4680,4.6040,107.0887,74.2800,5.4225
2022-01-24,115.2165,1.1310,113.82,6.3304,1.2688,1.3447,1195.68,20.6590,4.5955,107.7536,74.7200,5.5116
2022-01-25,115.1779,1.1283,113.88,6.3257,1.2637,1.3495,1198.66,20.6770,4.5765,107.7211,74.7300,5.4818
2022-01-26,115.1044,1.1279,114.33,6.3206,1.2597,1.3516,1197.46,20.6480,4.5796,107.6712,74.8700,5.4366
2022-01-27,115.9874,1.1141,115.47,6.3677,1.2709,1.3385,1202.65,20.7600,4.5722,108.8531,75.1800,5.4252
2022-01-28,116.0490,1.1160,115.21,6.3605,1.2753,1.3417,1209.04,20.8340,4.5642,108.8398,75.0000,5.3943
2022-01-31,115.5742,1.1212,115.22,6.3610,1.2694,1.3439,1206.78,20.6370,4.5378,108.4372,74.6000,5.2893
2022-02-01,115.3775,1.1239,114.77,6.3610,1.2688,1.3505,1209.44,20.5690,4.5263,108.1369,74.7800,5.2812
2022-02-02,115.1643,1.1299,114.36,6.3610,1.2689,1.3565,1201.70,20.5898,4.5162,107.7727,74.7700,5.2787
2022-02-03,114.9175,1.1425,114.88,6.3610,1.2679,1.3602,1206.35,20.5540,4.5135,107.2703,74.7100,5.3047
2022-02-04,115.1473,1.1455,115.22,6.3610,1.2759,1.3543,1199.43,20.7180,4.5150,107.4803,74.6100,5.3266
2022-02-07,115.0209,1.1434,115.09,6.3610,1.2685,1.3533,1198.64,20.6440,4.5106,107.3634,74.6800,5.2922
2022-02-08,115.0999,1.1416,115.62,6.3660,1.2709,1.3552,1198.05,20.6360,4.4955,107.5213,74.7100,5.2712
2022-02-09,114.8329,1.1435,115.44,6.3619,1.2675,1.3540,1196.36,20.5000,4.4830,107.3222,74.8000,5.2641
2022-02-10,114.5618,1.1487,115.84,6.3526,1.2647,1.3636,1196.31,20.4330,4.4795,107.0082,75.0700,5.1978
2022-02-11,114.8489,1.1404,115.91,6.3540,1.2678,1.3601,1198.72,20.4060,4.4540,107.4915,75.3400,5.2015
2022-02-14,115.2008,1.1306,115.72,6.3567,1.2732,1.3516,1196.21,20.4020,4.4525,108.0951,75.6300,5.2153
2022-02-15,114.9357,1.1363,115.64,6.3385,1.2742,1.3539,1199.78,20.3630,4.4299,107.8363,75.2000,5.1807
2022-02-16,114.6954,1.1381,115.41,6.3366,1.2687,1.3585,1197.51,20.3120,4.4301,107.5376,75.0300,5.1584
2022-02-17,114.6820,1.1364,115.03,6.3381,1.2696,1.3624,1197.39,20.2850,4.4258,107.5458,75.0200,5.1599
2022-02-18,114.8036,1.1327,115.08,6.3251,1.2748,1.3585,1195.40,20.2990,4.3922,107.8712,74.6300,5.1219
2022-02-21,,,,,,,,,,,,
2022-02-22,114.7054,1.1342,114.94,6.3260,1.2736,1.3597,1192.07,20.2820,4.3968,107.7242,74.6500,5.0611
2022-02-23,114.6718,1.1316,115.12,6.3134,1.2717,1.3555,1193.42,20.2450,4.3318,107.8153,74.6000,5.0181
2022-02-24,115.9478,1.1154,115.45,6.3283,1.2840,1.3360,1202.34,20.6430,4.3769,109.0786,75.6100,5.1248
2022-02-25,115.2633,1.1261,115.62,6.3169,1.2740,1.3407,1201.93,20.4150,4.3695,108.3445,75.0900,5.1515
2022-02-28,115.2317,1.1224,115.11,6.3084,1.2662,1.3419,1202.28,20.4030,4.3749,108.1640,75.4900,5.1599
2022-03-01,115.8062,1.1103,114.87,6.3116,1.2709,1.3318,1204.34,20.5790,4.3750,108.8555,75.7900,5.1595
2022-03-02,115.7727,1.1102,115.59,6.3210,1.2657,1.3365,1205.58,20.6190,4.3749,108.7867,75.6100,5.1511
2022-03-03,115.9592,1.1053,115.67,6.3195,1.2675,1.3326,1204.35,20.7140,4.3568,109.0582,75.9400,5.0551
2022-03-04,116.6610,1.0912,114.65,6.3188,1.2760,1.3214,1213.71,20.9360,4.3575,109.8043,76.4200,5.0867
2022-03-07,117.3406,1.0860,115.41,6.3194,1.2772,1.3115,1226.78,21.2360,4.3158,110.3104,76.9100,5.0841
2022-03-08,117.6281,1.0881,115.64,6.3178,1.2893,1.3101,1237.18,21.3960,4.3194,110.5887,77.0700,5.0874
2022-03-09,116.6057,1.1069,115.87,6.3174,1.2812,1.3160,1234.01,20.9520,4.3212,109.5015,76.3600,4.9932
2022-03-10,116.7500,1.1007,116.05,6.3212,1.2772,1.3108,1228.21,20.9740,4.3169,109.7279,76.3700,5.0424
2022-03-11,117.0294,1.0937,117.08,6.3389,1.2723,1.3063,1231.47,20.9640,4.3196,110.0996,76.4800,5.0513
2022-03-14,117.1594,1.0979,118.00,6.3645,1.2774,1.3044,1241.46,20.9060,4.2127,110.1942,76.4500,5.0834
2022-03-15,117.2533,1.0974,118.19,6.3696,1.2806,1.3065,1242.65,20.8850,4.2317,110.3528,76.4100,5.1424
2022-03-16,116.8135,1.0996,118.48,6.3510,1.2742,1.3096,1228.04,20.7280,4.2590,110.0681,76.1700,5.1083
2022-03-17,116.0544,1.1110,118.45,6.3459,1.2637,1.3159,1214.33,20.5510,4.2797,109.1826,75.9400,5.0427
2022-03-18,116.1447,1.1044,119.17,6.3609,1.2633,1.3169,1212.20,20.4040,4.2843,109.4959,76.0300,5.0165
2022-03-21,115.9467,1.1048,119.15,6.3552,1.2580,1.3201,1216.12,20.2860,4.2980,109.2959,76.1900,4.9477
2022-03-22,116.0888,1.1022,120.66,6.3660,1.2604,1.3258,1217.09,20.2650,4.2873,109.5697,76.0600,4.9365
2022-03-23,116.0101,1.1001,121.02,6.3720,1.2555,1.3212,1217.92,20.1700,4.2983,109.5887,76.4600,4.8479
2022-03-24,115.9651,1.1006,122.08,6.3670,1.2532,1.3183,1220.45,20.1200,4.3161,109.6243,76.1800,4.8202
2022-03-25,115.7953,1.0985,121.98,6.3658,1.2512,1.3193,1218.77,19.9400,4.3310,109.6504,76.2500,4.7577
2022-03-28,116.1953,1.0977,123.25,6.3714,1.2550,1.3091,1225.46,20.1400,4.3533,110.0318,76.0600,4.7917
2022-03-29,115.5720,1.1104,122.61,6.3635,1.2513,1.3125,1219.21,20.0120,4.3584,109.2611,75.5800,4.7554
2022-03-30,115.0857,1.1163,121.97,6.3470,1.2495,1.3149,1208.46,19.8330,4.3589,108.8379,75.7600,4.7695
2022-03-31,115.2254,1.1093,121.44,6.3393,1.2482,1.3152,1211.55,19.9110,4.3662,109.0358,75.8700,4.7264
2022-04-01,115.4835,1.1043,122.60,6.3625,1.2507,1.3114,1215.29,19.8370,4.3695,109.4827,75.9600,4.6944
2022-04-04,115.4121,1.0992,122.70,6.3619,1.2491,1.3116,1214.72,19.7450,4.3972,109.6468,75.4200,4.6195
2022-04-05,115.7328,1.0921,123.48,6.3619,1.2452,1.3101,1212.55,19.9320,4.4015,109.9434,75.3100,4.6592
2022-04-06,116.0020,1.0913,123.70,6.3590,1.2502,1.3082,1212.55,20.0450,4.4078,110.1818,75.9200,4.6892
2022-04-07,116.3541,1.0900,123.80,6.3600,1.2592,1.3060,1218.96,20.1600,4.4014,110.5218,75.9000,4.7619
2022-04-08,116.4200,1.0874,124.31,6.3643,1.2577,1.3032,1225.13,20.0770,4.4079,110.6704,75.9300,4.7495
2022-04-11,116.5423,1.0875,125.55,6.3692,1.2622,1.3033,1233.38,20.0100,4.4111,110.9012,75.8500,4.7031
2022-04-12,116.3870,1.0852,125.25,6.3651,1.2609,1.3031,1236.03,19.8410,4.4137,110.9106,76.0200,4.6705
2022-04-13,116.2793,1.0874,125.51,6.3678,1.2595,1.3072,1227.17,19.8020,4.4238,110.8203,76.1400,4.6840
2022-04-14,116.7552,1.0796,125.92,6.3775,1.2628,1.3052,1224.18,19.9900,4.4263,111.3698,76.1900,4.7070
2022-04-15,116.7011,1.0812,126.31,6.3705,1.2613,1.3066,1227.97,19.9530,4.4253,111.3014,76.3200,4.6965
2022-04-18,116.8427,1.0785,126.77,6.3630,1.2620,1.3019,1233.73,19.9311,4.4294,111.5497,76.2200,4.6772
2022-04-19,117.1322,1.0789,128.55,6.3930,1.2618,1.3009,1236.53,20.0500,4.4331,111.7262,76.3900,4.6689
2022-04-20,116.7325,1.0857,127.76,6.4188,1.2490,1.3055,1235.28,19.9990,4.4331,110.9482,76.2400,4.6171
2022-04-21,117.1454,1.0839,128.62,6.4500,1.2526,1.3042,1238.13,20.1650,4.4338,111.2907,76.2300,4.6220
2022-04-22,118.0205,1.0790,128.78,6.5010,1.2716,1.2848,1239.66,20.3120,4.4267,112.2423,76.4900,4.7675
2022-04-25,118.6298,1.0703,127.66,6.5585,1.2775,1.2698,1249.87,20.2560,4.4264,112.8602,76.7200,4.9410
2022-04-26,118.9658,1.0661,127.37,6.5552,1.2796,1.2617,1260.37,20.4340,4.4278,113.1665,76.6100,4.9850
2022-04-27,119.4720,1.0549,128.44,6.5595,1.2830,1.2547,1269.35,20.4480,4.4379,113.9908,76.6100,5.0058
2022-04-28,120.0703,1.0500,130.94,6.6243,1.2831,1.2443,1271.50,20.5610,4.4552,114.5932,76.6600,4.9973
2022-04-29,119.4936,1.0537,129.84,6.6080,1.2802,1.2565,1255.87,20.3590,4.4755,114.1194,76.4800,4.9325
2022-05-02,119.8827,1.0521,130.18,6.6079,1.2884,1.2523,1265.24,20.4310,4.4853,114.5291,76.4900,5.0275
2022-05-03,119.7037,1.0532,130.09,6.6079,1.2837,1.2510,1267.82,20.3460,4.4958,114.3552,76.4900,4.9999
2022-05-04,119.5567,1.0539,129.97,6.6079,1.2817,1.2487,1265.22,20.2260,4.5114,114.2966,76.2400,4.9962
2022-05-05,120.0043,1.0507,130.41,6.6535,1.2849,1.2334,1256.05,20.2910,4.5359,114.7753,76.5400,5.0481
2022-05-06,119.8544,1.0572,130.35,6.6651,1.2890,1.2344,1272.58,20.1110,4.5491,114.5495,76.9000,5.0626
2022-05-09,120.4949,1.0559,130.37,6.7295,1.2962,1.2335,1276.29,20.3020,4.5649,114.9120,77.4500,5.1235
2022-05-10,120.7716,1.0531,130.21,6.7343,1.3030,1.2313,1275.02,20.4030,4.5727,115.2516,77.3100,5.1510
2022-05-11,120.3896,1.0537,130.20,6.7186,1.2943,1.2317,1275.04,20.2540,4.5953,114.9386,77.2800,5.1042
2022-05-12,121.2730,1.0376,128.10,6.7860,1.3055,1.2198,1288.65,20.3060,4.6316,116.0047,77.3900,5.1368
2022-05-13,120.8379,1.0410,129.23,6.7880,1.2929,1.2242,1283.51,20.1270,4.7062,115.5740,77.4200,5.0801
2022-05-16,120.6812,1.0420,129.15,6.7852,1.2883,1.2270,1284.79,20.0570,4.7586,115.3809,77.8200,5.0645
2022-05-17,119.8816,1.0532,129.31,6.7361,1.2839,1.2468,1274.33,19.9730,4.7728,114.4753,77.4600,4.9546
2022-05-18,120.0220,1.0494,128.22,6.7540,1.2838,1.2396,1266.36,19.9930,4.7928,114.6008,77.7100,4.9720
2022-05-19,119.4244,1.0587,127.62,6.7109,1.2821,1.2504,1276.91,19.9250,4.8196,113.8212,77.4500,4.9035
2022-05-20,119.3617,1.0559,127.86,6.6921,1.2837,1.2492,1267.87,19.8630,4.8830,114.0507,77.7900,4.8618
2022-05-23,118.7120,1.0668,127.78,6.6490,1.2784,1.2571,1263.85,19.8280,4.9329,113.2518,77.5100,4.7934
2022-05-24,118.6208,1.0744,126.56,6.6530,1.2840,1.2544,1265.97,19.8790,4.9245,112.9116,77.5000,4.8275
2022-05-25,118.9561,1.0658,127.31,6.6916,1.2837,1.2539,1264.58,19.8370,4.9461,113.4105,77.5800,4.8498
2022-05-26,118.7671,1.0725,127.23,6.7380,1.2788,1.2582,1267.83,19.8010,5.0003,112.9145,77.6600,4.7824
2022-05-27,118.2796,1.0709,127.14,6.6980,1.2740,1.2613,1250.13,19.5750,5.0151,112.7772,77.5800,4.7255
2022-05-30,,,,,,,,,,,,
2022-05-31,118.0689,1.0731,128.53,6.6715,1.2639,1.2624,1236.93,19.6800,5.0214,112.5323,77.5900,4.7264
2022-06-01,118.6936,1.0646,130.09,6.6858,1.2670,1.2472,1246.52,19.7500,5.0522,113.3445,77.5900,4.8003
2022-06-02,118.0642,1.0733,129.83,6.6596,1.2587,1.2557,1252.03,19.5550,5.0779,112.5645,77.4100,4.7790
2022-06-03,118.2138,1.0721,130.71,6.6595,1.2581,1.2496,1242.23,19.6010,5.1080,112.7899,77.5900,4.7973
2022-06-06,118.3053,1.0699,131.55,6.6534,1.2570,1.2544,1253.52,19.5940,5.1384,112.9427,77.8300,4.7974
2022-06-07,118.4401,1.0697,132.53,6.6675,1.2550,1.2594,1255.32,19.6010,5.1410,112.9785,77.6600,4.8848
2022-06-08,118.3944,1.0740,134.06,6.6825,1.2524,1.2557,1253.50,19.5700,5.1482,112.9124,77.6500,4.8714
2022-06-09,118.9193,1.0656,134.06,6.6915,1.2651,1.2511,1256.91,19.6120,5.1850,113.7124,77.8400,4.8880
2022-06-10,119.9942,1.0521,134.19,6.7081,1.2782,1.2330,1268.01,19.9140,5.2403,114.9440,78.0800,4.9947
2022-06-13,121.1517,1.0436,134.12,6.7530,1.2851,1.2170,1283.69,20.4110,5.2403,115.7742,78.0800,5.0988
2022-06-14,121.6668,1.0416,134.89,6.7395,1.2933,1.2011,1285.87,20.6710,5.2468,116.3630,78.0100,5.1353
2022-06-15,121.6382,1.0388,134.50,6.7128,1.2970,1.2057,1290.05,20.6610,5.2977,116.4851,78.1200,5.1117
2022-06-16,120.6755,1.0531,131.65,6.7030,1.2925,1.2341,1286.76,20.5410,5.3508,114.8847,78.0000,5.0535
2022-06-17,121.2389,1.0473,135.14,6.7160,1.3054,1.2201,1287.36,20.4290,5.4073,116.0057,78.0000,5.1420
2022-06-20,,,,,,,,,,,,
2022-06-21,120.6460,1.0548,136.25,6.6880,1.2927,1.2277,1293.25,20.1950,5.4141,115.3041,78.0800,5.1333
2022-06-22,120.5232,1.0583,136.05,6.6983,1.2932,1.2280,1297.21,20.0470,5.4436,115.1218,78.2100,5.1563
2022-06-23,120.7646,1.0503,134.72,6.6980,1.2979,1.2240,1300.86,20.0120,5.4564,115.5397,78.1400,5.2021
2022-06-24,120.4897,1.0539,135.22,6.6878,1.2919,1.2273,1298.71,19.9060,5.4564,115.1854,78.2500,5.2363
2022-06-27,120.1789,1.0601,135.26,6.6899,1.2870,1.2305,1286.20,19.8790,5.4939,114.7388,78.4500,5.2078
2022-06-28,120.6254,1.0534,136.19,6.7070,1.2882,1.2200,1290.18,19.9830,5.4647,115.2849,78.9700,5.2531
2022-06-29,120.9689,1.0477,136.50,6.6997,1.2861,1.2151,1298.39,20.1630,5.4993,115.5751,78.9100,5.2386
2022-06-30,120.9718,1.0469,135.69,6.6981,1.2871,1.2162,1298.95,20.1180,5.5208,115.5539,79.0200,5.2196
2022-07-01,121.5123,1.0409,135.09,6.7000,1.2915,1.2048,1297.18,20.3180,5.5231,116.1119,78.8900,5.3083
2022-07-04,,,,,,,,,,,,
2022-07-05,122.6276,1.0254,135.72,6.7192,1.3064,1.1932,1299.69,20.5510,5.5300,117.4606,79.2700,5.3903
2022-07-06,123.0165,1.0173,135.66,6.7070,1.3052,1.1907,1307.10,20.6940,5.5300,117.8581,79.0200,5.4558
2022-07-07,122.7336,1.0159,135.99,6.7005,1.2988,1.1994,1299.51,20.5990,5.5361,117.6997,79.1200,5.3520
2022-07-08,122.4724,1.0178,136.16,6.6945,1.2947,1.2036,1299.51,20.4440,5.5607,117.4973,79.2500,5.2961
2022-07-11,123.3062,1.0088,137.29,6.7175,1.2979,1.1907,1308.90,20.7350,5.5982,118.3155,79.4600,5.3432
2022-07-12,123.4612,1.0069,136.68,6.7234,1.3003,1.1905,1311.91,20.7490,5.5859,118.4084,79.4500,5.4192
2022-07-13,123.2930,1.0081,137.34,6.7175,1.2956,1.1919,1306.65,20.7250,5.6054,118.2494,79.6800,5.3764
2022-07-14,124.0717,1.0028,138.94,6.7542,1.3100,1.1827,1311.76,20.8580,5.6429,119.1740,79.9400,5.4237
2022-07-15,123.4842,1.0089,138.57,6.7565,1.3041,1.1857,1321.15,20.5780,5.6635,118.5883,79.7400,5.3840
2022-07-18,122.7800,1.0160,138.23,6.7420,1.2919,1.1989,1316.70,20.3890,5.6848,117.7281,79.9900,5.3730
2022-07-19,122.4922,1.0238,137.94,6.7430,1.2887,1.2022,1313.52,20.4640,5.6661,117.1077,79.8800,5.3940
2022-07-20,122.6096,1.0217,138.16,6.7540,1.2875,1.1989,1313.10,20.4690,5.6869,117.2622,79.9600,5.4325
2022-07-21,122.9169,1.0197,137.94,6.7655,1.2885,1.1968,1307.58,20.6630,5.7142,117.3638,79.8500,5.4970
2022-07-22,122.4643,1.0225,136.12,6.7500,1.2861,1.2019,1312.82,20.5020,5.7168,116.8620,79.8300,5.4558
2022-07-25,122.4721,1.0211,136.72,6.7499,1.2845,1.2042,1313.27,20.4640,5.7184,116.9467,79.7900,5.4015
2022-07-26,122.7698,1.0116,136.62,6.7616,1.2891,1.2036,1308.33,20.4720,5.7067,117.5233,79.8200,5.3699
2022-07-27,122.8281,1.0108,137.31,6.7570,1.2881,1.2027,1313.14,20.5070,5.7312,117.6338,79.9200,5.2962
2022-07-28,122.1267,1.0163,134.45,6.7465,1.2835,1.2126,1299.69,20.3830,5.7568,116.7889,79.6400,5.2150
2022-07-29,121.7793,1.0202,133.25,6.7433,1.2801,1.2183,1299.08,20.3630,5.7691,116.2933,79.3300,5.1810
2022-08-01,121.4218,1.0270,131.80,6.7674,1.2830,1.2278,1304.18,20.2510,5.7789,115.7613,78.9300,5.1508
2022-08-02,121.9609,1.0194,132.32,6.7499,1.2855,1.2218,1304.89,20.5200,5.7625,116.3822,78.4900,5.2420
2022-08-03,122.4002,1.0146,134.18,6.7565,1.2869,1.2132,1310.69,20.5530,5.7828,116.9851,79.1300,5.2693
2022-08-04,121.8436,1.0221,133.28,6.7485,1.2852,1.2141,1310.20,20.3280,5.7763,116.4145,79.2300,5.2165
2022-08-05,122.3300,1.0170,135.33,6.7607,1.2942,1.2061,1298.22,20.3940,5.8261,117.2459,79.3600,5.1987
2022-08-08,121.8887,1.0207,134.73,6.7505,1.2854,1.2098,1306.11,20.2912,5.8515,116.6422,79.5800,5.1331
2022-08-09,121.8719,1.0226,134.95,6.7525,1.2880,1.2089,1304.50,20.2810,5.8372,116.6415,79.6500,5.1302
2022-08-10,120.7648,1.0337,132.58,6.7230,1.2773,1.2245,1310.54,19.9640,5.8823,115.3199,79.0700,5.0530
2022-08-11,120.7281,1.0338,132.66,6.7445,1.2744,1.2230,1302.72,19.9220,5.9101,115.2430,79.5400,5.1396
2022-08-12,121.0272,1.0257,133.57,6.7425,1.2783,1.2132,1302.13,19.8690,5.9332,115.9543,79.6500,5.0860
2022-08-15,121.4382,1.0186,133.13,6.7715,1.2891,1.2090,1305.85,19.8400,5.9634,116.6116,79.4800,5.0818
2022-08-16,121.6889,1.0174,134.38,6.7875,1.2874,1.2090,1308.54,19.9180,5.9407,116.8113,79.3100,5.1443
2022-08-17,122.0802,1.0164,135.40,6.7805,1.2932,1.2030,1310.16,20.0670,5.9551,117.2362,79.4100,5.1705
2022-08-18,122.3722,1.0114,135.29,6.7855,1.2945,1.1970,1319.94,20.0850,5.9611,117.5655,79.6600,5.1873
2022-08-19,123.0596,1.0039,137.01,6.8164,1.2994,1.1810,1325.50,20.1860,6.0790,118.4517,79.8900,5.1947
2022-08-22,123.6123,0.9936,137.57,6.8476,1.3038,1.1752,1339.40,20.1630,6.1647,119.2450,79.8600,5.1669
2022-08-23,123.0617,0.9976,136.36,6.8476,1.2945,1.1844,1339.40,20.0170,6.2260,118.5398,79.8100,5.0810
2022-08-24,123.1136,0.9967,136.92,6.8581,1.2969,1.1802,1342.05,19.8960,6.2660,118.7785,79.8200,5.0939
2022-08-25,123.0645,0.9959,136.83,6.8477,1.2944,1.1803,1335.46,19.9440,6.9972,118.7094,79.9000,5.1160
2022-08-26,123.0709,0.9998,137.07,6.8715,1.3006,1.1778,1331.17,19.9130,7.8164,118.7332,79.8700,5.0826
2022-08-29,123.4739,1.0000,138.74,6.9067,1.3001,1.1718,1349.80,20.0150,7.8311,118.9833,79.9600,5.0273
2022-08-30,123.6893,1.0018,138.73,6.9100,1.3090,1.1651,1346.37,20.0950,7.8021,119.2467,79.6000,5.0770
2022-08-31,123.5407,1.0065,138.69,6.8890,1.3091,1.1647,1338.66,20.0860,7.8357,119.0191,79.4500,5.1870
2022-09-01,124.4045,0.9950,139.93,6.9066,1.3160,1.1541,1354.34,20.2200,7.8725,120.1191,79.6500,5.2238
2022-09-02,123.7771,1.0030,140.03,6.8985,1.3089,1.1582,1362.20,19.9270,7.8880,119.4386,79.7000,5.1720
2022-09-05,,,,,,,,,,,,
2022-09-06,124.7719,0.9914,142.95,6.9532,1.3122,1.1549,1378.95,20.1090,7.9248,120.4932,79.8600,5.2305
2022-09-07,124.8457,0.9942,144.39,6.9650,1.3166,1.1473,1383.72,20.0260,7.9616,120.6583,79.8200,5.2480
2022-09-08,124.5840,0.9956,144.05,6.9562,1.3118,1.1489,1380.51,19.9850,7.9679,120.3498,79.7100,5.2196
2022-09-09,123.7954,1.0046,142.44,6.9240,1.3036,1.1600,1376.74,19.8870,7.9829,119.2714,79.6100,5.1541
2022-09-12,123.3441,1.0129,142.41,6.9265,1.2976,1.1701,1377.38,19.8000,7.9635,118.5262,79.3500,5.1562
2022-09-13,124.4342,0.9997,144.30,6.9245,1.3123,1.1526,1373.76,20.0660,7.9564,120.0282,79.4900,5.1860
2022-09-14,124.4593,0.9993,142.93,6.9612,1.3156,1.1564,1391.10,19.9530,7.9840,119.9791,79.4100,5.1755
2022-09-15,124.8944,0.9991,143.57,6.9934,1.3204,1.1472,1393.93,20.0670,8.0093,120.2882,79.8200,5.2330
2022-09-16,124.8879,1.0013,143.04,6.9799,1.3273,1.1419,1384.48,20.0170,8.0076,120.3966,79.6600,5.2870
2022-09-19,125.0177,1.0003,143.34,7.0050,1.3287,1.1403,1393.05,20.0000,8.0307,120.5495,79.7100,5.1762
2022-09-20,125.1324,0.9994,143.64,7.0176,1.3339,1.1405,1389.86,19.9950,8.0074,120.7248,79.7200,5.1516
2022-09-21,125.7464,0.9880,144.14,7.0479,1.3397,1.1330,1395.92,19.9950,8.0295,121.6316,79.9600,5.1806
2022-09-22,126.1668,0.9841,142.16,7.0772,1.3499,1.1269,1412.29,19.9640,8.0757,122.1021,81.0000,5.1742
2022-09-23,127.2867,0.9719,143.18,7.1266,1.3581,1.0921,1409.42,20.1760,8.0937,123.5042,81.1100,5.2370
2022-09-26,128.4544,0.9623,144.45,7.1384,1.3745,1.0703,1432.47,20.3730,8.0977,124.9301,81.6000,5.3914
2022-09-27,128.4399,0.9616,144.71,7.1760,1.3738,1.0753,1422.39,20.3160,8.0815,124.9070,81.6300,5.3595
2022-09-28,128.0937,0.9681,144.15,7.1990,1.3648,1.0832,1440.50,20.3050,8.1215,124.0329,81.6100,5.3636
2022-09-29,127.5463,0.9774,144.45,7.1196,1.3700,1.1048,1439.15,20.1500,8.1271,123.4935,81.5400,5.3943
2022-09-30,127.5159,0.9783,144.71,7.1135,1.3752,1.1134,1431.67,20.1150,8.1632,123.5594,81.3700,5.4008
2022-10-03,127.0793,0.9809,144.50,7.1103,1.3651,1.1272,1434.83,20.0330,8.1831,123.0199,81.5600,5.1823
2022-10-04,126.1840,0.9977,144.32,7.1103,1.3551,1.1446,1425.75,19.9700,8.1510,121.5965,81.4500,5.1523
2022-10-05,126.8630,0.9866,144.73,7.1103,1.3662,1.1275,1410.74,20.1070,8.1718,122.7144,81.5000,5.2205
2022-10-06,127.2481,0.9806,144.94,7.1103,1.3732,1.1133,1402.33,20.1110,8.1882,123.4660,82.0600,5.2052
2022-10-07,127.3093,0.9785,145.19,7.1103,1.3692,1.1116,1412.54,20.0300,8.1897,123.5485,82.3200,5.2151
2022-10-10,,,,,,,,,,,,
2022-10-11,127.6614,0.9757,145.55,7.1639,1.3737,1.1168,1435.36,19.9470,8.1908,123.8492,82.2200,5.2105
2022-10-12,128.1456,0.9692,146.87,7.1720,1.3797,1.1096,1423.81,20.0250,8.1908,124.6171,82.2500,5.2929
2022-10-13,127.7276,0.9780,147.15,7.1700,1.3744,1.1344,1430.40,19.9920,8.2010,123.7581,82.2800,5.2779
2022-10-14,128.3303,0.9739,148.46,7.1895,1.3873,1.1208,1428.06,20.0680,8.2463,124.6568,82.2800,5.2980
2022-10-17,127.6478,0.9843,148.71,7.1946,1.3723,1.1427,1434.73,19.9780,8.2870,123.3788,82.1600,5.2606
2022-10-18,127.9184,0.9842,149.23,7.2001,1.3790,1.1307,1422.19,20.0400,8.2631,123.7467,82.2900,5.2905
2022-10-19,128.3992,0.9780,149.77,7.2280,1.3783,1.1232,1426.07,20.1260,8.3579,124.2612,82.9500,5.2816
2022-10-20,128.0084,0.9823,149.82,7.2129,1.3715,1.1288,1431.63,20.0310,8.3511,123.7477,82.6600,5.2053
2022-10-21,127.6758,0.9855,146.35,7.2399,1.3673,1.1292,1440.31,19.8980,8.3720,123.1217,82.5800,5.1750
2022-10-24,128.0351,0.9874,148.76,7.2629,1.3704,1.1295,1439.14,19.9450,8.3866,123.3659,82.6800,5.2768
2022-10-25,127.3840,0.9959,147.85,7.2688,1.3616,1.1469,1432.46,19.8670,8.3825,122.3344,82.4400,5.2898
2022-10-26,126.4810,1.0068,146.50,7.1710,1.3551,1.1615,1425.68,19.8660,8.3886,121.2062,82.7300,5.3228
2022-10-27,126.7102,0.9985,146.02,7.2239,1.3532,1.1574,1419.00,19.8380,8.4297,121.6201,82.3600,5.2839
2022-10-28,127.2196,0.9934,147.68,7.2499,1.3622,1.1573,1421.67,19.8240,8.5041,122.3554,82.3300,5.3547
2022-10-31,127.6272,0.9885,148.63,7.3048,1.3639,1.1515,1424.60,19.8480,8.5041,122.8339,82.7300,5.2464
2022-11-01,127.4011,0.9871,148.11,7.2730,1.3639,1.1460,1416.20,19.7350,8.5147,122.9073,82.6200,5.1073
2022-11-02,127.3138,0.9875,147.11,7.2890,1.3628,1.1467,1418.31,19.6650,8.5530,122.7449,82.7200,5.1432
2022-11-03,128.1712,0.9759,148.18,7.3000,1.3729,1.1183,1423.99,19.6750,8.5530,124.1998,82.7600,5.1005
2022-11-04,127.1490,0.9895,147.22,7.2996,1.3528,1.1279,1423.99,19.5320,8.5530,122.6113,82.0300,5.0443
2022-11-07,126.3098,0.9997,146.64,7.2266,1.3497,1.1463,1402.05,19.4670,8.5637,121.6499,81.9500,5.1222
2022-11-08,125.6400,1.0089,145.38,7.2485,1.3389,1.1595,1384.61,19.4640,8.7093,120.5595,81.2700,5.1422
2022-11-09,125.9926,1.0037,146.15,7.2401,1.3453,1.1396,1364.85,19.5710,8.8071,121.3189,81.2500,5.1499
2022-11-10,124.7142,1.0176,141.78,7.1840,1.3362,1.1677,1377.52,19.3700,8.8071,119.4865,80.7200,5.3287
2022-11-11,,,,,,,,,,,,
2022-11-14,123.4425,1.0337,140.43,7.0710,1.3295,1.1728,1327.38,19.3920,8.8182,118.1166,80.9800,5.3173
2022-11-15,123.0534,1.0372,139.36,7.0440,1.3280,1.1890,1317.88,19.3810,8.8182,117.6187,80.9400,5.3330
2022-11-16,123.2964,1.0395,139.59,7.0964,1.3343,1.1889,1326.46,19.3140,9.4057,117.7156,81.4600,5.3542
2022-11-17,123.9929,1.0341,140.45,7.1551,1.3343,1.1812,1338.97,19.4400,9.5376,118.2546,81.6900,5.4584
2022-11-18,123.8678,1.0349,140.03,7.1192,1.3379,1.1902,1339.61,19.4870,9.7700,118.1495,81.7600,5.3757
2022-11-21,124.7143,1.0238,141.95,7.1640,1.3483,1.1785,1354.87,19.5420,9.7700,119.3365,81.6800,5.3335
2022-11-22,124.2510,1.0276,141.29,7.1388,1.3401,1.1880,1356.66,19.4510,9.9538,118.7261,81.6900,5.3571
2022-11-23,123.7739,1.0364,139.76,7.1580,1.3416,1.2040,1352.49,19.3730,9.9637,117.9089,81.7100,5.3905
2022-11-24,,,,,,,,,,,,
2022-11-25,123.3547,1.0402,139.21,7.1642,1.3370,1.2102,1325.22,19.3330,10.3834,117.4974,81.7300,5.3838
2022-11-28,123.6181,1.0386,138.67,7.2074,1.3433,1.2041,1340.66,19.3080,10.6988,117.7739,81.6100,5.3680
2022-11-29,123.6703,1.0356,138.28,7.1568,1.3636,1.1996,1327.24,19.2200,10.7792,118.4533,81.6100,5.2945
2022-11-30,123.5276,1.0323,139.31,7.0879,1.3538,1.1962,1316.84,19.3660,10.9271,118.4859,81.4300,5.2563
2022-12-01,122.0147,1.0498,135.55,7.0424,1.3427,1.2252,1299.11,19.1500,10.9271,116.6031,81.1700,5.1868
2022-12-02,122.0218,1.0521,134.89,7.0190,1.3448,1.2292,1300.50,19.3420,11.0512,116.4428,81.4100,5.2100
2022-12-05,122.6511,1.0494,136.55,6.9610,1.3571,1.2169,1292.58,19.7600,11.0651,117.2248,81.7700,5.2611
2022-12-06,123.0319,1.0497,136.67,6.9935,1.3652,1.2202,1319.31,19.8450,11.0651,117.3771,82.4200,5.2415
2022-12-07,122.7716,1.0505,136.57,6.9702,1.3640,1.2194,1322.23,19.7020,11.5102,117.2918,82.3100,5.2187
2022-12-08,122.4275,1.0552,136.45,6.9649,1.3574,1.2235,1317.56,19.6730,11.8311,116.8089,82.2900,5.2003
2022-12-09,122.4343,1.0550,136.40,6.9559,1.3604,1.2311,1301.61,19.7970,13.5626,116.7572,82.4600,5.2365
2022-12-12,122.7861,1.0545,137.47,6.9773,1.3654,1.2285,1307.62,19.8210,13.5626,117.0864,82.6700,5.3344
2022-12-13,121.8644,1.0630,135.14,6.9430,1.3530,1.2375,1301.47,19.6410,14.0898,115.9599,82.4900,5.2690
2022-12-14,121.8391,1.0655,134.95,6.9498,1.3567,1.2408,1294.79,19.6980,14.0898,115.8633,82.5000,5.2997
2022-12-15,122.5684,1.0638,137.92,6.9716,1.3649,1.2206,1302.91,19.7860,15.1973,116.7360,82.7500,5.3285
2022-12-16,122.6647,1.0610,136.55,6.9708,1.3690,1.2168,1307.73,19.7870,15.5327,116.9090,82.7100,5.2725
2022-12-19,122.5438,1.0624,136.87,6.9772,1.3638,1.2180,1302.29,19.7260,15.7274,116.7138,82.6500,5.3097
2022-12-20,122.1502,1.0635,131.08,6.9600,1.3618,1.2146,1290.41,19.7950,15.9606,116.0891,82.5800,5.2006
2022-12-21,122.2965,1.0599,132.36,6.9810,1.3622,1.2072,1284.70,19.7150,16.0017,116.4578,82.8100,5.1955
2022-12-22,122.2525,1.0588,132.34,6.9829,1.3653,1.2032,1275.68,19.5920,16.1373,116.6610,82.9300,5.1655
2022-12-23,121.9843,1.0621,132.78,6.9880,1.3587,1.2054,1280.02,19.4300,16.4112,116.3847,82.8600,5.1368
2022-12-26,,,,,,,,,,,,
2022-12-27,121.7670,1.0654,133.43,6.9600,1.3504,1.2032,1271.00,19.4000,16.5252,116.0600,82.8800,5.2790
2022-12-28,122.0200,1.0622,134.27,6.9774,1.3588,1.2034,1267.54,19.3980,16.7608,116.4709,82.7400,5.2675
2022-12-29,121.6713,1.0668,133.16,6.9625,1.3546,1.2060,1265.58,19.3570,17.0744,115.9858,82.8300,5.2547
2022-12-30,121.4392,1.0698,131.81,6.8972,1.3532,1.2077,1260.18,19.4960,17.2355,115.6614,82.7200,5.2860
2023-01-02,,,,,,,,,,,,
2023-01-03,122.0844,1.0559,130.83,6.9135,1.3664,1.1970,1271.10,19.4210,17.5152,116.7604,82.8600,5.4257
2023-01-04,121.5108,1.0620,132.00,6.8875,1.3492,1.2063,1272.15,19.3300,17.8196,115.9568,82.7200,5.4430
2023-01-05,122.0786,1.0522,133.57,6.8800,1.3579,1.1902,1268.91,19.3750,17.8993,117.0724,82.5700,5.3840
2023-01-06,121.0814,1.0619,132.21,6.8370,1.3452,1.2064,1268.13,19.1720,18.3486,115.9092,82.7200,5.2533
2023-01-09,120.1403,1.0759,131.58,6.7700,1.3372,1.2206,1243.62,19.1760,18.3486,114.7486,82.3600,5.2648
2023-01-10,120.2340,1.0737,132.25,6.7770,1.3433,1.2155,1243.83,19.1050,18.5673,115.1768,81.6000,5.2159
2023-01-11,120.1445,1.0740,132.58,6.7700,1.3422,1.2125,1245.39,19.0180,18.7622,115.2536,81.6000,5.1950
2023-01-12,119.4108,1.0823,129.75,6.7365,1.3380,1.2182,1246.26,18.8750,19.0055,114.4277,81.1900,5.1120
2023-01-13,119.1422,1.0811,127.85,6.7010,1.3413,1.2194,1241.59,18.7850,19.2302,114.3500,81.3100,5.0968
2023-01-16,,,,,,,,,,,,
2023-01-17,119.2186,1.0793,128.18,6.7723,1.3380,1.2264,1238.70,18.7400,19.6146,114.2488,81.5700,5.0974
2023-01-18,119.0800,1.0827,128.45,6.7534,1.3436,1.2369,1237.32,18.7480,19.9226,114.0879,81.3300,5.1288
2023-01-19,119.6033,1.0810,128.48,6.7738,1.3494,1.2366,1232.05,19.0660,19.9345,114.3725,81.2800,5.2233
2023-01-20,119.3588,1.0831,129.97,6.7825,1.3416,1.2374,1235.57,18.9120,20.2441,114.2458,80.9900,5.2109
2023-01-23,119.1671,1.0865,130.69,6.7899,1.3384,1.2370,1228.59,18.8240,20.4759,114.0625,81.4100,5.1884
2023-01-24,119.1174,1.0873,130.07,6.7899,1.3369,1.2323,1234.79,18.8410,20.6822,113.9636,81.5300,5.1405
2023-01-25,118.9950,1.0901,129.64,6.7899,1.3413,1.2374,1231.67,18.8440,21.1215,113.8192,81.4900,5.0902
2023-01-26,119.0472,1.0866,130.40,6.7899,1.3348,1.2370,1230.95,18.8360,21.2656,113.9074,81.5900,5.0875
2023-01-27,118.9521,1.0857,129.94,6.7899,1.3314,1.2379,1231.53,18.7730,21.6728,113.8188,81.5400,5.0902
2023-01-30,118.9079,1.0867,130.34,6.7501,1.3350,1.2373,1227.31,18.7700,21.9140,113.9340,81.4700,5.1024
2023-01-31,118.9910,1.0858,130.17,6.7540,1.3333,1.2324,1231.95,18.7980,21.8963,113.9507,81.6900,5.0934
2023-02-01,118.6396,1.0917,129.27,6.7406,1.3335,1.2308,1231.77,18.7080,22.3178,113.5862,81.7300,5.0746
2023-02-02,118.3490,1.0918,128.45,6.7266,1.3317,1.2260,1220.34,18.6180,22.3820,113.4667,82.0300,5.0138
2023-02-03,119.5014,1.0825,131.07,6.7733,1.3395,1.2073,1229.22,18.8830,22.6241,114.6653,82.2100,5.1339
2023-02-06,120.5116,1.0722,132.76,6.7918,1.3442,1.2009,1252.61,19.2100,22.8489,115.5296,82.7700,5.2025
2023-02-07,120.3298,1.0705,131.37,6.7910,1.3440,1.2013,1255.53,19.0300,23.0908,115.4014,82.8100,5.1868
2023-02-08,120.1390,1.0734,131.27,6.7890,1.3430,1.2093,1260.03,18.9570,23.5537,115.1203,82.6500,5.2183
2023-02-09,119.9785,1.0761,130.98,6.7782,1.3428,1.2157,1259.67,18.9590,23.7500,114.8569,82.4400,5.2528
2023-02-10,120.1531,1.0670,131.50,6.8106,1.3363,1.2061,1264.15,18.7080,24.1380,115.3302,82.4700,5.2528
2023-02-13,120.0145,1.0718,132.71,6.8198,1.3348,1.2136,1277.05,18.6260,24.1395,115.0644,82.7200,5.1822
2023-02-14,119.9601,1.0722,133.05,6.8255,1.3367,1.2157,1268.93,18.5410,24.1925,115.1176,82.8600,5.1738
2023-02-15,120.4926,1.0683,134.22,6.8510,1.3401,1.2031,1282.16,18.6010,24.2822,115.6533,82.7800,5.2172
2023-02-16,120.5069,1.0684,133.95,6.8590,1.3451,1.2018,1284.33,18.5130,24.3043,115.7614,82.7400,5.2313
2023-02-17,120.6023,1.0678,134.21,6.8661,1.3487,1.2012,1299.62,18.4160,24.3264,115.9360,82.7300,5.1776
2023-02-20,,,,,,,,,,,,
2023-02-21,120.6780,1.0657,134.87,6.8700,1.3515,1.2111,1295.99,18.3920,24.3569,116.0477,82.8500,5.1674
2023-02-22,120.8969,1.0623,134.77,6.8908,1.3540,1.2064,1304.31,18.3500,24.3569,116.3488,82.7800,5.1940
2023-02-23,121.1410,1.0583,134.80,6.9075,1.3567,1.2016,1296.79,18.4350,24.3304,116.7004,82.5900,5.1386
2023-02-24,121.6297,1.0545,136.36,6.9545,1.3618,1.1948,1304.59,18.3990,24.3099,117.2833,82.9700,5.1865
2023-02-27,121.4656,1.0596,136.18,6.9450,1.3574,1.2036,1322.45,18.4080,24.3609,116.8159,82.6900,5.2031
2023-02-28,121.4062,1.0602,136.09,6.9325,1.3616,1.2093,1323.45,18.3450,24.3609,116.8211,82.5700,5.2283
2023-03-01,120.6971,1.0674,135.82,6.8656,1.3597,1.2034,1315.15,18.0950,24.3000,116.4772,82.4300,5.1965
2023-03-02,121.1949,1.0595,136.84,6.9122,1.3616,1.1942,1313.96,18.1120,24.2962,117.1262,82.4100,5.2033
2023-03-03,120.8468,1.0616,136.09,6.9048,1.3609,1.1996,1300.59,18.0130,24.2961,116.8388,81.9800,5.2067
2023-03-06,120.5776,1.0694,135.93,6.9295,1.3606,1.2048,1296.14,18.0150,24.2560,116.3609,81.7700,5.1680
2023-03-07,121.5310,1.0573,136.90,6.9605,1.3736,1.1857,1299.70,18.1310,24.2133,117.6791,81.9300,5.1933
2023-03-08,121.5222,1.0549,137.18,6.9496,1.3784,1.1837,1320.81,17.9490,24.0953,117.9356,81.8600,5.1251
2023-03-09,121.5225,1.0577,136.41,6.9630,1.3777,1.1922,1321.58,18.0860,24.1090,117.6027,82.0200,5.1542
2023-03-10,121.2963,1.0659,135.05,6.9025,1.3804,1.2043,1324.51,18.3590,24.0747,116.9222,81.9300,5.1838
2023-03-13,120.9157,1.0733,133.13,6.8455,1.3687,1.2160,1300.46,18.7700,24.0855,115.8984,82.1900,5.2382
2023-03-14,121.0520,1.0722,134.33,6.8680,1.3676,1.2146,1306.13,18.7190,24.0579,116.0623,82.2500,5.2565
2023-03-15,122.1149,1.0535,132.81,6.9005,1.3799,1.2032,1317.78,18.9570,23.9403,117.2909,82.8400,5.3062
2023-03-16,121.7510,1.0622,133.01,6.8965,1.3761,1.2111,1312.13,18.9130,24.0075,116.7529,82.6300,5.2800
2023-03-17,121.5923,1.0647,132.01,6.8870,1.3753,1.2141,1303.75,18.9800,24.0655,116.4670,82.5600,5.2813
2023-03-20,121.0637,1.0722,131.59,6.8770,1.3686,1.2257,1310.69,18.8200,24.1429,115.7797,82.5500,5.2475
2023-03-21,120.9535,1.0769,132.27,6.8830,1.3732,1.2195,1310.65,18.6700,24.1592,115.8035,82.5900,5.2458
2023-03-22,120.6883,1.0792,132.67,6.8802,1.3722,1.2232,1307.50,18.5270,24.1809,115.6650,82.6600,5.2594
2023-03-23,119.8174,1.0890,130.99,6.8188,1.3658,1.2322,1278.93,18.4890,24.1434,114.7408,82.0700,5.2692
2023-03-24,120.5106,1.0762,130.64,6.8675,1.3763,1.2225,1292.57,18.4980,24.2485,115.6915,82.3400,5.2506
2023-03-27,120.3239,1.0789,131.49,6.8834,1.3686,1.2278,1301.01,18.3920,24.3406,115.4073,82.2400,5.2340
2023-03-28,119.7987,1.0844,130.97,6.8725,1.3615,1.2341,1298.26,18.2420,24.3307,114.8795,82.1700,5.1678
2023-03-29,119.8223,1.0826,132.69,6.8862,1.3575,1.2313,1303.38,18.0940,24.3541,115.0782,82.1800,5.1405
2023-03-30,119.5103,1.0899,132.71,6.8700,1.3536,1.2368,1298.89,18.0950,24.4262,114.5606,82.3400,5.1203
2023-03-31,119.4611,1.0872,132.75,6.8676,1.3525,1.2369,1303.80,18.0250,24.4356,114.6426,82.1900,5.0702
2023-04-03,119.4342,1.0891,132.35,6.8776,1.3435,1.2403,1316.38,18.1140,24.4643,114.2486,82.2400,5.0683
2023-04-04,119.2641,1.0951,131.60,6.8780,1.3454,1.2498,1315.10,18.1580,24.4285,113.8361,82.3300,5.0919
2023-04-05,119.4068,1.0918,131.11,6.8781,1.3453,1.2469,1310.05,18.3080,24.3803,113.9597,81.8900,5.0380
2023-04-06,119.4229,1.0927,131.67,6.8750,1.3472,1.2456,1319.10,18.2110,24.3803,114.0525,81.8600,5.0644
2023-04-07,119.4673,1.0913,132.11,6.8750,1.3513,1.2422,1319.10,18.1350,24.4108,114.2916,81.8500,5.0565
2023-04-10,119.8962,1.0840,133.75,6.8807,1.3534,1.2358,1319.09,18.1610,24.4108,114.9615,82.0100,5.0832
2023-04-11,119.6409,1.0906,133.63,6.8866,1.3480,1.2409,1322.04,18.1950,24.3311,114.4094,82.0400,5.0078
2023-04-12,119.1341,1.0987,133.25,6.8730,1.3450,1.2471,1325.34,18.0710,24.4122,113.8057,81.9800,4.9370
2023-04-13,118.5376,1.1054,132.37,6.8677,1.3344,1.2531,1310.68,18.0100,24.4267,113.0109,81.6500,4.9020
2023-04-14,118.9830,1.0980,133.74,6.8690,1.3379,1.2417,1299.12,18.0490,24.4805,113.7489,81.8800,4.9385
2023-04-17,119.3981,1.0915,134.51,6.8786,1.3403,1.2359,1311.36,18.1014,24.5125,114.2511,81.9800,4.9450
2023-04-18,119.2345,1.0958,134.11,6.8755,1.3391,1.2419,1318.43,18.0679,24.4998,113.9137,82.0800,4.9735
2023-04-19,119.4377,1.0953,134.79,6.8851,1.3454,1.2442,1325.28,18.0427,24.4998,114.1318,82.1800,5.0511
2023-04-20,119.2525,1.0970,134.10,6.8725,1.3459,1.2448,1323.28,18.0136,24.5305,113.9475,82.1000,5.0422
2023-04-21,119.4472,1.0973,134.28,6.8920,1.3534,1.2419,1327.53,18.0100,24.5152,114.1676,82.0600,5.0486
2023-04-24,119.3486,1.1027,134.41,6.8958,1.3543,1.2457,1334.94,18.0074,24.5868,113.9033,81.9000,5.0554
2023-04-25,119.7551,1.0968,133.96,6.9320,1.3627,1.2398,1331.93,18.0660,24.5532,114.4236,81.9200,5.0618
2023-04-26,119.4758,1.1052,133.72,6.9261,1.3601,1.2486,1336.23,18.1074,24.5917,113.8864,81.7400,5.0487
2023-04-27,119.5754,1.1017,134.04,6.9220,1.3611,1.2471,1337.75,18.0706,24.5704,114.1466,81.8400,5.0116
2023-04-28,119.3760,1.1040,135.99,6.9110,1.3552,1.2582,1338.41,17.9973,24.6686,113.9463,81.8400,5.0049
2023-05-01,119.5845,1.0970,137.35,6.9164,1.3541,1.2495,1339.65,17.9157,24.6686,114.4676,81.8400,4.9889
2023-05-02,119.7514,1.0997,136.46,6.9164,1.3627,1.2475,1341.00,18.0570,24.6995,114.4444,81.8900,5.0410
2023-05-03,119.2773,1.1049,135.31,6.9164,1.3610,1.2547,1337.94,17.8960,24.7536,113.9518,81.8300,5.0133
2023-05-04,119.1900,1.1009,133.76,6.9094,1.3570,1.2580,1322.21,17.9560,24.8103,113.8494,81.7300,5.0196
2023-05-05,118.7184,1.1026,134.85,6.9101,1.3419,1.2650,1318.38,17.7481,24.9673,113.4598,81.8100,4.9534
2023-05-08,118.7415,1.1020,134.83,6.9125,1.3356,1.2633,1320.49,17.8197,24.9951,113.3140,81.7800,4.9925
2023-05-09,118.9840,1.0953,135.15,6.9201,1.3399,1.2618,1323.59,17.7453,24.9769,113.7873,82.0400,4.9838
2023-05-10,118.7561,1.0966,134.52,6.9321,1.3374,1.2614,1324.48,17.6074,25.0608,113.6135,81.9400,4.9559
2023-05-11,119.1902,1.0916,134.46,6.9480,1.3487,1.2501,1325.09,17.6120,25.1162,114.2692,82.1300,4.9580
2023-05-12,119.5206,1.0856,135.63,6.9575,1.3540,1.2464,1333.74,17.6024,25.2850,114.8388,82.1700,4.9250
2023-05-15,119.3288,1.0874,136.07,6.9520,1.3482,1.2526,1336.13,17.5540,25.3714,114.5641,82.3000,4.9056
2023-05-16,119.3567,1.0866,136.62,6.9751,1.3456,1.2494,1338.64,17.4297,25.4254,114.6557,82.2600,4.9139
2023-05-17,119.7849,1.0830,137.51,6.9981,1.3483,1.2475,1337.29,17.5912,25.5838,115.0094,82.3900,4.9416
2023-05-18,120.2642,1.0776,138.50,7.0355,1.3502,1.2424,1333.88,17.7162,25.7477,115.5045,82.7700,4.9641
2023-05-19,119.9479,1.0819,137.67,7.0060,1.3508,1.2464,1326.12,17.6920,25.8381,115.1414,82.6500,4.9842
2023-05-22,120.2609,1.0806,138.65,7.0351,1.3508,1.2425,1317.77,17.8395,25.8381,115.3414,82.8300,4.9627
2023-05-23,120.4913,1.0771,138.74,7.0490,1.3485,1.2423,1312.01,17.9628,25.8705,115.4903,82.8400,4.9535
2023-05-24,120.6481,1.0758,139.14,7.0585,1.3589,1.2368,1316.71,17.8120,25.9365,115.9661,82.6600,4.9427
2023-05-25,121.0126,1.0725,139.81,7.0775,1.3636,1.2325,1325.90,17.8332,25.9719,116.3589,82.7600,5.0147
2023-05-26,120.8022,1.0713,140.53,7.0630,1.3625,1.2342,1324.40,17.6647,26.0642,116.4323,82.5800,5.0035
2023-05-29,,,,,,,,,,,,
2023-05-30,120.7387,1.0722,139.83,7.0792,1.3593,1.2403,1324.59,17.6730,26.1892,116.1935,82.6700,5.0614
2023-05-31,121.1527,1.0654,139.78,7.1100,1.3588,1.2396,1324.55,17.7488,26.0985,116.5753,82.6800,5.1087
2023-06-01,120.2628,1.0752,138.74,7.0934,1.3441,1.2536,1321.35,17.5493,26.2013,115.4619,82.4100,5.0201
2023-06-02,120.2102,1.0724,139.76,7.0827,1.3438,1.2468,1305.21,17.4976,26.4010,115.7117,82.3500,4.9592
2023-06-05,120.2175,1.0721,139.64,7.1050,1.3419,1.2440,1308.16,17.4640,26.5298,115.6851,82.6700,4.9171
2023-06-06,120.1906,1.0695,139.67,7.1190,1.3403,1.2418,1297.93,17.4124,26.3963,115.7847,82.6100,4.9108
2023-06-07,120.0893,1.0702,139.98,7.1287,1.3363,1.2451,1303.62,17.3411,26.5663,115.6703,82.5000,4.9082
2023-06-08,119.8069,1.0780,138.83,7.1109,1.3380,1.2547,1304.26,17.4095,26.6370,115.0707,82.5700,4.9235
2023-06-09,119.6781,1.0749,139.35,7.1273,1.3342,1.2579,1291.46,17.2912,26.7900,115.1405,82.4600,4.8846
2023-06-12,119.8890,1.0747,139.72,7.1437,1.3377,1.2489,1288.61,17.3080,26.7900,115.4027,82.4300,4.8773
2023-06-13,119.4641,1.0792,140.00,7.1585,1.3298,1.2611,1271.48,17.2140,26.8235,114.8662,82.3800,4.8567
2023-06-14,119.0646,1.0859,139.33,7.1480,1.3283,1.2696,1278.44,17.1100,26.9505,114.3026,82.1000,4.8424
2023-06-15,118.8447,1.0933,140.49,7.1300,1.3237,1.2762,1279.99,17.1787,27.0375,113.8580,82.1800,4.8111
2023-06-16,118.7168,1.0925,141.82,7.1250,1.3194,1.2815,1272.68,17.0765,27.1058,113.8832,81.8900,4.8309
2023-06-19,,,,,,,,,,,,
2023-06-20,119.2458,1.0900,141.46,7.1811,1.3246,1.2732,1280.21,17.1908,27.1397,114.2624,82.1100,4.7959
2023-06-21,119.0438,1.0951,142.09,7.1779,1.3179,1.2737,1291.78,17.1601,27.1862,113.8787,82.0400,4.7640
2023-06-22,119.0740,1.0953,142.89,7.1777,1.3164,1.2750,1294.75,17.1472,27.2318,113.9201,81.9300,4.7764
2023-06-23,119.4584,1.0887,143.78,7.1777,1.3196,1.2701,1304.19,17.1723,27.4731,114.4501,82.0100,4.7734
2023-06-26,119.4123,1.0910,143.55,7.2364,1.3145,1.2724,1304.88,17.1345,27.5406,114.1596,82.0000,4.7700
2023-06-27,119.2350,1.0961,144.00,7.2193,1.3175,1.2752,1299.99,17.0833,27.5479,114.0208,81.9800,4.8042
2023-06-28,119.6759,1.0904,144.23,7.2436,1.3249,1.2637,1307.76,17.0731,27.6463,114.6363,82.0000,4.8433
2023-06-29,119.8659,1.0881,144.72,7.2515,1.3246,1.2617,1317.73,17.0976,27.7678,114.7977,82.0500,4.8491
2023-06-30,119.7118,1.0920,144.47,7.2513,1.3232,1.2709,1317.80,17.1439,27.7850,114.4371,82.0600,4.8102
2023-07-03,119.5618,1.0919,144.50,7.2400,1.3243,1.2695,1308.37,17.0578,27.7850,114.4884,81.9600,4.7900
2023-07-04,,,,,,,,,,,,
2023-07-05,119.6971,1.0868,144.56,7.2465,1.3271,1.2710,1298.74,16.9966,27.8198,114.8032,82.3400,4.8574
2023-07-06,120.1579,1.0873,144.09,7.2500,1.3353,1.2721,1300.85,17.2568,27.8198,114.9423,82.4900,4.9250
2023-07-07,119.4293,1.0964,142.21,7.2205,1.3284,1.2838,1304.89,17.1073,28.2061,114.0041,82.7400,4.8622
2023-07-10,119.3179,1.0991,141.56,7.2315,1.3281,1.2837,1306.45,17.0485,28.2340,113.8138,82.5700,4.8652
2023-07-11,119.0891,1.0992,140.51,7.2090,1.3249,1.2901,1293.64,17.0853,28.1361,113.5203,82.3900,4.8823
2023-07-12,118.0104,1.1123,138.21,7.1656,1.3179,1.2993,1288.17,16.8480,28.1361,112.3244,82.0300,4.8148
2023-07-13,117.5569,1.1194,138.14,7.1500,1.3126,1.3097,1273.99,16.8998,28.2820,111.6793,82.0400,4.8131
2023-07-14,117.4209,1.1237,138.74,7.1403,1.3204,1.3113,1266.28,16.8002,28.3845,111.7562,82.1600,4.7988
2023-07-17,117.5139,1.1236,138.92,7.1711,1.3173,1.3078,1267.02,16.8047,28.5384,111.7354,82.0300,4.8249
2023-07-18,117.4145,1.1223,138.94,7.1786,1.3175,1.3054,1260.87,16.7423,28.5978,111.7972,82.0300,4.7985
2023-07-19,117.7450,1.1195,139.76,7.2260,1.3158,1.2898,1265.76,16.7590,28.7403,112.1258,82.0900,4.8022
2023-07-20,117.9615,1.1135,140.39,7.1761,1.3182,1.2849,1269.26,16.8359,28.8067,112.5916,81.9900,4.8074
2023-07-21,118.3072,1.1120,141.75,7.1861,1.3217,1.2854,1283.71,16.9228,28.9181,112.8665,81.9900,4.7680
2023-07-24,118.1812,1.1083,141.19,7.1855,1.3154,1.2828,1280.54,16.8164,28.9181,112.8482,81.8100,4.7309
2023-07-25,118.1978,1.1050,140.91,7.1340,1.3179,1.2876,1275.32,16.9099,28.9544,112.9410,81.8700,4.7442
2023-07-26,118.1097,1.1078,140.41,7.1503,1.3218,1.2930,1274.04,16.8769,29.0314,112.8305,81.9900,4.7355
2023-07-27,118.2497,1.0998,141.03,7.1730,1.3194,1.2870,1277.23,16.7073,29.2407,113.2804,82.1500,4.7179
2023-07-28,118.1429,1.1039,140.72,7.1488,1.3225,1.2870,1276.69,16.6635,29.2319,113.1923,82.2200,4.7306
2023-07-31,118.1738,1.1020,142.18,7.1426,1.3160,1.2857,1273.85,16.7183,29.4382,113.2308,82.2400,4.7407
2023-08-01,118.9156,1.0971,143.34,7.1775,1.3289,1.2750,1283.84,16.8414,29.4299,114.0730,82.2500,4.7824
2023-08-02,119.4622,1.0939,143.21,7.1920,1.3334,1.2712,1297.66,17.0430,29.5413,114.4014,82.5800,4.8140
2023-08-03,119.7123,1.0947,142.42,7.1651,1.3340,1.2709,1298.54,17.3356,29.6815,114.2749,82.7400,4.8820
2023-08-04,119.1684,1.1036,141.79,7.1709,1.3337,1.2775,1309.49,17.0579,30.0289,113.7035,82.8300,4.8548
2023-08-07,119.4297,1.1000,142.45,7.1895,1.3372,1.2769,1305.94,17.0564,30.9051,114.0515,82.7500,4.8971
2023-08-08,119.9870,1.0951,143.17,7.2160,1.3454,1.2729,1316.02,17.1512,30.8911,114.6072,82.8500,4.9083
2023-08-09,119.8273,1.0975,143.58,7.2085,1.3442,1.2715,1315.45,17.0760,31.0212,114.5254,82.8400,4.9020
2023-08-10,119.5248,1.1016,144.40,7.2165,1.3401,1.2726,1315.54,16.9410,31.1595,114.2642,82.6900,4.8453
2023-08-11,119.9929,1.0957,144.94,7.2367,1.3437,1.2694,1324.17,16.9950,31.2770,114.7590,82.8700,4.8944
2023-08-14,120.4451,1.0922,145.30,7.2585,1.3451,1.2691,1330.05,17.0746,31.2770,114.9804,83.1700,4.9555
2023-08-15,120.5927,1.0928,145.40,7.2817,1.3472,1.2745,1335.00,17.1114,31.3162,114.9691,82.9400,4.9753
2023-08-16,120.7308,1.0904,145.81,7.2985,1.3516,1.2749,1336.84,17.0640,31.4310,115.2498,83.1900,4.9660
2023-08-17,120.8924,1.0874,146.16,7.2910,1.3522,1.2753,1341.13,17.1160,31.5327,115.4420,83.0900,4.9836
2023-08-18,120.7937,1.0875,145.15,7.2800,1.3557,1.2738,1337.99,17.0598,31.6741,115.4740,83.1400,4.9649
2023-08-21,120.8271,1.0888,146.26,7.2865,1.3563,1.2737,1342.45,17.0310,31.7677,115.5254,83.1000,4.9864
2023-08-22,120.7274,1.0846,145.79,7.2930,1.3547,1.2733,1335.06,16.9166,31.7541,115.6168,82.9400,4.9370
2023-08-23,120.4036,1.0862,144.62,7.2771,1.3542,1.2715,1339.12,16.7987,31.9279,115.4118,82.6900,4.8789
2023-08-24,120.5987,1.0826,145.75,7.2786,1.3562,1.2634,1321.07,16.8180,32.0981,115.8535,82.5700,4.8825
2023-08-25,120.8752,1.0787,146.38,7.2890,1.3626,1.2570,1324.11,16.7970,32.2149,116.3415,82.6400,4.8765
2023-08-28,120.6870,1.0810,146.40,7.2900,1.3596,1.2592,1323.20,16.7116,32.2636,116.1061,82.6000,4.8931
2023-08-29,120.6383,1.0851,146.01,7.2796,1.3589,1.2614,1321.87,16.8436,32.3560,115.7997,82.7000,4.8566
2023-08-30,120.1870,1.0926,145.94,7.2839,1.3515,1.2726,1323.42,16.7435,32.3473,115.1371,82.7300,4.8592
2023-08-31,120.5882,1.0839,145.68,7.2582,1.3539,1.2667,1322.43,16.8810,32.4266,115.6892,82.7800,4.9324
2023-09-01,121.1011,1.0787,146.20,7.2606,1.3582,1.2594,1318.34,17.1523,32.5169,116.1713,82.6900,4.9425
2023-09-04,,,,,,,,,,,,
2023-09-05,121.7785,1.0727,147.63,7.3018,1.3607,1.2583,1330.16,17.3392,32.7101,116.6981,83.0300,4.9643
2023-09-06,122.2029,1.0714,147.65,7.3160,1.3655,1.2498,1330.87,17.5490,32.8571,116.9841,83.1400,4.9690
2023-09-07,122.2903,1.0704,147.13,7.3287,1.3678,1.2485,1335.03,17.5396,33.0287,117.0542,83.2100,4.9767
2023-09-08,122.2933,1.0709,147.70,7.3430,1.3621,1.2476,1332.83,17.5710,33.1327,116.9499,82.9300,4.9762
2023-09-11,121.6757,1.0744,146.46,7.2882,1.3581,1.2529,1331.59,17.3680,33.1327,116.4970,83.0300,4.9346
2023-09-12,121.6301,1.0726,147.12,7.2911,1.3553,1.2477,1327.29,17.2553,33.1742,116.6308,82.8600,4.9423
2023-09-13,121.3981,1.0737,147.45,7.2700,1.3533,1.2488,1329.70,17.1055,33.2538,116.5629,82.9300,4.9053
2023-09-14,121.5744,1.0660,147.17,7.2770,1.3513,1.2410,1325.88,17.1090,33.3566,116.9276,83.0200,4.8669
2023-09-15,121.5361,1.0673,147.83,7.2744,1.3504,1.2392,1325.89,17.0680,33.4240,116.9306,83.1500,4.8674
2023-09-18,121.5414,1.0695,147.63,7.2915,1.3482,1.2403,1323.99,17.1116,33.5765,116.7540,83.2700,4.8469
2023-09-19,121.5175,1.0684,147.80,7.2964,1.3431,1.2393,1328.13,17.0624,33.5839,116.7096,83.2700,4.8586
2023-09-20,121.3200,1.0715,147.74,7.2870,1.3424,1.2389,1330.34,17.0270,33.7316,116.4994,83.0700,4.8471
2023-09-21,121.8972,1.0664,147.42,7.3066,1.3484,1.2299,1340.08,17.1577,33.7487,117.0462,83.1100,4.9212
2023-09-22,121.8735,1.0660,148.24,7.2980,1.3467,1.2257,1336.58,17.1431,33.8441,117.1375,82.9500,4.9128
2023-09-25,122.4445,1.0591,148.74,7.3110,1.3473,1.2218,1336.03,17.3711,33.9062,117.6008,83.1100,4.9637
2023-09-26,122.7950,1.0573,148.90,7.3100,1.3509,1.2168,1348.69,17.4958,33.9382,117.8557,83.2400,4.9835
2023-09-27,123.2947,1.0510,149.48,7.3105,1.3512,1.2133,1349.05,17.7030,34.0081,118.3026,83.1800,5.0565
2023-09-28,122.8562,1.0578,149.18,7.3010,1.3474,1.2223,1356.41,17.5990,34.1651,117.6983,83.1300,5.0357
2023-09-29,122.6332,1.0584,149.43,7.2960,1.3535,1.2214,1347.86,17.4064,34.2151,117.8257,83.0800,5.0021
2023-10-02,123.3573,1.0500,149.80,7.2960,1.3666,1.2130,1351.67,17.5457,34.3393,118.7260,83.0400,5.0770
2023-10-03,124.0624,1.0453,149.16,7.2960,1.3720,1.2069,1360.62,17.9134,34.3819,119.1757,83.2200,5.1348
2023-10-04,123.8848,1.0518,148.83,7.2960,1.3739,1.2157,1362.94,17.9505,34.5818,118.7157,83.2500,5.1362
2023-10-05,124.1752,1.0527,148.49,7.2960,1.3736,1.2171,1350.22,18.3190,34.6265,118.5971,83.2400,5.1809
2023-10-06,123.6561,1.0596,149.08,7.2960,1.3657,1.2255,1350.17,18.1600,34.6630,117.9792,83.2500,5.1530
2023-10-09,,,,,,,,,,,,
2023-10-10,123.2437,1.0618,148.62,7.2948,1.3579,1.2288,1349.79,17.9800,34.7329,117.5577,83.2500,5.0668
2023-10-11,123.0920,1.0620,149.17,7.2992,1.3617,1.2304,1339.31,17.8190,34.7545,117.6771,83.1800,5.0501
2023-10-12,123.5087,1.0553,149.71,7.3019,1.3656,1.2214,1338.21,17.8990,34.7545,118.2898,83.2800,5.0472
2023-10-13,123.8788,1.0502,149.62,7.3049,1.3650,1.2139,1349.65,18.0525,34.7980,118.5720,83.2600,5.0740
2023-10-16,123.6210,1.0546,149.57,7.3105,1.3615,1.2198,1353.67,17.9564,34.7904,118.1748,83.2800,5.0571
2023-10-17,123.4334,1.0593,149.71,7.3105,1.3622,1.2206,1353.60,17.9022,34.7640,117.9441,83.2200,5.0157
2023-10-18,124.1001,1.0532,149.86,7.3161,1.3696,1.2150,1349.45,18.2492,34.7256,118.5018,83.2500,5.0635
2023-10-19,124.0861,1.0570,149.92,7.3126,1.3716,1.2145,1357.50,18.2860,34.7731,118.3571,83.1000,5.0435
2023-10-20,123.9049,1.0592,149.85,7.3155,1.3692,1.2153,1352.92,18.2152,34.7713,118.1563,83.1400,5.0346
2023-10-23,123.5935,1.0646,149.78,7.3158,1.3676,1.2235,1353.70,18.1033,34.7713,117.7787,83.1900,5.0066
2023-10-24,123.9249,1.0595,149.84,7.3090,1.3744,1.2170,1342.68,18.2818,34.8905,118.2652,83.1900,4.9998
2023-10-25,124.0690,1.0583,149.94,7.3165,1.3772,1.2140,1349.07,18.2970,34.9402,118.4455,83.1800,4.9987
2023-10-26,124.2850,1.0532,150.44,7.3150,1.3830,1.2113,1359.32,18.1841,34.9346,118.9476,83.2400,5.0051
2023-10-27,123.9145,1.0592,149.60,7.3171,1.3866,1.2151,1355.15,18.0496,35.0042,118.6355,83.2700,4.9464
2023-10-30,123.7044,1.0620,149.01,7.3133,1.3829,1.2157,1350.98,18.0210,35.0042,118.3483,83.2500,5.0390
2023-10-31,124.1229,1.0568,151.46,7.3166,1.3878,1.2135,1351.03,18.0530,35.0480,119.0327,83.2600,5.0433
2023-11-01,124.0801,1.0538,150.96,7.3175,1.3879,1.2127,1356.94,17.9460,34.9776,119.1322,83.2400,5.0154
2023-11-02,123.1995,1.0618,150.48,7.3160,1.3788,1.2175,1342.91,17.5908,35.0656,118.3815,83.2200,4.9539
2023-11-03,122.1006,1.0733,149.36,7.3005,1.3671,1.2374,1322.04,17.3706,35.0845,117.1588,83.1400,4.8879
2023-11-06,121.9692,1.0747,149.77,7.2695,1.3662,1.2391,1297.94,17.5236,35.0845,117.0805,83.1900,4.8921
2023-11-07,122.3882,1.0687,150.47,7.2788,1.3769,1.2296,1308.33,17.4680,35.1284,117.8307,83.2200,4.8677
2023-11-08,122.4055,1.0715,150.77,7.2800,1.3798,1.2301,1309.98,17.4792,35.0662,117.7661,83.2800,4.8905
2023-11-09,122.4434,1.0710,151.04,7.2835,1.3766,1.2279,1309.89,17.4832,35.1577,117.7675,83.2500,4.9037
2023-11-10,,,,,,,,,,,,
2023-11-13,122.7389,1.0700,151.56,7.2890,1.3781,1.2268,1324.97,17.5770,35.2822,117.9328,83.3200,4.9090
2023-11-14,121.6865,1.0861,150.75,7.2530,1.3711,1.2483,1328.74,17.4010,35.2265,116.6015,83.3200,4.8658
2023-11-15,121.4035,1.0853,151.07,7.2466,1.3665,1.2431,1300.34,17.3256,35.2934,116.5535,83.1100,4.8600
2023-11-16,121.4953,1.0851,150.59,7.2416,1.3774,1.2423,1297.10,17.3019,35.3223,116.8303,83.2200,4.8790
2023-11-17,121.1657,1.0879,149.82,7.2120,1.3740,1.2430,1296.21,17.2099,35.3412,116.5222,83.2500,4.8964
2023-11-20,120.5653,1.0945,148.26,7.1680,1.3720,1.2505,1291.48,17.1260,35.3893,115.9124,83.3300,4.8652
2023-11-21,120.5182,1.0923,147.88,7.1352,1.3690,1.2540,1289.34,17.2096,35.3625,115.8601,83.2600,4.8933
2023-11-22,120.9757,1.0871,149.67,7.1550,1.3733,1.2468,1300.06,17.2014,35.3301,116.4528,83.2900,4.8885
2023-11-23,,,,,,,,,,,,
2023-11-24,120.5285,1.0934,149.57,7.1488,1.3608,1.2601,1306.08,17.1255,35.3967,115.6915,83.3400,4.8990
2023-11-27,120.4893,1.0937,148.89,7.1528,1.3633,1.2613,1304.33,17.1520,35.4133,115.6551,83.3400,4.9058
2023-11-28,119.9174,1.1007,147.41,7.1380,1.3562,1.2713,1293.71,17.1180,35.3821,114.8789,83.3300,4.8614
2023-11-29,120.1246,1.0969,147.39,7.1300,1.3596,1.2690,1292.74,17.2022,35.3897,115.1617,83.3100,4.8962
2023-11-30,120.5421,1.0908,147.87,7.1360,1.3587,1.2640,1289.95,17.3758,35.4052,115.4834,83.3600,4.9297
2023-12-01,120.2542,1.0878,147.00,7.1386,1.3495,1.2682,1305.45,17.2032,35.4243,115.2399,83.2700,4.8860
2023-12-04,120.7669,1.0824,147.15,7.1424,1.3537,1.2633,1304.43,17.4136,35.4916,115.6829,83.4000,4.9293
2023-12-05,121.0731,1.0787,147.26,7.1444,1.3577,1.2590,1311.47,17.4726,35.4340,116.0542,83.3300,4.9483
2023-12-06,120.8348,1.0790,147.16,7.1580,1.3580,1.2589,1313.03,17.2642,35.4689,116.0091,83.3200,4.8987
2023-12-07,120.8938,1.0794,144.10,7.1515,1.3594,1.2582,1325.27,17.4351,35.5084,115.7541,83.3200,4.9042
2023-12-08,121.0499,1.0746,144.88,7.1645,1.3595,1.2539,1307.11,17.3809,35.5128,116.1488,83.3800,4.9324
2023-12-11,121.2212,1.0747,146.41,7.1765,1.3568,1.2550,1316.38,17.4230,35.5128,116.1979,83.3800,4.9404
2023-12-12,120.9825,1.0790,145.45,7.1755,1.3611,1.2549,1313.75,17.2989,35.5573,115.9872,83.3700,4.9635
2023-12-13,121.4667,1.0793,145.17,7.1725,1.3570,1.2527,1319.76,17.4146,35.4835,115.8648,83.4000,4.9721
2023-12-14,119.8952,1.0997,141.53,7.1088,1.3404,1.2767,1296.11,17.2848,35.5371,113.8533,83.2800,4.8976
2023-12-15,120.0620,1.0906,141.80,7.1179,1.3374,1.2709,1295.92,17.1810,35.5512,114.2967,83.0200,4.9391
2023-12-18,120.2386,1.0920,143.04,7.1297,1.3391,1.2632,1297.63,17.2043,35.6354,114.4546,83.0400,4.9363
2023-12-19,119.8116,1.0977,143.62,7.1287,1.3340,1.2751,1307.95,17.0730,35.5649,113.9338,83.1800,4.8638
2023-12-20,119.8872,1.0957,143.77,7.1355,1.3322,1.2660,1299.22,17.0780,35.6263,114.0753,83.1400,4.8906
2023-12-21,119.6721,1.0990,142.16,7.1381,1.3294,1.2668,1304.82,17.0534,35.6427,113.6702,83.2700,4.8742
2023-12-22,119.4214,1.1008,142.60,7.1315,1.3259,1.2720,1302.54,16.9830,35.6979,113.4745,83.1200,4.8579
2023-12-25,,,,,,,,,,,,
2023-12-26,119.2551,1.1035,142.48,7.1432,1.3208,1.2709,1294.25,16.9675,35.7427,113.2251,83.1700,4.8260
2023-12-27,118.8525,1.1114,142.05,7.1405,1.3201,1.2797,1293.38,16.9138,35.6932,112.6229,83.3500,4.8321
2023-12-28,118.7620,1.1073,141.08,7.1065,1.3202,1.2743,1288.45,16.9090,35.7452,112.7493,83.1500,4.8514
2023-12-29,118.7686,1.1062,140.92,7.0999,1.3202,1.2743,1290.97,16.8998,35.8407,112.8067,83.1900,4.8521
2024-01-01,,,,,,,,,,,,
2024-01-02,119.6165,1.0957,141.89,7.1426,1.3310,1.2632,1300.52,17.0140,35.8856,113.8027,83.3100,4.8943
2024-01-03,120.0407,1.0909,143.55,7.1497,1.3358,1.2641,1305.10,17.0560,35.7773,114.3319,83.3000,4.9239
2024-01-04,119.9775,1.0957,144.59,7.1589,1.3355,1.2692,1310.39,17.0480,35.8597,114.1376,83.2100,4.9143
2024-01-05,119.7474,1.0957,144.52,7.1450,1.3331,1.2740,1315.62,16.9141,35.9444,114.0162,83.1600,4.8744
2024-01-08,119.6237,1.0976,143.89,7.1540,1.3361,1.2766,1315.58,16.8030,35.9165,113.9093,83.1300,4.8745
2024-01-09,120.0296,1.0935,144.35,7.1675,1.3384,1.2720,1315.92,16.9360,35.8487,114.2781,83.0900,4.8956
2024-01-10,120.1258,1.0960,145.68,7.1711,1.3379,1.2730,1320.42,16.9880,35.8273,114.2622,83.0100,4.8929
2024-01-11,120.2516,1.0943,146.03,7.1670,1.3439,1.2712,1313.04,16.9867,35.8538,114.5851,83.0300,4.8838
2024-01-12,119.9009,1.0959,144.86,7.1665,1.3399,1.2746,1313.41,16.8510,35.8730,114.2413,82.9200,4.8536
2024-01-15,,,,,,,,,,,,
2024-01-16,120.9213,1.0882,147.01,7.1874,1.3472,1.2657,1331.50,17.1499,35.8845,115.1451,83.0500,4.9163
2024-01-17,121.3823,1.0858,148.39,7.1960,1.3523,1.2666,1344.23,17.2650,35.9565,115.5680,83.1400,4.9280
2024-01-18,121.2366,1.0863,148.15,7.1961,1.3503,1.2687,1338.73,17.2035,35.9859,115.4640,83.1500,4.9440
2024-01-19,120.9947,1.0887,148.21,7.1931,1.3467,1.2677,1338.53,17.1160,36.0476,115.2847,83.0900,4.9280
2024-01-22,120.9687,1.0895,147.95,7.1920,1.3454,1.2728,1338.25,17.1342,36.0555,115.1371,83.0800,4.9815
2024-01-23,121.4244,1.0829,148.55,7.1720,1.3486,1.2661,1333.76,17.3620,36.0201,115.6591,83.1500,4.9744
2024-01-24,120.8336,1.0901,147.31,7.1580,1.3479,1.2754,1337.74,17.1590,36.0376,115.0356,83.0900,4.9190
2024-01-25,121.1670,1.0837,147.69,7.1690,1.3489,1.2700,1336.00,17.2283,36.0284,115.4709,83.0800,4.9272
2024-01-26,120.9665,1.0866,147.94,7.1763,1.3456,1.2720,1336.08,17.1442,36.0283,115.2301,83.1100,4.9135
2024-01-29,121.1888,1.0807,147.65,7.1798,1.3439,1.2681,1335.50,17.2418,36.1115,115.4687,83.1200,4.9422
2024-01-30,120.9442,1.0844,147.71,7.1755,1.3409,1.2683,1328.93,17.1794,36.0514,115.2155,83.1100,4.9627
2024-01-31,120.7727,1.0855,146.26,7.1673,1.3384,1.2733,1334.90,17.1762,36.1127,114.8968,83.0200,4.9390
2024-02-01,120.6832,1.0865,146.18,7.1799,1.3380,1.2727,1331.78,17.1020,36.1695,114.8576,82.9500,4.9195
2024-02-02,121.2438,1.0787,148.54,7.1920,1.3458,1.2627,1321.90,17.1550,36.1446,115.8013,82.9200,4.9700
2024-02-05,121.6831,1.0736,148.79,7.1982,1.3533,1.2532,1330.98,17.1680,36.1952,116.3765,83.0400,5.0018
2024-02-06,121.3021,1.0751,148.03,7.1908,1.3499,1.2589,1326.83,17.0265,36.1628,116.0725,83.0300,4.9539
2024-02-07,121.2518,1.0769,148.04,7.1943,1.3470,1.2629,1327.37,17.0430,36.1650,115.9000,82.9700,4.9628
2024-02-08,121.4226,1.0774,149.25,7.1965,1.3463,1.2620,1328.07,17.1182,36.1469,115.9947,82.9700,4.9940
2024-02-09,121.3851,1.0782,149.38,7.1929,1.3478,1.2628,1333.10,17.0937,36.1469,115.9961,83.0000,4.9678
2024-02-12,121.2839,1.0774,149.37,7.1928,1.3437,1.2631,1331.37,17.0591,36.2012,115.9203,82.9500,4.9536
2024-02-13,121.8558,1.0720,150.72,7.1928,1.3563,1.2606,1327.88,17.2020,36.2465,116.7425,83.0600,4.9536
2024-02-14,121.7411,1.0735,150.50,7.1928,1.3550,1.2562,1335.06,17.0970,36.2465,116.6368,83.0200,4.9653
2024-02-15,121.5567,1.0761,150.19,7.1928,1.3493,1.2580,1333.84,17.0810,36.1702,116.2890,83.0000,4.9739
2024-02-16,121.4984,1.0769,150.34,7.1928,1.3483,1.2590,1334.96,17.0620,36.1830,116.2240,83.0200,4.9702
2024-02-19,,,,,,,,,,,,
2024-02-20,121.3769,1.0814,149.87,7.1905,1.3517,1.2645,1337.25,17.0444,36.1469,115.9807,82.8800,4.9324
2024-02-21,121.3918,1.0818,150.29,7.1891,1.3504,1.2624,1334.95,17.0580,36.2044,115.9903,82.9600,4.9276
2024-02-22,121.4589,1.0815,150.62,7.1944,1.3496,1.2649,1328.71,17.1330,36.1409,115.9985,82.8600,4.9408
2024-02-23,121.3991,1.0828,150.36,7.1970,1.3502,1.2678,1328.71,17.1034,36.1423,115.8843,82.8600,4.9760
2024-02-26,121.4197,1.0855,150.79,7.1972,1.3513,1.2681,1330.86,17.1077,35.9796,115.8310,82.8500,4.9890
2024-02-27,121.3297,1.0857,150.46,7.1977,1.3522,1.2693,1330.86,17.0716,35.9804,115.7950,82.8800,4.9423
2024-02-28,121.4886,1.0843,150.68,7.1976,1.3570,1.2670,1336.02,17.0896,36.0053,116.0346,82.8800,4.9520
2024-02-29,121.5385,1.0807,149.90,7.1977,1.3568,1.2632,1336.19,17.0580,36.0053,116.1972,82.8700,4.9710
2024-03-01,121.3741,1.0832,150.20,7.1960,1.3553,1.2652,1334.80,17.0055,36.0614,116.0484,82.9100,4.9483
2024-03-04,121.2454,1.0862,150.44,7.1987,1.3563,1.2701,1331.29,16.9628,35.9899,115.9199,82.8800,4.9428
2024-03-05,121.2575,1.0861,150.14,7.1965,1.3579,1.2712,1336.51,16.9287,36.0031,115.9329,82.8600,4.9565
2024-03-06,120.8481,1.0913,149.17,7.1977,1.3509,1.2757,1333.99,16.8610,36.0415,115.3487,82.7800,4.9351
2024-03-07,120.5744,1.0941,148.08,7.1925,1.3466,1.2796,1324.30,16.8688,36.0822,114.9471,82.7800,4.9319
2024-03-08,120.3612,1.0941,147.17,7.1855,1.3468,1.2852,1319.28,16.8082,36.0428,114.8048,82.7300,4.9766
2024-03-11,120.4205,1.0928,146.86,7.1820,1.3485,1.2807,1312.55,16.8134,36.0998,114.9414,82.7200,4.9678
2024-03-12,120.5468,1.0918,147.69,7.1804,1.3495,1.2786,1310.82,16.8281,36.1100,115.1011,82.7700,4.9820
2024-03-13,120.3533,1.0944,147.73,7.1875,1.3470,1.2799,1314.67,16.7300,36.1462,114.9080,82.8100,4.9763
2024-03-14,120.6272,1.0888,148.19,7.1932,1.3516,1.2749,1318.20,16.6940,36.1726,115.4198,82.8200,4.9812
2024-03-15,120.7884,1.0888,149.14,7.1953,1.3530,1.2742,1329.35,16.6889,36.1853,115.5554,82.8600,4.9948
2024-03-18,120.9572,1.0886,149.13,7.1981,1.3540,1.2736,1333.59,16.7840,36.2259,115.6240,82.8900,5.0194
2024-03-19,121.3111,1.0859,150.73,7.1991,1.3578,1.2713,1338.28,16.8420,36.1746,116.0235,83.0100,5.0214
2024-03-20,121.3092,1.0856,151.66,7.1992,1.3562,1.2713,1339.02,16.7713,36.2713,116.1043,83.1800,5.0041
2024-03-21,121.1869,1.0861,151.59,7.1993,1.3536,1.2670,1322.11,16.7390,36.1954,116.0998,83.1500,4.9785
2024-03-22,121.5694,1.0817,151.35,7.2289,1.3594,1.2603,1338.14,16.7249,36.2309,116.5015,83.5300,4.9872
2024-03-25,121.4143,1.0837,151.42,7.2102,1.3579,1.2648,1342.61,16.7097,36.2646,116.3347,83.4200,4.9859
2024-03-26,121.4613,1.0829,151.58,7.2176,1.3568,1.2630,1344.00,16.6870,36.2099,116.4111,83.3200,4.9910
2024-03-27,121.4048,1.0821,151.35,7.2270,1.3586,1.2631,1348.58,16.5370,36.2432,116.5024,83.3400,4.9756
2024-03-28,121.4498,1.0801,151.35,7.2262,1.3530,1.2634,1346.01,16.6130,36.1989,116.4274,83.3500,5.0042
2024-03-29,121.4062,1.0791,151.22,7.2203,1.3540,1.2637,1347.08,16.5574,36.2886,116.4889,83.3400,5.0153
2024-04-01,121.8884,1.0733,151.72,7.2308,1.3579,1.2545,1348.75,16.6560,36.2886,117.0397,83.3600,5.0670
2024-04-02,121.6881,1.0769,151.55,7.2320,1.3570,1.2576,1351.37,16.5727,36.1704,116.7968,83.3200,5.0528
2024-04-03,121.4129,1.0827,151.67,7.2330,1.3521,1.2635,1348.50,16.5490,36.1953,116.3194,83.4300,5.0621
2024-04-04,121.1646,1.0865,151.66,7.2339,1.3493,1.2669,1346.87,16.5076,36.1587,116.0248,83.4400,5.0086
2024-04-05,121.3671,1.0841,151.59,7.2339,1.3580,1.2633,1352.58,16.4809,36.1200,116.3509,83.2900,5.0638
2024-04-08,121.1487,1.0853,151.78,7.2305,1.3583,1.2655,1353.20,16.3250,36.1368,116.3195,83.2500,5.0292
2024-04-09,121.1215,1.0856,151.73,7.2316,1.3583,1.2676,1354.80,16.3579,36.0904,116.2588,83.1800,5.0049
2024-04-10,121.9628,1.0737,152.90,7.2341,1.3688,1.2544,1349.05,16.5073,36.1345,117.4116,83.3700,5.0736
2024-04-11,122.0030,1.0722,153.19,7.2373,1.3705,1.2535,1364.19,16.4345,36.0978,117.5333,83.1900,5.0763
2024-04-12,122.6566,1.0647,153.12,7.2374,1.3756,1.2457,1374.74,16.6577,36.1897,118.1133,83.5900,5.1374
2024-04-15,122.7932,1.0644,154.25,7.2382,1.3751,1.2466,1383.63,16.6390,36.2040,118.2203,83.4800,5.1791
2024-04-16,123.4732,1.0628,154.57,7.2383,1.3824,1.2437,1393.92,16.9944,36.1982,118.5509,83.5400,5.2679
2024-04-17,123.3750,1.0644,154.61,7.2389,1.3804,1.2443,1385.88,16.9775,36.1982,118.4255,83.5400,5.2401
2024-04-18,123.3481,1.0660,154.61,7.2382,1.3755,1.2465,1373.42,17.1169,36.2357,118.1934,83.5300,5.2567
2024-04-19,123.4459,1.0655,154.55,7.2403,1.3742,1.2397,1376.72,17.2062,36.2357,118.2328,83.4600,5.2103
2024-04-22,123.4011,1.0655,154.77,7.2403,1.3721,1.2341,1381.84,17.1180,36.2811,118.2692,83.4700,5.2090
2024-04-23,123.0779,1.0695,154.81,7.2445,1.3676,1.2434,1379.27,17.0097,36.2597,117.8596,83.3600,5.1919
2024-04-24,123.2398,1.0687,155.11,7.2460,1.3721,1.2434,1369.86,17.1010,36.2967,118.0509,83.3400,5.1570
2024-04-25,123.1916,1.0721,155.52,7.2460,1.3691,1.2494,1369.86,17.1850,36.3320,117.7897,83.3100,5.1643
2024-04-26,123.3004,1.0686,157.62,7.2464,1.3678,1.2474,1375.10,17.1436,36.3400,118.1126,83.3800,5.1143
2024-04-29,122.9074,1.0717,156.71,7.2318,1.3649,1.2553,1377.35,17.0137,36.3413,117.7054,83.4600,5.1169
2024-04-30,123.3446,1.0684,157.54,7.2401,1.3748,1.2514,1381.92,17.0642,36.3351,118.2928,83.4400,5.1764
2024-05-01,123.3776,1.0680,157.65,7.2405,1.3760,1.2488,1386.95,17.0204,36.3351,118.3849,83.4500,5.1936
2024-05-02,122.8047,1.0706,153.77,7.2405,1.3696,1.2507,1375.39,16.9286,36.3807,117.6770,83.4400,5.1131
2024-05-03,122.5056,1.0770,152.85,7.2405,1.3683,1.2550,1363.04,17.0320,36.4186,117.1353,83.4300,5.0720
2024-05-06,122.2529,1.0779,153.85,7.2071,1.3655,1.2575,1358.81,16.9016,36.4934,117.0899,83.4800,5.0648
2024-05-07,122.4588,1.0767,154.59,7.2185,1.3712,1.2535,1359.45,16.9080,36.4849,117.4050,83.5100,5.0656
2024-05-08,122.5562,1.0755,155.42,7.2185,1.3719,1.2503,1359.45,16.9039,36.4707,117.5982,83.4500,5.0645
2024-05-09,122.5322,1.0771,155.68,7.2198,1.3690,1.2505,1369.74,16.8590,36.4913,117.4613,83.5100,5.1568
2024-05-10,122.3898,1.0773,155.85,7.2260,1.3663,1.2528,1367.77,16.7650,36.4950,117.3678,83.5400,5.1545
2024-05-13,122.4068,1.0796,156.17,7.2325,1.3675,1.2563,1367.91,16.8070,36.5186,117.2940,83.4800,5.1605
2024-05-14,122.3094,1.0818,156.50,7.2335,1.3650,1.2588,1368.77,16.8402,36.5408,117.1272,83.5000,5.1348
2024-05-15,121.7471,1.0860,155.02,7.2190,1.3612,1.2658,1360.15,16.6831,36.5034,116.6006,83.4600,5.1298
2024-05-16,121.6189,1.0875,155.25,7.2181,1.3606,1.2682,1345.15,16.6839,36.5127,116.5144,83.4600,5.1277
2024-05-17,121.6380,1.0869,155.57,7.2233,1.3615,1.2703,1354.83,16.6162,36.5127,116.5983,83.3400,5.1155
2024-05-20,121.6377,1.0861,156.09,7.2344,1.3611,1.2708,1356.00,16.5621,36.4803,116.6798,83.3400,5.0970
2024-05-21,121.7864,1.0855,156.08,7.2376,1.3644,1.2710,1363.54,16.5946,36.4789,116.7950,83.3100,5.1123
2024-05-22,121.9514,1.0836,156.49,7.2405,1.3667,1.2739,1362.36,16.6206,36.4675,116.9843,83.2600,5.1460
2024-05-23,122.1493,1.0827,157.05,7.2421,1.3696,1.2717,1362.38,16.7065,36.4550,117.1654,83.2700,5.1500
2024-05-24,122.0215,1.0852,156.90,7.2425,1.3665,1.2746,1369.02,16.6813,36.4306,116.9316,83.0900,5.1491
2024-05-27,,,,,,,,,,,,
2024-05-28,121.8382,1.0879,156.90,7.2451,1.3630,1.2786,1357.65,16.7039,36.4206,116.6292,83.1600,5.1541
2024-05-29,122.5535,1.0811,157.62,7.2494,1.3702,1.2714,1365.07,16.9370,36.4190,117.2904,83.3300,5.2030
2024-05-30,122.3560,1.0837,156.63,7.2493,1.3668,1.2739,1365.07,16.9232,36.4201,116.8903,83.2800,5.2034
2024-05-31,122.4845,1.0846,157.19,7.2410,1.3646,1.2738,1385.43,16.9940,36.4459,116.8375,83.4300,5.2413
2024-06-03,122.7156,1.0890,156.04,7.2420,1.3626,1.2795,1375.91,17.5780,36.4431,116.3463,83.1400,5.2345
2024-06-04,123.0715,1.0878,154.87,7.2393,1.3684,1.2785,1375.96,17.8580,36.4915,116.4336,83.5200,5.2887
2024-06-05,122.9014,1.0865,156.21,7.2475,1.3705,1.2771,1372.58,17.5340,36.4494,116.6879,83.3700,5.2824
2024-06-06,122.7416,1.0883,155.98,7.2451,1.3684,1.2786,1365.45,17.5212,36.4327,116.4972,83.4700,5.2549
2024-06-07,123.8707,1.0807,156.58,7.2466,1.3747,1.2727,1366.38,18.2662,36.3970,117.1739,83.3800,5.2731
2024-06-10,124.2232,1.0751,156.93,7.2475,1.3755,1.2733,1375.71,18.4040,36.3875,117.4584,83.5000,5.3645
2024-06-11,124.3450,1.0733,157.32,7.2544,1.3764,1.2725,1375.71,18.4350,36.3589,117.6242,83.5000,5.3529
2024-06-12,124.1411,1.0843,155.88,7.2544,1.3690,1.2843,1378.01,18.7390,36.3474,116.5965,83.5700,5.3920
2024-06-13,124.3287,1.0756,156.77,7.2519,1.3746,1.2764,1376.11,18.5611,36.3586,117.3287,83.5200,5.3777
2024-06-14,124.4755,1.0699,157.28,7.2557,1.3735,1.2685,1378.96,18.4519,36.3385,117.6732,83.5400,5.3559
2024-06-17,124.5427,1.0723,157.80,7.2561,1.3752,1.2689,1380.50,18.4897,36.3266,117.6555,83.5200,5.4173
2024-06-18,124.2835,1.0739,157.81,7.2543,1.3723,1.2699,1380.88,18.3918,36.3841,117.4120,83.4200,5.4054
2024-06-19,,,,,,,,,,,,
2024-06-20,124.4960,1.0708,158.77,7.2604,1.3703,1.2671,1384.38,18.3950,36.2921,117.6688,83.6200,5.4471
2024-06-21,124.4247,1.0694,159.45,7.2609,1.3698,1.2645,1388.17,18.1995,36.2880,117.8358,83.5300,5.4539
2024-06-24,124.0379,1.0727,159.71,7.2586,1.3658,1.2684,1389.17,18.0039,36.2816,117.5627,83.4200,5.4025
2024-06-25,124.2600,1.0705,159.68,7.2629,1.3658,1.2677,1387.16,18.1250,36.3334,117.6824,83.4000,5.4358
2024-06-26,124.5696,1.0682,160.68,7.2666,1.3697,1.2625,1388.65,18.1658,36.2746,118.0379,83.5500,5.5081
2024-06-27,124.6406,1.0708,160.70,7.2688,1.3693,1.2653,1385.76,18.3180,36.2913,117.8977,83.4400,5.5295
2024-06-28,124.5172,1.0711,160.88,7.2672,1.3684,1.2640,1376.55,18.2610,36.3175,117.8828,83.3300,5.5596
2024-07-01,124.7723,1.0728,161.55,7.2683,1.3742,1.2650,1383.00,18.3860,36.3175,118.0392,83.4400,5.5887
2024-07-02,124.6080,1.0737,161.53,7.2712,1.3691,1.2679,1386.55,18.2249,36.3640,117.8514,83.5000,5.6768
2024-07-03,124.1096,1.0799,161.48,7.2699,1.3624,1.2766,1384.85,18.1141,36.3760,117.2498,83.4800,5.5724
2024-07-04,,,,,,,,,,,,
2024-07-05,123.8192,1.0828,160.73,7.2680,1.3631,1.2807,1379.87,18.0870,36.3867,117.0028,83.4700,5.4802
2024-07-08,123.7060,1.0835,160.77,7.2683,1.3637,1.2829,1382.73,17.9935,36.4323,116.9747,83.4500,5.4587
2024-07-09,123.7559,1.0813,161.40,7.2725,1.3636,1.2787,1383.39,17.9441,36.4323,117.1677,83.4700,5.4316
2024-07-10,123.5508,1.0823,161.73,7.2758,1.3608,1.2842,1383.42,17.8331,36.4143,117.0382,83.5000,5.4030
2024-07-11,123.1267,1.0870,158.58,7.2573,1.3619,1.2920,1370.85,17.8318,36.4221,116.4663,83.5700,5.4265
2024-07-12,122.8093,1.0902,157.88,7.2495,1.3627,1.2986,1374.90,17.6530,36.4390,116.2304,83.4800,5.4559
2024-07-15,123.0059,1.0912,157.89,7.2592,1.3662,1.2986,1382.97,17.7660,36.4330,116.2856,83.5500,5.4383
2024-07-16,123.1024,1.0885,158.57,7.2685,1.3686,1.2958,1384.99,17.6590,36.4091,116.5753,83.6000,5.4566
2024-07-17,122.8920,1.0933,156.56,7.2607,1.3683,1.3008,1380.61,17.7487,36.4147,116.0512,83.5500,5.4769
2024-07-18,123.1548,1.0913,156.97,7.2600,1.3695,1.2973,1383.85,17.8452,36.4390,116.2458,83.5800,5.5395
2024-07-19,123.5033,1.0888,157.38,7.2695,1.3723,1.2922,1389.29,17.9387,36.4846,116.5519,83.7000,5.5569
2024-07-22,123.5735,1.0880,157.08,7.2736,1.3756,1.2911,1388.71,17.9260,36.4846,116.6964,83.6500,5.5485
2024-07-23,123.7296,1.0855,156.02,7.2748,1.3763,1.2916,1385.78,18.0738,36.4846,116.7580,83.6800,5.5685
2024-07-24,123.8784,1.0853,153.39,7.2622,1.3783,1.2925,1379.40,18.3789,36.4846,116.5331,83.7200,5.6352
2024-07-25,123.8341,1.0861,153.97,7.2310,1.3809,1.2884,1380.57,18.3491,36.5151,116.6436,83.7000,5.6254
2024-07-26,123.9862,1.0859,153.86,7.2502,1.3832,1.2864,1383.11,18.3960,36.4883,116.7332,83.7000,5.6551
2024-07-29,124.4412,1.0819,153.96,7.2597,1.3853,1.2853,1381.93,18.6591,36.5159,117.0170,83.7500,5.6514
2024-07-30,124.5760,1.0809,153.72,7.2511,1.3848,1.2828,1384.98,18.7983,36.5159,117.0426,83.7000,5.6543
2024-07-31,123.9223,1.0823,150.38,7.2193,1.3806,1.2840,1369.29,18.5975,36.5616,116.5345,83.7300,5.6628
2024-08-01,124.1551,1.0789,150.06,7.2441,1.3845,1.2772,1368.50,18.6418,36.5616,116.7736,83.7000,5.6935
2024-08-02,123.7169,1.0914,146.98,7.1600,1.3846,1.2798,1359.38,18.9991,36.5632,115.7969,83.7900,5.7359
2024-08-05,123.7919,1.0957,143.95,7.1300,1.3820,1.2765,1367.68,19.4450,36.5639,115.2692,83.8300,5.7496
2024-08-06,123.8794,1.0926,145.11,7.1563,1.3791,1.2695,1377.40,19.3187,36.5611,115.4877,83.9100,5.6409
2024-08-07,123.8126,1.0925,147.42,7.1760,1.3729,1.2718,1374.98,19.1741,36.5725,115.6011,83.9600,5.6000
2024-08-08,123.6961,1.0914,147.08,7.1747,1.3742,1.2741,1376.94,19.1130,36.5889,115.6288,83.9500,5.6012
2024-08-09,123.1964,1.0925,146.49,7.1660,1.3725,1.2766,1363.71,18.8245,36.5910,115.4525,83.9200,5.5099
2024-08-12,123.4942,1.0928,147.54,7.1744,1.3741,1.2776,1369.87,18.9940,36.5741,115.5797,83.9200,5.5058
2024-08-13,123.2819,1.0954,146.97,7.1558,1.3723,1.2828,1367.28,19.0499,36.5389,115.3014,83.9700,5.4867
2024-08-14,122.7057,1.1024,146.86,7.1382,1.3696,1.2849,1355.35,18.8242,36.5645,114.8845,83.9100,5.4577
2024-08-15,122.8791,1.0986,148.91,7.1734,1.3701,1.2863,1363.21,18.6539,36.5217,115.2872,83.9400,5.4610
2024-08-16,122.6944,1.0996,148.13,7.1644,1.3705,1.2906,1354.34,18.6169,36.5851,115.1139,83.9500,5.4751
2024-08-19,122.1762,1.1070,146.42,7.1393,1.3659,1.2984,1334.21,18.7425,36.5931,114.3748,83.8200,5.4048
2024-08-20,122.0677,1.1106,145.70,7.1320,1.3631,1.3027,1331.78,18.8923,36.6310,113.9886,83.7900,5.4727
2024-08-21,122.1407,1.1143,145.19,7.1344,1.3583,1.3077,1333.74,19.1910,36.5913,113.5736,83.9300,5.4737
2024-08-22,122.6371,1.1114,145.97,7.1440,1.3605,1.3094,1343.23,19.4370,36.5568,113.8286,83.9300,5.5675
2024-08-23,121.7525,1.1176,144.86,7.1244,1.3514,1.3197,1327.56,19.0940,36.6050,113.1126,83.9100,5.5102
2024-08-26,121.9678,1.1164,144.51,7.1212,1.3485,1.3185,1328.53,19.4050,36.4973,113.0716,83.8700,5.4980
2024-08-27,122.1318,1.1160,144.26,7.1244,1.3454,1.3235,1330.90,19.6486,36.4719,112.9125,83.9100,5.5043
2024-08-28,122.1586,1.1127,144.47,7.1245,1.3462,1.3201,1335.15,19.5288,36.4968,113.1006,83.9000,5.5351
2024-08-29,122.4706,1.1086,144.98,7.0972,1.3460,1.3186,1332.02,19.7880,36.5004,113.3566,83.8400,5.6355
2024-08-30,122.5582,1.1060,145.95,7.0900,1.3493,1.3132,1336.00,19.6576,36.5343,113.7213,83.8300,5.6193
2024-09-02,,,,,,,,,,,,
2024-09-03,123.0052,1.1043,145.82,7.1209,1.3543,1.3103,1339.79,19.8300,36.5538,113.9572,83.9400,5.6490
2024-09-04,122.7434,1.1081,144.31,7.1119,1.3519,1.3142,1336.93,19.8161,36.5475,113.5525,83.9500,5.6403
2024-09-05,122.6747,1.1096,143.43,7.0921,1.3515,1.3165,1335.14,19.9926,36.5520,113.3560,83.9600,5.5924
2024-09-06,122.7145,1.1086,142.13,7.0876,1.3561,1.3136,1335.68,20.0399,36.5929,113.4217,83.9100,5.5884
2024-09-09,122.9408,1.1042,142.92,7.1133,1.3560,1.3083,1342.16,19.8845,36.6041,113.7820,83.9300,5.6042
2024-09-10,123.2266,1.1025,142.28,7.1205,1.3607,1.3065,1343.41,20.0831,36.5937,113.9132,83.9500,5.6483
2024-09-11,123.0007,1.1012,141.72,7.1192,1.3595,1.3027,1340.59,19.8377,36.6144,113.9637,83.9500,5.6481
2024-09-12,122.6840,1.1041,142.24,7.1173,1.3595,1.3081,1341.35,19.6029,36.6405,113.8263,83.9200,5.6499
2024-09-13,121.9128,1.1085,140.66,7.0930,1.3581,1.3140,1329.26,19.2589,36.6491,113.3541,83.8800,5.5495
2024-09-16,121.7684,1.1123,140.79,7.0958,1.3599,1.3202,1320.59,19.2510,36.6832,113.1577,83.8900,5.5104
2024-09-17,121.8724,1.1118,141.77,7.0958,1.3598,1.3164,1323.81,19.2769,36.6951,113.3016,83.7500,5.5013
2024-09-18,121.8295,1.1116,141.93,7.0812,1.3607,1.3199,1324.15,19.2802,36.6783,113.3047,83.7500,5.4825
2024-09-19,121.5773,1.1147,142.88,7.0675,1.3560,1.3279,1329.08,19.2449,36.6870,113.0664,83.6800,5.4048
2024-09-20,121.6673,1.1159,143.90,7.0505,1.3565,1.3305,1333.66,19.3230,36.7093,113.1163,83.5700,5.4895
2024-09-23,121.6870,1.1130,143.59,7.0508,1.3502,1.3351,1334.12,19.3865,36.7309,112.9906,83.5300,5.5353
2024-09-24,121.3868,1.1150,143.77,7.0318,1.3470,1.3376,1330.00,19.3435,36.7210,112.7953,83.6600,5.4660
2024-09-25,121.6868,1.1143,144.41,7.0315,1.3466,1.3338,1335.10,19.5715,36.7185,112.9550,83.5600,5.4809
2024-09-26,121.3274,1.1184,144.68,7.0106,1.3466,1.3428,1314.78,19.5690,36.7586,112.6647,83.6000,5.4332
2024-09-27,121.3560,1.1159,142.60,7.0111,1.3504,1.3394,1309.43,19.6428,36.7733,112.6696,83.6800,5.4318
2024-09-30,121.5298,1.1145,143.25,7.0176,1.3511,1.3399,1314.94,19.6903,36.8163,112.8082,83.7600,5.4509
2024-10-01,121.9152,1.1067,143.66,7.0175,1.3492,1.3282,1323.78,19.7043,36.8304,113.2783,83.8100,5.4451
2024-10-02,121.8154,1.1050,146.05,7.0175,1.3485,1.3271,1321.53,19.3734,36.8264,113.5743,83.8100,5.4363
2024-10-03,122.3469,1.1015,146.82,7.0175,1.3533,1.3114,1335.58,19.4841,36.8264,114.1054,84.0000,5.4916
2024-10-04,122.4533,1.0961,148.69,7.0175,1.3578,1.3107,1348.74,19.1551,36.8930,114.6788,83.9900,5.4585
2024-10-07,122.6545,1.0976,148.13,7.0175,1.3608,1.3080,1343.75,19.3477,36.9432,114.6448,83.9600,5.4859
2024-10-08,122.9111,1.0970,148.22,7.0595,1.3662,1.3093,1346.49,19.3761,36.9471,114.8198,83.9500,5.5297
2024-10-09,123.1373,1.0951,149.20,7.0818,1.3682,1.3080,1346.04,19.4026,36.9813,115.0685,83.9300,5.5823
2024-10-10,123.3431,1.0925,148.56,7.0794,1.3752,1.3053,1350.77,19.4816,37.4357,115.2928,83.9400,5.5824
2024-10-11,123.2275,1.0942,149.12,7.0667,1.3768,1.3070,1350.71,19.4312,37.5561,115.2736,84.0800,5.6346
2024-10-14,,,,,,,,,,,,
2024-10-15,123.7730,1.0899,149.22,7.1192,1.3803,1.3083,1365.17,19.5715,38.7908,115.6030,84.0400,5.6446
2024-10-16,124.1606,1.0873,149.71,7.1192,1.3772,1.3000,1363.76,19.8835,38.8206,115.8163,84.0100,5.6602
2024-10-17,124.3466,1.0837,150.12,7.1216,1.3791,1.3008,1371.08,19.8860,38.9141,116.0411,84.0400,5.6764
2024-10-18,124.1511,1.0854,149.58,7.1015,1.3804,1.3022,1369.65,19.8161,39.0366,115.9436,84.0300,5.6787
2024-10-21,124.7004,1.0820,150.47,7.1189,1.3847,1.2980,1379.14,20.0494,39.0720,116.3290,84.0700,5.7026
2024-10-22,124.6396,1.0805,151.11,7.1230,1.3830,1.2969,1379.22,19.8992,39.0833,116.4061,84.0600,5.6914
2024-10-23,124.9181,1.0779,152.81,7.1252,1.3838,1.2944,1381.61,19.9284,39.2247,116.7460,84.0600,5.7045
2024-10-24,124.7430,1.0806,151.87,7.1190,1.3858,1.2964,1382.11,19.8520,39.3630,116.5762,84.0500,5.7068
2024-10-25,124.8418,1.0813,152.08,7.1199,1.3882,1.2978,1389.24,19.9126,40.7781,116.6079,84.0600,5.7018
2024-10-28,125.0385,1.0819,153.21,7.1254,1.3903,1.2981,1385.57,20.0444,40.9403,116.7401,84.0500,5.7063
2024-10-29,125.0952,1.0798,153.47,7.1301,1.3909,1.3005,1382.20,20.0000,41.6318,116.8864,84.0400,5.7248
2024-10-30,125.0444,1.0864,153.15,7.1229,1.3911,1.3012,1378.41,20.1720,42.1200,116.5352,84.0700,5.7780
2024-10-31,125.0247,1.0855,152.35,7.1178,1.3939,1.2856,1377.57,20.0314,42.4558,116.7212,84.0600,5.7887
2024-11-01,125.0403,1.0848,152.94,7.1214,1.3925,1.2959,1376.95,20.0273,42.6033,116.7108,84.0300,5.8292
2024-11-04,124.8168,1.0884,152.02,7.0995,1.3898,1.2942,1375.17,20.0880,42.6033,116.3636,84.1100,5.7707
2024-11-05,124.7803,1.0920,151.96,7.1047,1.3850,1.3015,1380.26,20.2417,42.6567,116.0024,84.1000,5.7720
2024-11-06,125.9311,1.0732,154.58,7.1782,1.3929,1.2897,1399.98,20.2500,43.3490,117.5023,84.3100,5.7043
2024-11-07,125.0160,1.0792,153.13,7.1412,1.3866,1.2985,1384.66,19.8839,43.6727,116.7876,84.3700,5.7028
2024-11-08,125.8066,1.0710,152.58,7.1785,1.3921,1.2905,1396.69,20.2230,44.0756,117.4017,84.3400,5.7813
2024-11-11,,,,,,,,,,,,
2024-11-12,126.9870,1.0598,154.73,7.2320,1.3956,1.2733,1408.28,20.5914,44.6425,118.4326,84.3800,5.7779
2024-11-13,127.1591,1.0567,155.28,7.2245,1.3985,1.2709,1404.24,20.5908,44.8166,118.7569,84.3900,5.8127
2024-11-14,127.2123,1.0562,155.96,7.2272,1.4025,1.2706,1402.77,20.5104,44.9404,118.9599,84.4200,5.7771
2024-11-15,127.1021,1.0552,154.59,7.2288,1.4076,1.2629,1397.42,20.3376,45.3932,119.0895,84.4100,5.7947
2024-11-18,126.8336,1.0586,154.78,7.2364,1.4028,1.2664,1394.28,20.2650,45.3932,118.7565,84.3700,5.7453
2024-11-19,126.6361,1.0578,154.34,7.2392,1.3981,1.2667,1392.83,20.1465,45.4501,118.6091,84.3600,5.7645
2024-11-20,127.1023,1.0521,155.38,7.2459,1.3995,1.2639,1399.51,20.3099,45.7264,119.0758,84.4100,5.7726
2024-11-21,127.3063,1.0475,154.66,7.2368,1.3960,1.2586,1401.00,20.4431,45.9437,119.2090,84.4800,5.8279
2024-11-22,127.6683,1.0399,154.73,7.2455,1.3985,1.2516,1405.49,20.4845,46.2115,119.7688,84.4400,5.8040
2024-11-25,127.2110,1.0478,154.29,7.2395,1.4003,1.2554,1401.03,20.3320,46.5011,119.2962,84.2400,5.8115
2024-11-26,127.6435,1.0481,153.49,7.2520,1.4058,1.2547,1396.69,20.7360,46.5261,119.3663,84.2700,5.8089
2024-11-27,127.0601,1.0575,150.69,7.2458,1.4028,1.2678,1391.14,20.6488,46.6368,118.4063,84.4100,5.8721
2024-11-28,,,,,,,,,,,,
2024-11-29,126.8114,1.0547,150.41,7.2423,1.4014,1.2699,1396.99,20.3142,47.1955,118.4652,84.4800,5.9956
2024-12-02,127.3499,1.0484,149.26,7.2714,1.4069,1.2639,1406.13,20.4351,47.4884,118.9178,84.7400,6.0741
2024-12-03,127.1983,1.0518,149.12,7.2858,1.4065,1.2677,1427.83,20.3230,47.6100,118.6767,84.6800,6.0650
2024-12-04,126.9956,1.0527,150.18,7.2632,1.4069,1.2712,1412.16,20.2576,47.7356,118.7033,84.6900,6.0330
2024-12-05,126.6638,1.0571,150.19,7.2558,1.4035,1.2754,1415.88,20.1920,47.9980,118.3400,84.6800,5.9745
2024-12-06,126.9271,1.0563,149.78,7.2700,1.4144,1.2744,1422.40,20.2363,48.2057,118.6243,84.6700,6.0739
2024-12-09,126.8394,1.0570,151.24,7.2604,1.4120,1.2783,1430.05,20.1870,48.6683,118.5810,84.7200,6.0648
2024-12-10,127.1884,1.0512,152.05,7.2500,1.4160,1.2758,1432.60,20.2400,48.7473,119.1317,84.8400,6.0549
2024-12-11,127.0950,1.0508,152.34,7.2605,1.4126,1.2763,1428.50,20.1342,48.9883,119.0946,84.8000,6.0090
2024-12-12,127.2039,1.0514,152.07,7.2685,1.4179,1.2715,1429.47,20.1440,49.3520,119.2463,84.8400,6.0097
2024-12-13,127.5569,1.0498,153.74,7.2756,1.4240,1.2629,1434.82,20.1391,49.7820,119.7453,84.7800,6.0645
2024-12-16,127.5235,1.0512,154.18,7.2836,1.4230,1.2690,1437.86,20.1412,50.2061,119.6217,84.8900,6.0579
2024-12-17,127.7565,1.0506,153.41,7.2846,1.4312,1.2718,1436.16,20.2650,50.2451,119.7655,84.9100,6.1122
2024-12-18,127.8936,1.0469,154.00,7.2864,1.4335,1.2696,1438.13,20.1588,50.4155,120.0957,84.9500,6.1906
2024-12-19,128.8598,1.0357,157.73,7.2965,1.4366,1.2530,1446.06,20.4137,50.8271,121.2649,85.0900,6.1414
2024-12-20,128.1411,1.0430,156.11,7.2953,1.4354,1.2587,1444.52,20.0664,51.2220,120.6255,85.0200,6.0815
2024-12-23,128.5356,1.0409,157.04,7.2977,1.4390,1.2529,1451.76,20.2010,51.4109,121.0140,85.1000,6.1784
2024-12-24,128.5651,1.0388,157.29,7.2946,1.4383,1.2528,1457.36,20.1610,51.4109,121.1533,85.1400,6.1906
2024-12-25,,,,,,,,,,,,
2024-12-26,128.5679,1.0423,158.01,7.2981,1.4404,1.2522,1467.66,20.1750,51.4754,121.0838,85.2500,6.1570
2024-12-27,128.6972,1.0423,157.73,7.2980,1.4433,1.2573,1470.40,20.2220,51.6370,121.0966,85.5300,6.2021
2024-12-30,129.0474,1.0386,157.26,7.2993,1.4374,1.2523,1472.32,20.5460,51.8047,121.1862,85.4700,6.2013
2024-12-31,129.4880,1.0351,157.37,7.2993,1.4400,1.2521,1477.86,20.8557,51.8047,121.4512,85.5500,6.1840
2025-01-01,,,,,,,,,,,,
2025-01-02,129.6666,1.0261,157.65,7.2994,1.4422,1.2376,1472.52,20.6250,51.8696,122.1523,85.7500,6.1556
2025-01-03,129.6721,1.0292,157.20,7.3199,1.4455,1.2419,1470.00,20.6490,52.4409,121.9692,85.7500,6.1759
2025-01-06,128.7878,1.0397,157.54,7.3223,1.4359,1.2530,1459.94,20.2771,52.4409,121.0798,85.7000,6.1086
2025-01-07,128.8574,1.0369,157.82,7.3264,1.4341,1.2499,1452.42,20.3255,52.5066,121.2639,85.7400,6.0641
2025-01-08,129.3038,1.0313,158.31,7.3316,1.4375,1.2366,1459.85,20.3720,52.9377,121.8364,85.8900,6.1280
2025-01-09,129.4927,1.0298,158.01,7.3321,1.4394,1.2303,1459.23,20.5041,53.1495,122.0159,85.8700,6.0691
2025-01-10,130.0513,1.0238,157.68,7.3326,1.4437,1.2215,1473.36,20.7124,53.7176,122.5471,85.9600,6.1123
2025-01-13,130.2142,1.0209,157.51,7.3319,1.4411,1.2158,1466.87,20.7901,53.7176,122.6927,86.6900,6.1089
2025-01-14,129.5812,1.0292,157.95,7.3311,1.4369,1.2188,1459.50,20.5144,53.7849,122.1210,86.6300,6.0506
2025-01-15,129.4107,1.0282,156.60,7.3304,1.4340,1.2214,1456.50,20.4700,53.8293,121.9302,86.3700,6.0466
2025-01-16,129.6284,1.0303,155.44,7.3316,1.4377,1.2246,1456.16,20.7958,54.2335,121.7617,86.5700,6.0448
2025-01-17,129.6771,1.0287,156.30,7.3249,1.4420,1.2181,1457.04,20.7010,54.6231,122.1208,86.5500,6.0368
2025-01-20,,,,,,,,,,,,
2025-01-21,128.6100,1.0423,155.49,7.2712,1.4328,1.2331,1435.29,20.5571,54.8477,120.9067,86.5800,6.0275
2025-01-22,128.5428,1.0420,156.62,7.2728,1.4361,1.2324,1435.77,20.4838,55.1617,121.1002,86.3400,5.9234
2025-01-23,128.4336,1.0420,156.00,7.2880,1.4359,1.2347,1434.29,20.3605,55.6217,121.0157,86.4200,5.9060
2025-01-24,127.6833,1.0515,155.58,7.2440,1.4331,1.2496,1429.17,20.2317,56.1423,120.2638,86.2000,5.8811
2025-01-27,128.2856,1.0492,154.22,7.2507,1.4388,1.2479,1433.83,20.7208,56.5106,120.3996,86.3400,5.9156
2025-01-28,128.4710,1.0427,155.65,7.2422,1.4392,1.2433,1446.42,20.5534,56.7141,120.9498,86.5200,5.8596
2025-01-29,128.5324,1.0416,155.22,7.2422,1.4432,1.2435,1441.85,20.5702,57.1542,121.0867,86.6100,5.8810
2025-01-30,128.2958,1.0420,154.42,7.2422,1.4411,1.2453,1442.16,20.4287,57.2494,120.9379,86.5500,5.8960
2025-01-31,128.6686,1.0400,154.91,7.2422,1.4459,1.2447,1453.86,20.6290,57.8217,121.1957,86.5400,5.8370
2025-02-03,129.2815,1.0277,154.68,7.2422,1.4601,1.2389,1461.21,20.5310,58.2976,122.2495,87.1900,5.8322
2025-02-04,128.2993,1.0379,154.56,7.2422,1.4318,1.2487,1451.02,20.4413,58.3941,120.8578,87.0600,5.7598
2025-02-05,128.1725,1.0419,152.33,7.2720,1.4280,1.2516,1442.37,20.5827,58.6468,120.2851,87.0800,5.7986
2025-02-06,128.3958,1.0368,152.04,7.2883,1.4314,1.2435,1447.05,20.5022,59.3118,120.7114,87.5700,5.7735
2025-02-07,128.6144,1.0329,151.30,7.2943,1.4311,1.2396,1453.97,20.5889,59.9913,120.9156,87.4300,5.7849
2025-02-10,128.8215,1.0312,151.72,7.3045,1.4317,1.2385,1451.00,20.6780,60.3698,121.0559,87.4500,5.7754
2025-02-11,128.6290,1.0346,152.37,7.3072,1.4308,1.2423,1452.31,20.5498,60.3914,120.8941,86.7600,5.7621
2025-02-12,128.5321,1.0392,154.62,7.3088,1.4288,1.2444,1453.49,20.4826,60.8752,120.8043,86.9000,5.7600
2025-02-13,128.0821,1.0428,153.18,7.2888,1.4230,1.2528,1446.95,20.5031,61.1928,120.2079,86.8900,5.7623
2025-02-14,127.3505,1.0498,152.25,7.2530,1.4170,1.2609,1439.89,20.3097,61.6681,119.4799,86.8200,5.7152
2025-02-17,,,,,,,,,,,,
2025-02-18,127.5010,1.0457,151.79,7.2786,1.4189,1.2614,1438.83,20.2490,61.9447,119.7103,86.9600,5.6880
2025-02-19,127.9207,1.0406,151.67,7.2833,1.4235,1.2571,1441.06,20.4428,62.0279,120.1277,86.9600,5.7143
2025-02-20,127.3057,1.0475,149.63,7.2555,1.4195,1.2643,1434.71,20.3652,62.3544,119.3711,86.6500,5.6970
2025-02-21,127.3285,1.0455,149.49,7.2501,1.4196,1.2647,1434.06,20.3521,63.0485,119.4551,86.7000,5.6976
2025-02-24,127.3749,1.0478,149.57,7.2476,1.4224,1.2640,1429.77,20.4401,63.2554,119.4145,86.7200,5.7325
2025-02-25,127.5544,1.0498,149.09,7.2512,1.4300,1.2652,1433.79,20.5295,63.3351,119.4187,87.2000,5.7677
2025-02-26,127.4762,1.0514,149.13,7.2595,1.4346,1.2696,1433.20,20.4272,63.8591,119.4196,87.2000,5.7800
2025-02-27,128.1589,1.0414,149.80,7.2853,1.4419,1.2628,1447.35,20.4818,64.0800,120.2768,87.1700,5.8282
2025-02-28,128.4646,1.0402,150.64,7.2828,1.4433,1.2591,1459.04,20.5254,64.0858,120.5291,87.5000,5.8835
2025-03-03,127.9558,1.0496,150.16,7.2843,1.4399,1.2711,1456.49,20.4555,64.0858,119.7621,87.3500,5.8852
2025-03-04,128.1864,1.0534,148.81,7.2651,1.4515,1.2726,1458.46,20.8270,64.1661,119.6754,87.2600,5.8872
2025-03-05,126.7441,1.0768,148.82,7.2506,1.4375,1.2864,1445.21,20.3860,64.1661,118.0575,86.9500,5.8077
2025-03-06,126.3526,1.0818,147.90,7.2468,1.4282,1.2894,1447.34,20.3132,64.4501,117.4348,87.1100,5.7785
2025-03-07,126.2243,1.0859,147.13,7.2340,1.4385,1.2918,1449.30,20.2660,64.5841,117.3504,86.8800,5.7872
2025-03-10,126.5199,1.0837,147.15,7.2591,1.4431,1.2909,1456.74,20.2860,65.1030,117.5987,87.2700,5.7964
2025-03-11,126.2896,1.0927,147.48,7.2278,1.4462,1.2948,1453.07,20.3490,65.2516,117.2462,87.1600,5.8247
2025-03-12,126.1251,1.0925,148.32,7.2372,1.4397,1.2970,1451.70,20.1678,65.4627,117.1786,87.1600,5.8208
2025-03-13,126.2551,1.0859,147.71,7.2439,1.4398,1.2945,1455.76,20.0913,66.0886,117.4909,87.0000,5.8032
2025-03-14,125.9538,1.0872,148.51,7.2377,1.4377,1.2917,1451.76,19.8545,66.2707,117.4637,87.0000,5.7299
2025-03-17,125.6291,1.0922,148.56,7.2327,1.4298,1.2988,1444.71,19.8918,66.3909,116.9313,86.7900,5.6874
2025-03-18,125.7402,1.0927,149.49,7.2273,1.4312,1.2987,1451.28,19.9858,66.6210,116.9954,86.5000,5.6714
2025-03-19,126.0515,1.0877,150.02,7.2300,1.4328,1.2969,1462.15,20.0570,66.6210,117.3631,86.4300,5.6494
2025-03-20,126.2370,1.0848,148.84,7.2477,1.4326,1.2973,1467.77,20.1342,66.7045,117.4203,86.3100,5.6730
2025-03-21,126.5090,1.0806,148.98,7.2486,1.4356,1.2896,1466.49,20.1940,67.6887,117.7831,86.0100,5.7242
2025-03-24,126.4403,1.0794,150.74,7.2531,1.4292,1.2913,1466.91,20.0960,68.1408,117.8246,85.5600,5.7295
2025-03-25,126.3075,1.0804,149.77,7.2569,1.4307,1.2948,1465.32,20.0713,68.2226,117.6524,85.7700,5.6837
2025-03-26,126.4839,1.0781,150.69,7.2675,1.4254,1.2889,1467.25,20.1100,68.5277,117.7872,85.7100,5.7386
2025-03-27,126.6098,1.0800,150.97,7.2645,1.4316,1.2963,1463.90,20.2783,68.8463,117.7782,85.7900,5.7339
2025-03-28,126.6599,1.0826,150.26,7.2628,1.4282,1.2942,1469.20,20.4198,69.2651,117.5358,85.5100,5.7672
2025-03-31,126.9402,1.0796,149.90,7.2567,1.4379,1.2896,1474.44,20.4582,69.3925,117.9708,85.4300,5.7405
2025-04-01,126.6783,1.0800,149.40,7.2697,1.4316,1.2923,1471.00,20.3290,69.6016,117.6987,85.4600,5.6874
2025-04-02,126.6284,1.0868,149.98,7.2675,1.4310,1.2974,1462.06,20.5000,69.8391,117.3522,85.5200,5.7004
2025-04-03,125.0254,1.1052,146.04,7.2813,1.4062,1.3113,1450.55,19.9508,70.0737,115.2843,85.4400,5.6022
2025-04-04,126.0693,1.1014,145.93,7.2803,1.4194,1.2927,1457.76,20.4910,70.4087,116.0575,85.2400,5.8039
2025-04-07,127.0629,1.0912,147.96,7.3081,1.4224,1.2729,1470.22,20.7140,72.0051,117.0216,85.8500,5.9242
2025-04-08,127.1122,1.0912,147.02,7.3388,1.4199,1.2769,1477.97,20.7089,73.1742,116.7871,86.2400,5.9878
2025-04-09,126.8819,1.1040,145.09,7.3499,1.4187,1.2771,1472.75,20.9441,74.0930,115.9132,86.6400,6.0542
2025-04-10,125.3694,1.1192,144.34,7.3140,1.4010,1.2940,1450.37,20.5029,75.6130,114.4109,86.6900,5.9429
2025-04-11,124.3156,1.1325,143.57,7.2915,1.3895,1.3051,1418.79,20.3700,77.0714,113.2927,86.0600,5.8781
2025-04-14,123.9908,1.1358,142.96,7.3119,1.3892,1.3176,1422.56,20.1255,78.1676,112.9371,86.0200,5.8649
2025-04-15,124.1129,1.1290,143.10,7.3150,1.3944,1.3223,1427.16,19.9704,78.3949,113.3550,85.7600,5.8809
2025-04-16,123.6167,1.1382,142.56,7.3053,1.3882,1.3247,1415.24,19.9648,79.5849,112.6821,85.6700,5.8610
2025-04-17,123.4733,1.1364,142.33,7.2990,1.3856,1.3259,1416.10,19.8079,79.5849,112.7059,85.3700,5.8308
2025-04-18,123.3365,1.1390,142.22,7.2996,1.3846,1.3279,1423.49,19.7175,79.6847,112.5298,85.4300,5.8067
2025-04-21,122.6770,1.1508,140.81,7.2914,1.3818,1.3385,1420.52,19.6628,79.6847,111.6570,85.1800,5.8067
2025-04-22,122.7879,1.1466,140.87,7.3118,1.3798,1.3376,1425.00,19.5840,81.5569,111.8649,85.1900,5.7392
2025-04-23,123.3750,1.1350,142.64,7.2860,1.3894,1.3256,1425.88,19.6327,82.1729,112.9409,85.4200,5.6969
2025-04-24,123.2850,1.1363,142.64,7.2879,1.3889,1.3309,1432.97,19.5896,83.2097,112.8156,85.3000,5.6709
2025-04-25,123.2454,1.1381,143.75,7.2864,1.3858,1.3331,1440.72,19.5585,84.2094,112.7707,85.4300,5.6810
2025-04-28,123.0856,1.1387,142.70,7.2942,1.3857,1.3395,1436.31,19.5507,85.8990,112.5570,85.0200,5.6777
2025-04-29,122.9514,1.1396,142.29,7.2690,1.3853,1.3397,1432.01,19.5851,86.4398,112.4760,85.2700,5.6330
2025-04-30,122.9440,1.1349,142.63,7.2706,1.3807,1.3344,1425.68,19.5914,86.6294,112.6273,84.4900,5.6612
2025-05-01,123.4811,1.1279,145.48,7.2706,1.3847,1.3273,1437.58,19.6360,86.6294,113.4208,84.5800,5.6729
2025-05-02,122.8590,1.1330,144.52,7.2706,1.3790,1.3283,1398.89,19.6685,86.7379,112.8840,84.5000,5.6485
2025-05-05,122.6335,1.1315,143.98,7.2706,1.3810,1.3284,1375.11,19.6316,88.4189,112.9178,84.2700,5.6663
2025-05-06,122.3907,1.1345,142.76,7.2164,1.3774,1.3369,1377.15,19.6870,88.5006,112.5178,84.4500,5.7206
2025-05-07,122.4652,1.1348,143.47,7.2250,1.3773,1.3344,1391.86,19.5831,90.9833,112.5793,84.8200,5.7438
2025-05-08,123.1019,1.1249,145.46,7.2340,1.3914,1.3287,1403.61,19.5850,91.6867,113.6270,85.6700,5.6798
2025-05-09,122.8790,1.1270,145.15,7.2364,1.3925,1.3318,1398.51,19.4834,92.5989,113.5120,85.3800,5.6435
2025-05-12,123.7948,1.1106,148.09,7.2018,1.4003,1.3194,1417.77,19.6130,92.8169,114.8906,85.3800,5.6843
2025-05-13,123.2905,1.1176,147.75,7.2057,1.3958,1.3280,1418.65,19.4181,92.8296,114.3128,85.3500,5.6023
2025-05-14,123.0145,1.1206,146.54,7.2080,1.3963,1.3303,1398.83,19.3501,93.3457,114.0727,85.2900,5.6131
2025-05-15,123.1492,1.1189,145.61,7.2067,1.3989,1.3292,1397.65,19.4860,93.9203,114.1235,85.5200,5.6370
2025-05-16,123.3969,1.1141,146.02,7.2090,1.3991,1.3257,1401.19,19.5250,94.0883,114.4404,85.4900,5.6775
2025-05-19,122.7649,1.1236,144.99,7.2144,1.3944,1.3357,1388.48,19.3707,94.5261,113.6678,85.3700,5.6424
2025-05-20,122.6730,1.1254,144.72,7.2194,1.3941,1.3371,1393.36,19.2670,94.5654,113.5563,85.6300,5.6687
2025-05-21,122.1012,1.1343,143.68,7.2019,1.3822,1.3447,1371.64,19.3190,94.6185,112.6613,85.6500,5.6591
2025-05-22,122.3865,1.1281,143.89,7.2037,1.3856,1.3426,1381.55,19.3232,94.7278,113.0981,85.9700,5.6205
2025-05-23,121.7283,1.1350,142.61,7.1798,1.3755,1.3511,1365.03,19.2798,94.7814,112.2973,85.1700,5.6887
2025-05-26,,,,,,,,,,,,
2025-05-27,121.9634,1.1326,144.37,7.1950,1.3776,1.3505,1375.85,19.2309,95.0006,112.6872,85.3000,5.6518
2025-05-28,122.3295,1.1286,145.04,7.1941,1.3819,1.3462,1374.60,19.4170,95.5657,113.0543,85.3900,5.7053
2025-05-29,121.9108,1.1370,144.09,7.1855,1.3809,1.3489,1371.75,19.3390,96.2890,112.5137,85.4900,5.6505
2025-05-30,122.1112,1.1347,144.18,7.1991,1.3747,1.3468,1381.13,19.3901,96.6156,112.5057,85.5000,5.7184
2025-06-02,121.5490,1.1432,142.76,7.1975,1.3699,1.3549,1376.42,19.2450,96.6156,111.7789,85.3300,5.7061
2025-06-03,121.8080,1.1373,143.93,7.1872,1.3722,1.3520,1378.45,19.2572,96.7366,112.2791,85.5900,5.6444
2025-06-04,121.4093,1.1424,142.91,7.1844,1.3668,1.3570,1364.16,19.2042,97.1759,111.7474,85.8500,5.6396
2025-06-05,121.3178,1.1440,143.87,7.1750,1.3667,1.3584,1355.97,19.1774,97.6583,111.7661,85.8000,5.5911
2025-06-06,121.5217,1.1397,144.87,7.1886,1.3686,1.3532,1360.28,19.1226,98.2669,112.1397,85.6600,5.5980
2025-06-09,121.2757,1.1425,144.37,7.1802,1.3675,1.3563,1354.99,19.0515,98.8439,111.8986,85.6400,5.5755
2025-06-10,121.4134,1.1423,144.91,7.1870,1.3683,1.3508,1367.55,19.0519,98.8769,112.0310,85.5700,5.5646
2025-06-11,120.9763,1.1490,144.48,7.1928,1.3662,1.3556,1368.29,18.8436,99.4491,111.6107,85.5100,5.5288
2025-06-12,120.5650,1.1578,143.64,7.1726,1.3615,1.3589,1356.47,18.8879,100.0888,110.9788,85.5500,5.5456
2025-06-13,120.7131,1.1557,144.04,7.1810,1.3575,1.3594,1364.93,18.9085,100.8295,111.0082,86.0800,5.5450
2025-06-16,120.5449,1.1581,144.14,7.1790,1.3556,1.3600,1357.55,18.9266,100.8295,110.8585,86.0500,5.5165
2025-06-17,120.8862,1.1535,145.04,7.1845,1.3587,1.3516,1370.29,18.9581,100.9558,111.2925,86.2900,5.4772
2025-06-18,121.1093,1.1521,144.58,7.1888,1.3683,1.3471,1372.11,19.0068,102.5513,111.6020,86.4900,5.4921
2025-06-19,,,,,,,,,,,,
2025-06-20,121.4110,1.1520,145.92,7.1785,1.3739,1.3465,1372.45,19.1369,104.2820,111.8933,86.5800,5.5035
2025-06-23,121.5412,1.1538,146.47,7.1790,1.3773,1.3491,1382.61,19.1600,104.2820,111.8977,86.7300,5.5163
2025-06-24,120.7549,1.1608,144.90,7.1713,1.3711,1.3616,1359.00,19.0210,104.4127,111.1217,85.9200,5.4985
2025-06-25,120.7333,1.1620,145.59,7.1764,1.3750,1.3626,1362.17,18.9159,104.4127,111.2173,86.0400,5.5589
2025-06-26,120.0587,1.1717,144.34,7.1675,1.3629,1.3754,1355.64,18.8741,105.9031,110.2687,85.6600,5.5043
2025-06-27,120.0786,1.1724,144.74,7.1721,1.3666,1.3720,1360.72,18.8283,106.5948,110.3921,85.4500,5.4801
2025-06-30,119.8269,1.1770,144.17,7.1636,1.3620,1.3722,1353.50,18.8292,107.3554,110.0028,85.7400,5.4294
2025-07-01,119.7678,1.1776,143.58,7.1647,1.3659,1.3728,1358.06,18.7381,107.9186,110.0062,85.5800,5.4589
2025-07-02,119.7289,1.1790,143.76,7.1649,1.3620,1.3623,1356.90,18.7503,108.7061,109.9656,85.7000,5.4286
2025-07-03,119.6678,1.1758,144.96,7.1684,1.3559,1.3656,1364.65,18.6440,109.4980,110.0547,85.3000,5.4178
2025-07-04,,,,,,,,,,,,
2025-07-07,120.0481,1.1733,145.86,7.1744,1.3644,1.3638,1369.60,18.6647,111.1401,110.4647,85.8600,5.4638
2025-07-08,120.2589,1.1707,146.81,7.1738,1.3671,1.3575,1372.74,18.7084,111.8475,110.7599,85.7500,5.4600
2025-07-09,120.1608,1.1707,146.53,7.1800,1.3694,1.3585,1375.04,18.5610,112.5464,110.7613,85.6900,5.4552
2025-07-10,120.2530,1.1688,146.46,7.1748,1.3682,1.3569,1373.37,18.6313,113.4661,110.8097,85.6500,5.5355
2025-07-11,120.3354,1.1696,147.29,7.1681,1.3678,1.3503,1375.37,18.6727,114.1255,110.8856,85.8000,5.5723
2025-07-14,120.6252,1.1672,147.69,7.1670,1.3694,1.3437,1382.51,18.7585,115.0396,111.1390,85.9900,5.5748
2025-07-15,120.9095,1.1619,148.75,7.1729,1.3713,1.3396,1385.39,18.7928,115.5550,111.5631,85.8200,5.5661
2025-07-16,120.8232,1.1629,148.08,7.1791,1.3706,1.3426,1390.84,18.7302,116.5271,111.4367,85.9600,5.5650
2025-07-17,121.0417,1.1597,148.55,7.1832,1.3749,1.3413,1391.04,18.7629,117.1101,111.7556,86.0800,5.5644
2025-07-18,120.7674,1.1645,148.55,7.1776,1.3711,1.3439,1390.29,18.7037,117.9917,111.3900,86.1000,5.5628
