latitude,longitude,bright_ti4,scan,track,acq_date,acq_time,satellite,confidence,version,bright_ti5,frp,daynight
41.43517,-75.59569,323.6,0.39,0.44,2025-01-13,0629,N20,nominal,2.0NRT,267.78,2.14,N
23.08642,-81.27223,307.76,0.48,0.48,2025-01-13,0635,N20,nominal,2.0NRT,291.15,1.2,N
41.43834,-75.59781,317.54,0.39,0.44,2025-01-13,0629,N20,nominal,2.0NRT,266.5,2.12,N
22.88769,-82.74165,307.52,0.59,0.53,2025-01-13,0635,N20,nominal,2.0NRT,290.14,1.86,N
22.6545,-81.23954,303.15,0.47,0.48,2025-01-13,0635,N20,nominal,2.0NRT,289.4,0.79,N
41.39508,-75.73869,295.48,0.39,0.44,2025-01-13,0629,N20,nominal,2.0NRT,267.8,1.1,N
22.68768,-81.9677,308.76,0.53,0.5,2025-01-13,0635,N20,nominal,2.0NRT,290.3,1.85,N
41.68292,-87.42318,298.38,0.79,0.78,2025-01-13,0629,N20,nominal,2.0NRT,269.24,1.67,N
22.68711,-81.96257,319.87,0.53,0.5,2025-01-13,0635,N20,nominal,2.0NRT,290.35,1.85,N
41.64139,-87.1457,323.76,0.76,0.77,2025-01-13,0629,N20,nominal,2.0NRT,268.19,5.52,N
22.18586,-78.74562,317.53,0.5,0.41,2025-01-13,0635,N20,nominal,2.0NRT,289.98,2.39,N
41.68209,-87.42805,306.48,0.79,0.78,2025-01-13,0629,N20,nominal,2.0NRT,267.61,3.4,N
22.26284,-80.87653,306.18,0.44,0.46,2025-01-13,0635,N20,nominal,2.0NRT,290.98,0.84,N
41.63927,-87.14095,320.76,0.76,0.77,2025-01-13,0629,N20,nominal,2.0NRT,267.26,6.56,N
22.18718,-80.53233,307.21,0.42,0.45,2025-01-13,0635,N20,nominal,2.0NRT,290.88,0.91,N
41.63926,-87.15051,296.73,0.76,0.77,2025-01-13,0629,N20,nominal,2.0NRT,266.44,4.72,N
21.80975,-79.95023,311.22,0.39,0.44,2025-01-13,0635,N20,nominal,2.0NRT,291.62,0.65,N
37.54448,-79.27339,300.24,0.54,0.51,2025-01-13,0631,N20,nominal,2.0NRT,265.23,1.78,N
21.5163,-78.13809,328.08,0.46,0.39,2025-01-13,0635,N20,nominal,2.0NRT,291.58,2.44,N
34.9848,-78.46679,298.99,0.46,0.47,2025-01-13,0631,N20,nominal,2.0NRT,269.4,0.49,N
21.5157,-78.13363,323.35,0.46,0.39,2025-01-13,0635,N20,nominal,2.0NRT,291.43,2.44,N
28.47129,-80.54049,319.27,0.5,0.49,2025-01-13,0633,N20,nominal,2.0NRT,283.66,2.46,N
21.51329,-78.14313,321.8,0.46,0.39,2025-01-13,0635,N20,nominal,2.0NRT,291.14,2.77,N
27.45155,-81.02376,296.32,0.52,0.5,2025-01-13,0633,N20,nominal,2.0NRT,280.17,0.81,N
21.51269,-78.13866,317.37,0.46,0.39,2025-01-13,0635,N20,nominal,2.0NRT,291.24,2.44,N
27.44694,-81.02437,298.43,0.52,0.5,2025-01-13,0633,N20,nominal,2.0NRT,281.09,1.09,N
20.98598,-77.00831,313.4,0.41,0.37,2025-01-13,0635,N20,nominal,2.0NRT,289.89,1.31,N
26.45392,-77.07829,297.48,0.47,0.39,2025-01-13,0633,N20,nominal,2.0NRT,286.76,0.51,N
20.28995,-74.94673,300.3,0.38,0.36,2025-01-13,0635,N20,nominal,2.0NRT,289.61,0.41,N
26.28006,-80.15479,313.75,0.45,0.47,2025-01-13,0633,N20,nominal,2.0NRT,285.34,1.17,N
20.21719,-74.98169,320.3,0.38,0.36,2025-01-13,0635,N20,nominal,2.0NRT,290.83,1.14,N
18.92376,-71.64796,301.72,0.49,0.4,2025-01-13,0635,N20,nominal,2.0NRT,290.31,0.68,N
25.85912,-80.34639,301.95,0.46,0.47,2025-01-13,0633,N20,nominal,2.0NRT,286.14,0.74,N
20.34726,-89.42493,314.46,0.75,0.77,2025-01-13,0635,N20,nominal,2.0NRT,291.24,2.01,N
20.35037,-89.4255,317.21,0.75,0.77,2025-01-13,0637,N20,nominal,2.0NRT,291.09,2.54,N
25.86155,-80.34418,300.84,0.46,0.47,2025-01-13,0633,N20,nominal,2.0NRT,285.44,0.83,N
17.966,-76.72949,305.09,0.39,0.36,2025-01-13,0637,N20,nominal,2.0NRT,295.03,0.66,N
24.67631,-78.0388,303.59,0.49,0.41,2025-01-13,0635,N20,nominal,2.0NRT,288.36,0.82,N
24.67322,-78.04426,300.11,0.49,0.41,2025-01-13,0635,N20,nominal,2.0NRT,287.99,0.64,N
24.66698,-78.02536,318.76,0.49,0.41,2025-01-13,0635,N20,nominal,2.0NRT,289.54,2.64,N
24.66326,-78.02594,302.39,0.49,0.41,2025-01-13,0635,N20,nominal,2.0NRT,288.68,1.12,N
24.6608,-78.03627,300.48,0.49,0.41,2025-01-13,0635,N20,nominal,2.0NRT,287.91,0.72,N
24.66017,-78.03139,303.47,0.49,0.41,2025-01-13,0635,N20,nominal,2.0NRT,289.3,1.12,N
20.38455,-99.69193,295.78,0.39,0.36,2025-01-13,0817,N20,nominal,2.0NRT,273.76,0.77,N
20.58259,-101.17161,298.97,0.39,0.36,2025-01-13,0817,N20,nominal,2.0NRT,280.18,0.74,N
20.57928,-101.17218,321.17,0.39,0.36,2025-01-13,0817,N20,nominal,2.0NRT,281.3,1.58,N
20.57815,-101.16479,300.66,0.39,0.36,2025-01-13,0817,N20,nominal,2.0NRT,278.38,0.85,N
20.57597,-101.17275,303.09,0.39,0.36,2025-01-13,0817,N20,nominal,2.0NRT,276.93,1.58,N
20.52763,-100.92424,314.12,0.39,0.36,2025-01-13,0817,N20,nominal,2.0NRT,283.3,2.18,N
20.52434,-100.92481,328.23,0.39,0.36,2025-01-13,0817,N20,nominal,2.0NRT,285.93,2.18,N
18.86818,-92.62496,325.94,0.59,0.53,2025-01-13,0817,N20,nominal,2.0NRT,292.58,3.67,N
18.86895,-92.62563,331.47,0.59,0.53,2025-01-13,0817,N20,nominal,2.0NRT,292.37,2.89,N
20.05178,-99.27934,295.48,0.39,0.37,2025-01-13,0817,N20,nominal,2.0NRT,280.98,1.09,N
20.05029,-99.29111,313.55,0.39,0.37,2025-01-13,0817,N20,nominal,2.0NRT,276.89,1.1,N
20.04846,-99.27995,295.49,0.39,0.37,2025-01-13,0817,N20,nominal,2.0NRT,283.56,0.79,N
39.97748,-86.83806,341.49,0.46,0.47,2025-01-13,0811,N20,nominal,2.0NRT,267.99,6.87,N
20.04785,-99.27624,296.68,0.39,0.37,2025-01-13,0817,N20,nominal,2.0NRT,283.99,0.79,N
20.03003,-99.2719,317.21,0.39,0.37,2025-01-13,0817,N20,nominal,2.0NRT,279.66,2,N
18.6488,-92.17024,307.75,0.32,0.55,2025-01-13,0817,N20,nominal,2.0NRT,292.02,1.97,N
39.97596,-86.84029,330.84,0.46,0.47,2025-01-13,0811,N20,nominal,2.0NRT,263.88,3.41,N
18.64819,-92.16725,310.02,0.32,0.55,2025-01-13,0817,N20,nominal,2.0NRT,291.95,2.9,N
38.00759,-90.08407,297.22,0.53,0.42,2025-01-13,0811,N20,nominal,2.0NRT,268.39,0.64,N
18.64385,-92.17136,333.95,0.32,0.55,2025-01-13,0817,N20,nominal,2.0NRT,291.64,1.97,N
37.96821,-90.07918,307.8,0.53,0.42,2025-01-13,0811,N20,nominal,2.0NRT,271.14,1.91,N
18.64325,-92.16837,351.86,0.32,0.55,2025-01-13,0817,N20,nominal,2.0NRT,291.59,2.9,N
18.64446,-92.17434,308.76,0.32,0.55,2025-01-13,0817,N20,nominal,2.0NRT,290.98,1.97,N
37.03727,-91.75304,298.41,0.47,0.4,2025-01-13,0813,N20,nominal,2.0NRT,268.47,1.55,N
18.64087,-92.50822,335.02,0.61,0.53,2025-01-13,0817,N20,nominal,2.0NRT,292.4,4.89,N
37.03626,-91.74785,316.16,0.47,0.4,2025-01-13,0813,N20,nominal,2.0NRT,270.13,1.87,N
18.63604,-92.5093,325.11,0.61,0.53,2025-01-13,0817,N20,nominal,2.0NRT,292.28,4,N
36.59568,-90.91992,304.68,0.52,0.41,2025-01-13,0813,N20,nominal,2.0NRT,270.15,1.32,N
18.62636,-92.51146,316.52,0.61,0.53,2025-01-13,0817,N20,nominal,2.0NRT,292.56,1.72,N
36.59454,-90.91424,302.02,0.52,0.41,2025-01-13,0813,N20,nominal,2.0NRT,270.98,1.32,N
18.62271,-92.5084,315.83,0.61,0.54,2025-01-13,0817,N20,nominal,2.0NRT,292.13,2.03,N
19.34507,-96.70609,304.49,0.5,0.41,2025-01-13,0817,N20,nominal,2.0NRT,289.09,1.04,N
36.86286,-92.78991,325.31,0.43,0.38,2025-01-13,0813,N20,nominal,2.0NRT,268.73,2.97,N
18.65777,-93.33823,320.73,0.54,0.51,2025-01-13,0817,N20,nominal,2.0NRT,291.92,1.97,N
18.48787,-93.34654,314.02,0.54,0.51,2025-01-13,0817,N20,nominal,2.0NRT,292.19,1.64,N
35.94671,-89.71236,302.02,0.4,0.44,2025-01-13,0813,N20,nominal,2.0NRT,272.95,0.7,N
18.48629,-93.36264,313.81,0.54,0.51,2025-01-13,0817,N20,nominal,2.0NRT,291.88,1.65,N
35.93874,-89.71493,306.87,0.4,0.44,2025-01-13,0813,N20,nominal,2.0NRT,274.37,1.6,N
18.4417,-93.16457,345.75,0.56,0.51,2025-01-13,0817,N20,nominal,2.0NRT,292.86,7.03,N
18.42159,-93.18525,320.62,0.56,0.51,2025-01-13,0817,N20,nominal,2.0NRT,291.76,1.17,N
35.93845,-89.71303,312.58,0.4,0.44,2025-01-13,0813,N20,nominal,2.0NRT,274.79,1.67,N
18.41958,-93.18619,317.85,0.56,0.51,2025-01-13,0817,N20,nominal,2.0NRT,291.54,2.65,N
35.93447,-89.7143,319.58,0.4,0.44,2025-01-13,0813,N20,nominal,2.0NRT,271.75,1.92,N
18.13981,-92.82598,301.34,0.59,0.53,2025-01-13,0817,N20,nominal,2.0NRT,290.37,0.37,N
18.18292,-93.21519,314.77,0.56,0.52,2025-01-13,0817,N20,nominal,2.0NRT,290.53,1.8,N
35.64885,-89.93386,348.02,0.4,0.44,2025-01-13,0813,N20,nominal,2.0NRT,274.73,5.86,N
18.22029,-93.895,307.48,0.51,0.49,2025-01-13,0817,N20,nominal,2.0NRT,290.2,0.98,N
36.15754,-93.09852,298.04,0.43,0.38,2025-01-13,0813,N20,nominal,2.0NRT,267.59,0.47,N
18.06872,-93.3128,318.5,0.55,0.51,2025-01-13,0817,N20,nominal,2.0NRT,290.66,2.3,N
35.79401,-91.74895,296.47,0.49,0.4,2025-01-13,0813,N20,nominal,2.0NRT,268,1.24,N
18.06407,-93.3138,331.21,0.55,0.51,2025-01-13,0817,N20,nominal,2.0NRT,291.88,4.79,N
36.5183,-97.83993,319.23,0.4,0.37,2025-01-13,0813,N20,nominal,2.0NRT,268.8,1.9,N
17.89896,-92.49094,322.76,0.63,0.54,2025-01-13,0817,N20,nominal,2.0NRT,291.51,4.07,N
17.89405,-92.49205,306.55,0.63,0.54,2025-01-13,0817,N20,nominal,2.0NRT,291.38,4.07,N
35.09201,-92.55638,321.81,0.46,0.39,2025-01-13,0813,N20,nominal,2.0NRT,268.41,2.1,N
35.51057,-97.00726,301.97,0.39,0.36,2025-01-13,0813,N20,nominal,2.0NRT,266.5,0.88,N
18.00401,-93.08624,305.41,0.58,0.52,2025-01-13,0817,N20,nominal,2.0NRT,290.46,0.44,N
17.87813,-92.48952,330.93,0.63,0.54,2025-01-13,0817,N20,nominal,2.0NRT,291.76,4.78,N
34.67669,-96.80851,305.48,0.38,0.36,2025-01-13,0813,N20,nominal,2.0NRT,267.93,0.94,N
18.00624,-93.45071,312.42,0.55,0.51,2025-01-13,0817,N20,nominal,2.0NRT,291.09,1.16,N
32.48353,-92.15264,298.72,0.53,0.42,2025-01-13,0813,N20,nominal,2.0NRT,281.08,1.09,N
18.13398,-94.20365,301.41,0.49,0.48,2025-01-13,0817,N20,nominal,2.0NRT,289.44,0.34,N
33.07635,-96.24217,300.89,0.39,0.36,2025-01-13,0813,N20,nominal,2.0NRT,273.52,0.61,N
32.45754,-97.03523,301.01,0.38,0.36,2025-01-13,0813,N20,nominal,2.0NRT,278.31,0.81,N
18.09418,-94.04572,337.51,0.5,0.49,2025-01-13,0817,N20,nominal,2.0NRT,291.66,4.77,N
17.94404,-93.2825,332.88,0.56,0.52,2025-01-13,0817,N20,nominal,2.0NRT,291.15,5.17,N
32.45554,-97.04406,295.7,0.38,0.36,2025-01-13,0813,N20,nominal,2.0NRT,274.9,0.94,N
32.74412,-100.95865,313.93,0.47,0.39,2025-01-13,0813,N20,nominal,2.0NRT,274.39,1.49,N
18.09508,-94.05032,311.3,0.5,0.49,2025-01-13,0817,N20,nominal,2.0NRT,289.64,3.48,N
32.84882,-104.39687,298.38,0.46,0.47,2025-01-13,0813,N20,nominal,2.0NRT,272.77,1.78,N
17.90437,-93.1818,332.6,0.57,0.52,2025-01-13,0817,N20,nominal,2.0NRT,291.88,4.9,N
31.39512,-94.82484,317.52,0.43,0.38,2025-01-13,0813,N20,nominal,2.0NRT,277.74,2.47,N
17.90544,-93.18709,301.18,0.57,0.52,2025-01-13,0817,N20,nominal,2.0NRT,290.81,0.96,N
32.27939,-101.40887,296.15,0.48,0.4,2025-01-13,0813,N20,nominal,2.0NRT,273.56,1.04,N
17.90074,-93.18813,338.5,0.57,0.52,2025-01-13,0817,N20,nominal,2.0NRT,291.61,15.67,N
17.89968,-93.18283,314.45,0.57,0.52,2025-01-13,0817,N20,nominal,2.0NRT,294.8,18.68,N
32.32228,-101.82177,305.9,0.5,0.41,2025-01-13,0813,N20,nominal,2.0NRT,270.82,1.39,N
17.89605,-93.18916,338.11,0.57,0.52,2025-01-13,0817,N20,nominal,2.0NRT,292.41,15.67,N
17.89498,-93.18385,337.78,0.57,0.52,2025-01-13,0817,N20,nominal,2.0NRT,291.68,18.68,N
32.21381,-101.84657,326.62,0.5,0.41,2025-01-13,0813,N20,nominal,2.0NRT,279.78,11.62,N
32.19514,-101.88239,323.31,0.5,0.41,2025-01-13,0813,N20,nominal,2.0NRT,273.24,1.34,N
17.89243,-93.19552,324.22,0.57,0.52,2025-01-13,0817,N20,nominal,2.0NRT,291.86,2.75,N
32.19139,-101.88303,299.21,0.5,0.41,2025-01-13,0813,N20,nominal,2.0NRT,271.1,1.34,N
17.89135,-93.19019,304.11,0.57,0.52,2025-01-13,0817,N20,nominal,2.0NRT,291.45,2.75,N
32.18574,-101.86768,306.45,0.5,0.41,2025-01-13,0813,N20,nominal,2.0NRT,272.8,1.65,N
17.91507,-93.38021,326.43,0.55,0.51,2025-01-13,0817,N20,nominal,2.0NRT,291.2,2.33,N
31.35396,-96.16978,327.64,0.4,0.37,2025-01-13,0813,N20,nominal,2.0NRT,276.33,2.98,N
18.10332,-94.34939,341.15,0.48,0.48,2025-01-13,0817,N20,nominal,2.0NRT,292,8.53,N
32.1695,-101.89223,316.27,0.5,0.41,2025-01-13,0813,N20,nominal,2.0NRT,273.87,1.93,N
32.16906,-101.8933,310.75,0.5,0.41,2025-01-13,0813,N20,nominal,2.0NRT,273.59,1.71,N
17.96487,-93.6517,344.08,0.53,0.5,2025-01-13,0817,N20,nominal,2.0NRT,292.13,7.33,N
31.98195,-100.57428,298.87,0.44,0.39,2025-01-13,0813,N20,nominal,2.0NRT,271.42,0.75,N
18.11278,-94.39755,307.9,0.47,0.48,2025-01-13,0817,N20,nominal,2.0NRT,290.05,0.95,N
18.10246,-94.34501,301.6,0.48,0.48,2025-01-13,0817,N20,nominal,2.0NRT,289.96,2.56,N
31.80563,-102.03516,309.65,0.51,0.41,2025-01-13,0813,N20,nominal,2.0NRT,269.26,1.43,N
17.96977,-93.67618,301.3,0.53,0.5,2025-01-13,0817,N20,nominal,2.0NRT,290.46,0.6,N
31.81847,-104.32681,334.98,0.45,0.47,2025-01-13,0813,N20,nominal,2.0NRT,268.22,3.4,N
31.48566,-102.15792,299.38,0.51,0.41,2025-01-13,0813,N20,nominal,2.0NRT,269.44,0.76,N
17.89124,-93.19672,317.69,0.57,0.52,2025-01-13,0817,N20,nominal,2.0NRT,291.4,2.07,N
31.39411,-101.97441,296.35,0.5,0.41,2025-01-13,0813,N20,nominal,2.0NRT,262.94,0.3,N
17.8902,-93.19136,302.84,0.57,0.52,2025-01-13,0817,N20,nominal,2.0NRT,290.95,2.46,N
31.3913,-103.31672,301.02,0.39,0.44,2025-01-13,0813,N20,nominal,2.0NRT,270.48,0.47,N
18.1021,-94.34706,338.72,0.48,0.48,2025-01-13,0817,N20,nominal,2.0NRT,292.38,5.61,N
31.38728,-103.31734,299.64,0.39,0.44,2025-01-13,0813,N20,nominal,2.0NRT,269.66,0.47,N
18.11121,-94.39536,311.36,0.47,0.48,2025-01-13,0817,N20,nominal,2.0NRT,290.31,0.97,N
31.27877,-103.5702,326.26,0.4,0.44,2025-01-13,0815,N20,nominal,2.0NRT,270.48,1.87,N
18.10293,-94.35146,304.04,0.48,0.48,2025-01-13,0817,N20,nominal,2.0NRT,290.21,5.61,N
31.28646,-103.67628,305.02,0.4,0.45,2025-01-13,0815,N20,nominal,2.0NRT,271.18,1.32,N
17.91723,-93.3809,315.23,0.55,0.51,2025-01-13,0817,N20,nominal,2.0NRT,290.95,1.99,N
29.75831,-95.01986,299.39,0.44,0.38,2025-01-13,0815,N20,nominal,2.0NRT,280.68,0.78,N
17.91624,-93.37577,309.92,0.55,0.51,2025-01-13,0817,N20,nominal,2.0NRT,291.15,1.99,N
29.74628,-95.01342,298.66,0.44,0.38,2025-01-13,0815,N20,nominal,2.0NRT,284.95,1.54,N
17.96505,-93.65308,337.5,0.53,0.5,2025-01-13,0817,N20,nominal,2.0NRT,291.3,4.88,N
29.74385,-95.00005,296.19,0.44,0.38,2025-01-13,0815,N20,nominal,2.0NRT,281.27,0.59,N
17.96978,-93.67761,304.29,0.53,0.5,2025-01-13,0817,N20,nominal,2.0NRT,290.65,0.45,N
29.75195,-95.10461,308.13,0.43,0.38,2025-01-13,0815,N20,nominal,2.0NRT,281.17,0.77,N
17.9641,-93.64814,311.91,0.53,0.5,2025-01-13,0817,N20,nominal,2.0NRT,290.74,4.88,N
29.72929,-95.08486,296.47,0.44,0.38,2025-01-13,0815,N20,nominal,2.0NRT,281.18,0.53,N
17.84637,-93.11787,316.1,0.58,0.52,2025-01-13,0817,N20,nominal,2.0NRT,290.91,49.25,N
29.73916,-95.16084,306.71,0.43,0.38,2025-01-13,0815,N20,nominal,2.0NRT,281.95,1.41,N
17.94588,-93.65206,332.41,0.53,0.5,2025-01-13,0817,N20,nominal,2.0NRT,291.01,2.84,N
29.72519,-95.12274,295.15,0.43,0.38,2025-01-13,0815,N20,nominal,2.0NRT,283.94,0.95,N
17.84271,-93.1243,338.88,0.58,0.52,2025-01-13,0817,N20,nominal,2.0NRT,292.98,49.25,N
29.72858,-95.22287,304.02,0.43,0.38,2025-01-13,0815,N20,nominal,2.0NRT,280.72,0.87,N
17.84166,-93.11897,336.41,0.58,0.52,2025-01-13,0817,N20,nominal,2.0NRT,301.57,49.25,N
29.63562,-95.04673,315.6,0.44,0.38,2025-01-13,0815,N20,nominal,2.0NRT,273.59,1.28,N
17.8406,-93.11356,304.26,0.58,0.52,2025-01-13,0817,N20,nominal,2.0NRT,291.24,10.87,N
29.57835,-98.03518,326.55,0.38,0.36,2025-01-13,0815,N20,nominal,2.0NRT,276.44,3.06,N
17.93653,-93.6284,303.98,0.53,0.5,2025-01-13,0817,N20,nominal,2.0NRT,290.85,0.46,N
29.57773,-98.03125,303.11,0.38,0.36,2025-01-13,0815,N20,nominal,2.0NRT,279.6,2.37,N
29.34121,-97.11324,296.89,0.39,0.36,2025-01-13,0815,N20,nominal,2.0NRT,278.33,0.95,N
17.91158,-93.52493,324.41,0.54,0.51,2025-01-13,0817,N20,nominal,2.0NRT,290.97,3.71,N
29.34056,-97.10926,295.85,0.39,0.36,2025-01-13,0815,N20,nominal,2.0NRT,278.6,0.61,N
17.9106,-93.5199,319.59,0.54,0.51,2025-01-13,0817,N20,nominal,2.0NRT,290.75,3.66,N
17.92741,-93.63039,324.97,0.53,0.5,2025-01-13,0817,N20,nominal,2.0NRT,291.03,1.9,N
29.27667,-96.7877,296.23,0.39,0.37,2025-01-13,0815,N20,nominal,2.0NRT,278.81,0.58,N
29.08132,-95.75536,295.63,0.42,0.38,2025-01-13,0815,N20,nominal,2.0NRT,277.34,0.36,N
18.02418,-94.22446,304.39,0.49,0.48,2025-01-13,0817,N20,nominal,2.0NRT,289.7,0.43,N
30.49877,-109.63177,350.43,0.45,0.63,2025-01-13,0815,N20,nominal,2.0NRT,274.39,8.51,N
17.92408,-93.75847,317.9,0.52,0.5,2025-01-13,0817,N20,nominal,2.0NRT,290.74,2.02,N
28.98673,-97.827,300.27,0.38,0.36,2025-01-13,0815,N20,nominal,2.0NRT,278.5,0.4,N
17.87245,-93.49669,308.43,0.54,0.51,2025-01-13,0817,N20,nominal,2.0NRT,290.5,0.83,N
28.70261,-96.54229,301.31,0.4,0.37,2025-01-13,0815,N20,nominal,2.0NRT,262.93,0.29,N
17.98711,-94.52847,319.11,0.47,0.47,2025-01-13,0817,N20,nominal,2.0NRT,290.77,1.95,N
28.51258,-96.77048,298.96,0.4,0.37,2025-01-13,0815,N20,nominal,2.0NRT,269.43,0.7,N
17.9828,-94.52932,338.92,0.47,0.47,2025-01-13,0817,N20,nominal,2.0NRT,291.29,6.88,N
28.51334,-96.79536,295.41,0.4,0.37,2025-01-13,0815,N20,nominal,2.0NRT,278.95,0.58,N
17.98363,-94.53365,303.12,0.47,0.47,2025-01-13,0817,N20,nominal,2.0NRT,291.52,1.44,N
28.51814,-98.78655,306.88,0.39,0.36,2025-01-13,0815,N20,nominal,2.0NRT,276.6,0.72,N
17.97765,-94.52583,335.55,0.47,0.47,2025-01-13,0817,N20,nominal,2.0NRT,291.71,6.88,N
28.46468,-99.03817,296.61,0.39,0.36,2025-01-13,0815,N20,nominal,2.0NRT,269.67,0.49,N
17.97168,-94.51804,338.77,0.47,0.47,2025-01-13,0817,N20,nominal,2.0NRT,291.55,3.39,N
28.05834,-97.43768,340.87,0.39,0.36,2025-01-13,0815,N20,nominal,2.0NRT,285.08,8.24,N
17.97251,-94.52238,303.19,0.47,0.47,2025-01-13,0817,N20,nominal,2.0NRT,291.31,3.39,N
28.05696,-97.45016,312.46,0.39,0.36,2025-01-13,0815,N20,nominal,2.0NRT,280.85,1.28,N
17.6566,-93.36111,308.58,0.56,0.52,2025-01-13,0817,N20,nominal,2.0NRT,290.42,1.87,N
28.04924,-97.5492,301.87,0.39,0.36,2025-01-13,0815,N20,nominal,2.0NRT,279.6,0.68,N
27.98839,-97.57401,296.33,0.39,0.36,2025-01-13,0815,N20,nominal,2.0NRT,279.57,0.43,N
28.36978,-100.10029,308.75,0.4,0.37,2025-01-13,0815,N20,nominal,2.0NRT,275,0.52,N
27.93418,-97.32919,297.66,0.39,0.36,2025-01-13,0815,N20,nominal,2.0NRT,279.21,0.55,N
27.93013,-97.3208,309.29,0.39,0.36,2025-01-13,0815,N20,nominal,2.0NRT,280.34,0.84,N
27.90108,-97.26965,320.68,0.39,0.36,2025-01-13,0815,N20,nominal,2.0NRT,280.73,1.78,N
27.89112,-97.27175,313.63,0.39,0.36,2025-01-13,0815,N20,nominal,2.0NRT,283,1.18,N
27.89047,-97.26779,304.91,0.39,0.36,2025-01-13,0815,N20,nominal,2.0NRT,281.68,1.18,N
27.82611,-97.19115,327.07,0.39,0.37,2025-01-13,0815,N20,nominal,2.0NRT,283.16,2.29,N
27.82211,-97.2084,320.33,0.39,0.37,2025-01-13,0815,N20,nominal,2.0NRT,282.43,2.03,N
27.82274,-97.43571,296.29,0.39,0.36,2025-01-13,0815,N20,nominal,2.0NRT,283.03,0.19,N
27.81417,-97.42529,308,0.39,0.36,2025-01-13,0815,N20,nominal,2.0NRT,280.38,0.98,N
27.81151,-97.42992,299.27,0.39,0.36,2025-01-13,0815,N20,nominal,2.0NRT,284.65,0.8,N
27.81725,-97.48563,299.29,0.39,0.36,2025-01-13,0815,N20,nominal,2.0NRT,285.02,1.27,N
27.81661,-97.48171,296.38,0.39,0.36,2025-01-13,0815,N20,nominal,2.0NRT,285.75,0.92,N
28.68538,-106.09099,302.79,0.52,0.5,2025-01-13,0815,N20,nominal,2.0NRT,274.57,1.88,N
26.0796,-98.25776,309.17,0.39,0.36,2025-01-13,0815,N20,nominal,2.0NRT,281.04,0.81,N
25.98291,-98.06263,306.95,0.39,0.36,2025-01-13,0815,N20,nominal,2.0NRT,281.81,0.75,N
25.72332,-100.29836,297.49,0.39,0.36,2025-01-13,0815,N20,nominal,2.0NRT,265.79,0.74,N
25.57726,-99.93559,303.69,0.39,0.36,2025-01-13,0815,N20,nominal,2.0NRT,265.53,1.24,N
25.60405,-100.91936,332.09,0.41,0.37,2025-01-13,0815,N20,nominal,2.0NRT,273.91,3.25,N
25.23293,-107.11643,309.54,0.55,0.51,2025-01-13,0815,N20,nominal,2.0NRT,284.62,1.98,N
25.23092,-107.11826,295.72,0.55,0.51,2025-01-13,0815,N20,nominal,2.0NRT,283.05,0.56,N
24.01456,-107.04189,307.95,0.52,0.5,2025-01-13,0815,N20,nominal,2.0NRT,283.08,1.37,N
20.94445,-89.66576,302.34,0.42,0.61,2025-01-13,0817,N20,nominal,2.0NRT,291.39,0.33,N
20.34821,-89.42117,314.46,0.45,0.63,2025-01-13,0817,N20,nominal,2.0NRT,292.04,1.52,N
20.34676,-89.42318,319.27,0.45,0.63,2025-01-13,0817,N20,nominal,2.0NRT,291.55,1.71,N
19.5912,-92.20364,319.34,0.61,0.54,2025-01-13,0817,N20,nominal,2.0NRT,292.63,2.72,N
19.60389,-92.29002,335.76,0.6,0.53,2025-01-13,0817,N20,nominal,2.0NRT,292.69,5.15,N
19.60505,-92.29565,312.17,0.6,0.53,2025-01-13,0817,N20,nominal,2.0NRT,292.23,4.16,N
19.59908,-92.29111,337.84,0.6,0.53,2025-01-13,0817,N20,nominal,2.0NRT,292.57,5.15,N
19.60023,-92.29675,310.14,0.6,0.53,2025-01-13,0817,N20,nominal,2.0NRT,292.23,4.16,N
19.56808,-92.23883,333.43,0.61,0.53,2025-01-13,0817,N20,nominal,2.0NRT,293.18,7.2,N
19.52226,-92.1894,323.62,0.62,0.54,2025-01-13,0817,N20,nominal,2.0NRT,292.44,4.73,N
19.52508,-92.19001,322.11,0.62,0.54,2025-01-13,0817,N20,nominal,2.0NRT,292.8,5.52,N
19.51807,-92.15539,308,0.62,0.54,2025-01-13,0817,N20,nominal,2.0NRT,292.12,1.41,N
19.44296,-92.03815,315.15,0.63,0.54,2025-01-13,0817,N20,nominal,2.0NRT,291.6,1.61,N
19.44778,-92.08626,339.99,0.63,0.54,2025-01-13,0817,N20,nominal,2.0NRT,292.81,8.92,N
19.44899,-92.0921,306.92,0.63,0.54,2025-01-13,0817,N20,nominal,2.0NRT,291.7,8.92,N
19.43805,-92.03927,308.77,0.63,0.54,2025-01-13,0817,N20,nominal,2.0NRT,291.49,1.61,N
19.43683,-92.03337,310,0.63,0.54,2025-01-13,0817,N20,nominal,2.0NRT,291.83,2.5,N
19.39757,-92.04237,343.18,0.63,0.54,2025-01-13,0817,N20,nominal,2.0NRT,292.29,8.84,N
19.39267,-92.04349,331.41,0.63,0.54,2025-01-13,0817,N20,nominal,2.0NRT,291.99,7.23,N
19.39663,-92.04438,340.16,0.63,0.54,2025-01-13,0817,N20,nominal,2.0NRT,293.15,13.1,N
19.36824,-92.00594,349.05,0.32,0.54,2025-01-13,0817,N20,nominal,2.0NRT,292.77,2.11,N
19.36885,-92.00891,304.59,0.32,0.54,2025-01-13,0817,N20,nominal,2.0NRT,291.82,2.11,N
19.30097,-92.20093,310.22,0.62,0.54,2025-01-13,0817,N20,nominal,2.0NRT,292.11,1.37,N
19.29488,-92.17197,310.15,0.62,0.54,2025-01-13,0817,N20,nominal,2.0NRT,291.98,1.54,N
19.29365,-92.16616,306.94,0.62,0.54,2025-01-13,0817,N20,nominal,2.0NRT,291.72,1.54,N
19.30386,-92.19994,315.92,0.62,0.54,2025-01-13,0817,N20,nominal,2.0NRT,291.86,1.55,N
19.33936,-92.40072,318.38,0.6,0.53,2025-01-13,0817,N20,nominal,2.0NRT,292.62,3.12,N
41.64251,-87.1424,315.58,0.41,0.45,2025-01-13,0811,N20,nominal,2.0NRT,266.48,1.69,N
41.64145,-87.13769,303.13,0.41,0.45,2025-01-13,0811,N20,nominal,2.0NRT,269.87,1.58,N
41.6404,-87.13297,304.7,0.41,0.45,2025-01-13,0811,N20,nominal,2.0NRT,266.75,1.58,N
41.63854,-87.144,335.68,0.41,0.45,2025-01-13,0811,N20,nominal,2.0NRT,266.02,4.15,N
41.63749,-87.13931,313.05,0.41,0.45,2025-01-13,0811,N20,nominal,2.0NRT,270.93,3.12,N
41.63245,-87.13615,306.47,0.41,0.45,2025-01-13,0811,N20,nominal,2.0NRT,263.23,3.12,N
41.68326,-87.42081,295.7,0.4,0.44,2025-01-13,0811,N20,nominal,2.0NRT,269.4,1.42,N
41.67832,-87.41778,295.42,0.4,0.44,2025-01-13,0811,N20,nominal,2.0NRT,270.58,0.74,N
41.67355,-87.43459,298.08,0.4,0.44,2025-01-13,0811,N20,nominal,2.0NRT,265.37,0.99,N
41.67187,-87.46517,311.77,0.39,0.44,2025-01-13,0811,N20,nominal,2.0NRT,264.82,1.53,N
41.67085,-87.46061,301.38,0.39,0.44,2025-01-13,0811,N20,nominal,2.0NRT,263.85,1.84,N
41.6688,-87.45146,304.83,0.39,0.44,2025-01-13,0811,N20,nominal,2.0NRT,264.25,1.16,N
41.6415,-87.40819,319.57,0.4,0.44,2025-01-13,0811,N20,nominal,2.0NRT,268.86,2.86,N
41.62027,-87.33098,347.16,0.4,0.44,2025-01-13,0811,N20,nominal,2.0NRT,270.87,6.26,N
41.62844,-87.3681,295.33,0.4,0.44,2025-01-13,0811,N20,nominal,2.0NRT,265.25,0.61,N
41.61531,-87.32787,310.55,0.4,0.44,2025-01-13,0811,N20,nominal,2.0NRT,269.55,2.27,N
41.61546,-87.34801,298.94,0.4,0.44,2025-01-13,0811,N20,nominal,2.0NRT,262.85,0.79,N
40.05539,-123.26813,295.44,0.43,0.38,2025-01-13,0953,N20,nominal,2.0NRT,273.48,0.58,N
38.31627,-121.83434,296.27,0.39,0.36,2025-01-13,0953,N20,nominal,2.0NRT,276.36,0.44,N
38.21581,-121.98376,302.69,0.39,0.36,2025-01-13,0953,N20,nominal,2.0NRT,277.64,0.43,N
38.30164,-122.74704,299.41,0.4,0.37,2025-01-13,0953,N20,nominal,2.0NRT,276.61,0.67,N
38.07167,-122.13905,306.97,0.39,0.36,2025-01-13,0953,N20,nominal,2.0NRT,287.62,1.91,N
37.88404,-121.18721,304.07,0.38,0.36,2025-01-13,0953,N20,nominal,2.0NRT,275.48,0.63,N
38.01402,-122.11432,297.45,0.39,0.36,2025-01-13,0953,N20,nominal,2.0NRT,279.83,1.52,N
37.95013,-122.39755,295.84,0.39,0.36,2025-01-13,0953,N20,nominal,2.0NRT,284.25,0.96,N
37.94283,-122.39462,301.61,0.39,0.36,2025-01-13,0953,N20,nominal,2.0NRT,280.13,0.87,N
37.27143,-120.69975,296.45,0.39,0.36,2025-01-13,0953,N20,nominal,2.0NRT,272.8,0.68,N
37.45646,-121.93184,300.12,0.39,0.36,2025-01-13,0953,N20,nominal,2.0NRT,275.7,0.85,N
37.26969,-121.0303,307.24,0.38,0.36,2025-01-13,0953,N20,nominal,2.0NRT,274.36,0.81,N
36.0611,-119.01804,304.78,0.42,0.37,2025-01-13,0953,N20,nominal,2.0NRT,273.87,1.18,N
33.42147,-110.86463,367,0.39,0.59,2025-01-13,0956,N20,high,2.0NRT,270.64,12.94,N
33.42036,-110.8603,336.3,0.39,0.59,2025-01-13,0956,N20,nominal,2.0NRT,272.4,10.87,N
34.62224,-117.10339,299.47,0.51,0.41,2025-01-13,0956,N20,nominal,2.0NRT,270.73,1.48,N
34.61047,-117.3387,308.6,0.5,0.41,2025-01-13,0956,N20,nominal,2.0NRT,270.39,1.38,N
34.60818,-117.33582,307.98,0.5,0.41,2025-01-13,0956,N20,nominal,2.0NRT,272.04,2.13,N
34.35552,-116.85108,295.49,0.53,0.42,2025-01-13,0956,N20,nominal,2.0NRT,272.25,1.21,N
34.42987,-118.64481,311.51,0.45,0.39,2025-01-13,0956,N20,nominal,2.0NRT,277.94,1.78,N
34.33384,-118.52277,304.79,0.45,0.39,2025-01-13,0956,N20,nominal,2.0NRT,277.04,1.04,N
34.32052,-118.51082,298.24,0.45,0.39,2025-01-13,0956,N20,nominal,2.0NRT,277.65,0.58,N
34.29033,-118.80051,306.36,0.44,0.39,2025-01-13,0956,N20,nominal,2.0NRT,280.97,0.81,N
47.63798,-103.10106,324.89,0.38,0.59,2025-01-13,0949,N20,nominal,2.0NRT,251.55,1.59,N
34.15414,-118.19205,317.33,0.47,0.4,2025-01-13,0956,N20,nominal,2.0NRT,277.16,1.99,N
48.88642,-122.73612,297.07,0.5,0.41,2025-01-13,0951,N20,nominal,2.0NRT,273.37,1.38,N
34.04102,-117.8223,298.14,0.49,0.4,2025-01-13,0956,N20,nominal,2.0NRT,276.11,0.59,N
47.47208,-122.05114,320.31,0.46,0.39,2025-01-13,0951,N20,nominal,2.0NRT,272.72,2.39,N
45.64618,-120.21301,303.63,0.4,0.37,2025-01-13,0951,N20,nominal,2.0NRT,270.55,1.01,N
34.03492,-118.10474,298.52,0.47,0.4,2025-01-13,0956,N20,nominal,2.0NRT,276.75,0.57,N
43.17962,-115.73298,298.37,0.43,0.38,2025-01-13,0951,N20,nominal,2.0NRT,266.48,0.7,N
34.14764,-118.72235,298.7,0.45,0.39,2025-01-13,0956,N20,nominal,2.0NRT,273.59,0.85,N
43.1487,-115.6661,302.55,0.44,0.38,2025-01-13,0951,N20,nominal,2.0NRT,266.67,0.86,N
33.79483,-117.47435,302.85,0.51,0.41,2025-01-13,0956,N20,nominal,2.0NRT,276.03,1.13,N
43.02409,-115.7276,323.68,0.44,0.38,2025-01-13,0951,N20,nominal,2.0NRT,272.91,13.58,N
33.90574,-118.40525,297.49,0.46,0.39,2025-01-13,0956,N20,nominal,2.0NRT,283.02,1.42,N
41.26425,-122.11759,311.89,0.41,0.37,2025-01-13,0953,N20,nominal,2.0NRT,270.9,1.49,N
33.85437,-118.33109,295.59,0.47,0.39,2025-01-13,0956,N20,nominal,2.0NRT,283.55,0.65,N
40.3607,-121.07526,295.46,0.39,0.36,2025-01-13,0953,N20,nominal,2.0NRT,265.26,0.32,N
33.7156,-117.71075,301.91,0.5,0.41,2025-01-13,0956,N20,nominal,2.0NRT,282.52,1.08,N
33.6122,-117.82295,302.82,0.49,0.41,2025-01-13,0956,N20,nominal,2.0NRT,278.74,1.06,N
33.49289,-117.61894,301.09,0.51,0.41,2025-01-13,0956,N20,nominal,2.0NRT,280.9,0.81,N
32.85746,-117.03184,302.45,0.55,0.43,2025-01-13,0956,N20,nominal,2.0NRT,272.55,1.07,N
32.49575,-116.83662,296.2,0.38,0.43,2025-01-13,0956,N20,nominal,2.0NRT,279.21,1.22,N
30.49617,-109.62987,295.41,0.54,0.68,2025-01-13,0956,N20,nominal,2.0NRT,269.81,1.11,N
31.84302,-116.58572,302.18,0.4,0.45,2025-01-13,0956,N20,nominal,2.0NRT,279.1,1.1,N
20.26626,-76.10008,338.22,0.48,0.48,2025-01-13,1747,N20,nominal,2.0NRT,299.01,3.25,D
20.29143,-76.1105,328.82,0.48,0.48,2025-01-13,1747,N20,nominal,2.0NRT,298.33,2.82,D
20.29214,-76.10909,331.49,0.48,0.48,2025-01-13,1747,N20,nominal,2.0NRT,298.36,2.16,D
20.05935,-77.41737,339.48,0.59,0.53,2025-01-13,1747,N20,nominal,2.0NRT,297.28,5.01,D
20.10897,-77.22043,350.85,0.57,0.52,2025-01-13,1747,N20,nominal,2.0NRT,298.21,15.25,D
20.21983,-76.97852,345.05,0.55,0.51,2025-01-13,1747,N20,nominal,2.0NRT,303.45,38.22,D
20.21818,-76.98142,341.1,0.54,0.51,2025-01-13,1747,N20,nominal,2.0NRT,301.17,11.38,D
20.22277,-76.98247,342.33,0.54,0.51,2025-01-13,1747,N20,nominal,2.0NRT,302.21,22.7,D
20.3016,-76.89948,331.79,0.54,0.51,2025-01-13,1747,N20,nominal,2.0NRT,300.96,4.43,D
20.37296,-76.63189,333.07,0.51,0.5,2025-01-13,1747,N20,nominal,2.0NRT,300.49,5.03,D
20.55662,-75.98943,343.5,0.47,0.47,2025-01-13,1747,N20,nominal,2.0NRT,300.61,11.81,D
20.41524,-76.82838,337.49,0.53,0.5,2025-01-13,1747,N20,nominal,2.0NRT,301.9,6.55,D
20.40941,-77.02704,330.39,0.54,0.51,2025-01-13,1747,N20,low,2.0NRT,300.42,4.34,D
20.414,-77.02807,341.14,0.54,0.51,2025-01-13,1747,N20,nominal,2.0NRT,299.67,4.34,D
20.52041,-76.92158,340.97,0.53,0.5,2025-01-13,1747,N20,nominal,2.0NRT,300.59,9.94,D
20.8181,-77.59404,339.63,0.58,0.52,2025-01-13,1747,N20,nominal,2.0NRT,300.39,6.15,D
20.96924,-76.86132,347.56,0.52,0.5,2025-01-13,1747,N20,nominal,2.0NRT,303.46,10.56,D
20.97373,-76.86235,347.56,0.52,0.5,2025-01-13,1747,N20,nominal,2.0NRT,301.03,10.56,D
20.8307,-77.6543,336.69,0.59,0.53,2025-01-13,1747,N20,nominal,2.0NRT,299.78,4.62,D
20.76326,-77.98818,333.06,0.62,0.54,2025-01-13,1747,N20,nominal,2.0NRT,298.49,3.68,D
20.86918,-77.48669,341.52,0.57,0.52,2025-01-13,1747,N20,nominal,2.0NRT,303.29,41.89,D
20.83544,-77.65538,340.68,0.59,0.53,2025-01-13,1747,N20,nominal,2.0NRT,297.82,4.62,D
20.9256,-77.25134,347.5,0.55,0.51,2025-01-13,1747,N20,nominal,2.0NRT,301.57,9.36,D
20.87962,-77.48348,350.93,0.57,0.52,2025-01-13,1747,N20,nominal,2.0NRT,309.47,61.32,D
20.8875,-77.46849,344.76,0.57,0.52,2025-01-13,1747,N20,nominal,2.0NRT,299.38,9.07,D
20.92804,-77.25433,339.38,0.55,0.51,2025-01-13,1747,N20,nominal,2.0NRT,300.32,6.63,D
20.88154,-77.48057,339.35,0.57,0.52,2025-01-13,1747,N20,nominal,2.0NRT,299.65,16.23,D
20.88043,-77.48593,347.01,0.57,0.52,2025-01-13,1747,N20,nominal,2.0NRT,307.07,66.45,D
20.88843,-77.47093,338.34,0.57,0.52,2025-01-13,1747,N20,nominal,2.0NRT,300,11.12,D
21.00696,-76.95982,350.48,0.52,0.5,2025-01-13,1747,N20,nominal,2.0NRT,301.07,9.64,D
20.85271,-77.81292,351.27,0.6,0.53,2025-01-13,1747,N20,nominal,2.0NRT,303.02,31.71,D
20.85865,-77.80836,349.8,0.6,0.53,2025-01-13,1747,N20,nominal,2.0NRT,301.36,23.87,D
20.85749,-77.81401,343.07,0.6,0.53,2025-01-13,1747,N20,nominal,2.0NRT,299,13.01,D
20.95401,-77.55872,329.3,0.57,0.52,2025-01-13,1747,N20,nominal,2.0NRT,298.28,4.51,D
20.88997,-78.00093,345.25,0.62,0.54,2025-01-13,1747,N20,nominal,2.0NRT,302.91,27.06,D
20.88879,-78.00674,334.43,0.62,0.54,2025-01-13,1747,N20,nominal,2.0NRT,300.49,27.06,D
20.88762,-78.01255,331.46,0.62,0.54,2025-01-13,1747,N20,nominal,2.0NRT,298.61,3.44,D
20.88775,-78.00156,343.75,0.61,0.54,2025-01-13,1747,N20,nominal,2.0NRT,300.42,18.97,D
20.88654,-78.00733,339.22,0.62,0.54,2025-01-13,1747,N20,nominal,2.0NRT,299.04,21.54,D
20.89259,-78.00267,349.21,0.61,0.54,2025-01-13,1747,N20,nominal,2.0NRT,300,18.97,D
20.87907,-78.14041,329.34,0.63,0.54,2025-01-13,1747,N20,nominal,2.0NRT,299.55,3.85,D
20.91324,-78.12359,329.68,0.63,0.54,2025-01-13,1747,N20,nominal,2.0NRT,298.33,4.11,D
20.96843,-77.95389,330.5,0.61,0.53,2025-01-13,1747,N20,nominal,2.0NRT,296.84,4.57,D
21.18379,-77.049,349.02,0.53,0.5,2025-01-13,1747,N20,nominal,2.0NRT,299.76,9.58,D
21.18426,-77.048,344.43,0.53,0.5,2025-01-13,1747,N20,nominal,2.0NRT,301.86,10.32,D
21.04885,-77.92207,337.16,0.6,0.53,2025-01-13,1747,N20,nominal,2.0NRT,299.76,5.15,D
21.08175,-78.31519,367,0.32,0.55,2025-01-13,1747,N20,high,2.0NRT,300.52,13.35,D
21.22947,-77.69643,346.98,0.58,0.52,2025-01-13,1747,N20,nominal,2.0NRT,302.32,19.87,D
21.23419,-77.69752,348.21,0.58,0.52,2025-01-13,1747,N20,nominal,2.0NRT,298.41,19.87,D
21.22596,-78.12254,346.16,0.62,0.54,2025-01-13,1747,N20,nominal,2.0NRT,301.84,46.35,D
21.2308,-78.12368,335.43,0.62,0.54,2025-01-13,1747,N20,nominal,2.0NRT,299.64,5.65,D
21.22959,-78.12949,331.06,0.62,0.54,2025-01-13,1747,N20,nominal,2.0NRT,299.24,5.65,D
21.19193,-78.40925,341.93,0.32,0.55,2025-01-13,1747,N20,nominal,2.0NRT,301.44,4.1,D
21.21667,-78.38967,330.6,0.32,0.55,2025-01-13,1747,N20,nominal,2.0NRT,298.95,1.72,D
21.26858,-78.39318,367,0.32,0.55,2025-01-13,1747,N20,high,2.0NRT,300.72,14.6,D
21.3319,-78.41133,329.41,0.32,0.55,2025-01-13,1747,N20,nominal,2.0NRT,299.54,2.08,D
21.43795,-78.4762,348.16,0.32,0.55,2025-01-13,1747,N20,nominal,2.0NRT,297.95,4.21,D
21.69864,-77.56314,339.14,0.56,0.51,2025-01-13,1747,N20,nominal,2.0NRT,297.61,6.55,D
21.57507,-79.20987,332.15,0.36,0.57,2025-01-13,1747,N20,nominal,2.0NRT,298.25,2.68,D
21.6029,-79.20604,339.86,0.36,0.57,2025-01-13,1747,N20,nominal,2.0NRT,299.15,2.8,D
21.63115,-79.09763,367,0.35,0.57,2025-01-13,1747,N20,high,2.0NRT,301.02,5.01,D
21.63185,-79.09435,331.91,0.35,0.57,2025-01-13,1747,N20,nominal,2.0NRT,299.04,5.01,D
21.61016,-79.19724,327.49,0.35,0.57,2025-01-13,1747,N20,low,2.0NRT,297.59,1.48,D
21.61529,-79.19849,341.01,0.35,0.57,2025-01-13,1747,N20,nominal,2.0NRT,299.03,3.94,D
21.61623,-79.19961,335.47,0.35,0.57,2025-01-13,1747,N20,nominal,2.0NRT,298.9,4.37,D
21.71498,-79.29427,367,0.36,0.57,2025-01-13,1747,N20,high,2.0NRT,297.53,6.59,D
21.72014,-79.29552,367,0.36,0.57,2025-01-13,1747,N20,high,2.0NRT,298.05,6.59,D
21.71597,-79.29454,367,0.36,0.57,2025-01-13,1747,N20,high,2.0NRT,297.96,12.79,D
21.71523,-79.29792,345.68,0.36,0.57,2025-01-13,1747,N20,nominal,2.0NRT,298.59,11.33,D
21.79388,-79.15871,331.71,0.35,0.57,2025-01-13,1747,N20,nominal,2.0NRT,296.75,1.54,D
21.85941,-78.87563,328.42,0.33,0.56,2025-01-13,1747,N20,nominal,2.0NRT,297.86,1.26,D
21.94418,-78.64548,338.38,0.32,0.55,2025-01-13,1747,N20,nominal,2.0NRT,297.66,2.31,D
21.94355,-78.64852,334.49,0.32,0.55,2025-01-13,1747,N20,nominal,2.0NRT,298.3,2.31,D
21.89158,-78.92311,327.67,0.34,0.56,2025-01-13,1747,N20,nominal,2.0NRT,299.04,2.29,D
21.89517,-78.92358,331.07,0.34,0.56,2025-01-13,1747,N20,nominal,2.0NRT,298.95,2.63,D
21.82691,-80.11836,333.49,0.4,0.6,2025-01-13,1747,N20,nominal,2.0NRT,296.16,6.74,D
22.14777,-80.28314,327.49,0.41,0.6,2025-01-13,1747,N20,nominal,2.0NRT,296.28,2.1,D
22.22208,-80.12926,327.13,0.4,0.6,2025-01-13,1747,N20,nominal,2.0NRT,297.23,1.29,D
22.15155,-80.70638,353.39,0.43,0.62,2025-01-13,1747,N20,nominal,2.0NRT,302.64,8.25,D
22.21538,-80.54399,330.22,0.42,0.61,2025-01-13,1747,N20,nominal,2.0NRT,293,2.12,D
22.25898,-80.37649,340.8,0.41,0.61,2025-01-13,1747,N20,nominal,2.0NRT,298.26,3.89,D
22.31243,-80.31683,330.2,0.4,0.6,2025-01-13,1747,N20,nominal,2.0NRT,298.71,2.14,D
22.32761,-80.45592,347.65,0.41,0.61,2025-01-13,1747,N20,nominal,2.0NRT,297.8,6.67,D
22.32791,-80.45467,328.81,0.41,0.61,2025-01-13,1749,N20,nominal,2.0NRT,296.5,3.07,D
22.32703,-80.45852,331.17,0.41,0.61,2025-01-13,1749,N20,nominal,2.0NRT,297.94,3.07,D
22.55456,-80.75449,327.82,0.43,0.62,2025-01-13,1749,N20,nominal,2.0NRT,296.49,2.19,D
22.552,-80.81814,335.21,0.43,0.62,2025-01-13,1749,N20,nominal,2.0NRT,297.02,10.73,D
22.55756,-80.8195,367,0.43,0.62,2025-01-13,1749,N20,high,2.0NRT,298.4,10.73,D
22.56494,-80.81271,330.35,0.43,0.62,2025-01-13,1749,N20,nominal,2.0NRT,295.62,2.28,D
22.63432,-80.72992,351.07,0.42,0.61,2025-01-13,1749,N20,nominal,2.0NRT,299.88,9.38,D
22.65273,-80.75166,346.61,0.42,0.61,2025-01-13,1749,N20,nominal,2.0NRT,299.63,7.08,D
22.83952,-80.01236,326.88,0.38,0.59,2025-01-13,1749,N20,low,2.0NRT,297.95,2.59,D
22.68878,-80.79926,341.61,0.43,0.62,2025-01-13,1749,N20,nominal,2.0NRT,297.37,3.45,D
22.68768,-80.79753,348.08,0.43,0.62,2025-01-13,1749,N20,nominal,2.0NRT,297.22,6.5,D
22.67877,-81.17279,346.26,0.45,0.63,2025-01-13,1749,N20,nominal,2.0NRT,297.64,4.58,D
22.7306,-81.15484,367,0.45,0.63,2025-01-13,1749,N20,high,2.0NRT,300.07,12.6,D
22.72685,-81.15295,350.58,0.45,0.63,2025-01-13,1749,N20,nominal,2.0NRT,298.57,4.77,D
22.73248,-81.15441,347.61,0.45,0.63,2025-01-13,1749,N20,nominal,2.0NRT,297.41,5.17,D
22.75615,-81.12939,367,0.45,0.63,2025-01-13,1749,N20,high,2.0NRT,298.76,11.51,D
22.76177,-81.13088,367,0.45,0.63,2025-01-13,1749,N20,high,2.0NRT,298.72,13.16,D
22.74225,-81.21577,341.79,0.45,0.63,2025-01-13,1749,N20,nominal,2.0NRT,298.36,4.69,D
22.79633,-82.30514,329.41,0.53,0.67,2025-01-13,1749,N20,nominal,2.0NRT,293.96,3.34,D
25.34741,-76.46369,334.87,0.41,0.45,2025-01-13,1749,N20,nominal,2.0NRT,295.58,4.12,D
26.19894,-81.59469,346,0.4,0.6,2025-01-13,1749,N20,nominal,2.0NRT,293.72,5.82,D
26.41546,-81.27867,325.17,0.38,0.59,2025-01-13,1749,N20,nominal,2.0NRT,293.36,2.42,D
26.41363,-81.27843,325.47,0.38,0.59,2025-01-13,1749,N20,nominal,2.0NRT,293.25,3.46,D
26.62649,-80.56717,336.98,0.34,0.56,2025-01-13,1749,N20,nominal,2.0NRT,287.87,7.56,D
26.62575,-80.57047,355.69,0.34,0.56,2025-01-13,1749,N20,nominal,2.0NRT,296.17,6.48,D
26.625,-80.57379,329.56,0.34,0.56,2025-01-13,1749,N20,nominal,2.0NRT,287.73,6.48,D
26.63089,-80.71386,367,0.35,0.56,2025-01-13,1749,N20,high,2.0NRT,297.96,14.3,D
26.68496,-80.4719,325.96,0.33,0.56,2025-01-13,1749,N20,nominal,2.0NRT,290.48,1.23,D
26.73972,-80.45975,367,0.33,0.55,2025-01-13,1749,N20,high,2.0NRT,295.1,6.09,D
26.74045,-80.4565,341.58,0.33,0.55,2025-01-13,1749,N20,nominal,2.0NRT,292.97,6.09,D
26.74468,-80.46112,346.54,0.33,0.55,2025-01-13,1749,N20,nominal,2.0NRT,291.05,4.89,D
26.74395,-80.46436,348.47,0.33,0.55,2025-01-13,1749,N20,nominal,2.0NRT,290.86,4.39,D
26.76007,-81.69247,367,0.39,0.6,2025-01-13,1749,N20,high,2.0NRT,293.86,8.54,D
26.75602,-81.69324,367,0.39,0.6,2025-01-13,1749,N20,high,2.0NRT,294.05,7.19,D
27.06901,-81.04018,340.49,0.35,0.57,2025-01-13,1749,N20,nominal,2.0NRT,292.17,4.37,D
27.15727,-80.86526,329.17,0.34,0.56,2025-01-13,1749,N20,nominal,2.0NRT,291.88,1.98,D
27.33742,-80.57406,367,0.33,0.55,2025-01-13,1749,N20,high,2.0NRT,293.95,6.76,D
27.33813,-80.57085,336.37,0.33,0.55,2025-01-13,1749,N20,nominal,2.0NRT,291.68,5.43,D
27.28378,-81.65816,354.33,0.38,0.59,2025-01-13,1749,N20,nominal,2.0NRT,293.57,8.21,D
27.47038,-80.89156,325.97,0.34,0.56,2025-01-13,1749,N20,nominal,2.0NRT,293.08,1.86,D
27.2509,-81.89645,367,0.4,0.6,2025-01-13,1749,N20,high,2.0NRT,293.99,4.6,D
27.25623,-81.89799,334.96,0.4,0.6,2025-01-13,1749,N20,nominal,2.0NRT,291.98,4.6,D
27.54318,-80.66106,336.29,0.33,0.55,2025-01-13,1749,N20,nominal,2.0NRT,291.22,2.53,D
27.39614,-81.60079,353.1,0.38,0.58,2025-01-13,1749,N20,nominal,2.0NRT,293.33,6.79,D
27.7574,-81.05859,351.82,0.34,0.56,2025-01-13,1749,N20,nominal,2.0NRT,290.22,3.49,D
27.7632,-81.05667,367,0.34,0.56,2025-01-13,1749,N20,high,2.0NRT,291.34,15.38,D
27.76243,-81.06004,351.16,0.34,0.56,2025-01-13,1749,N20,nominal,2.0NRT,296.5,15.38,D
27.76166,-81.06342,329.09,0.34,0.56,2025-01-13,1749,N20,nominal,2.0NRT,289.32,13.33,D
27.76822,-81.05812,345.19,0.34,0.56,2025-01-13,1749,N20,nominal,2.0NRT,290.53,15.38,D
34.30309,-84.415,344.79,0.38,0.58,2025-01-13,1751,N20,nominal,2.0NRT,285.63,5.09,D
35.39943,-81.35414,338.96,0.48,0.48,2025-01-13,1751,N20,nominal,2.0NRT,282.02,5.02,D
36.04443,-79.44707,327.34,0.56,0.43,2025-01-13,1751,N20,nominal,2.0NRT,283.28,6.58,D
35.00438,-84.88041,335.67,0.38,0.59,2025-01-13,1751,N20,nominal,2.0NRT,281.05,2.53,D
36.54799,-79.03905,327.77,0.53,0.42,2025-01-13,1751,N20,nominal,2.0NRT,281.01,9.47,D
37.10394,-78.01365,327.47,0.47,0.39,2025-01-13,1751,N20,nominal,2.0NRT,280.4,28.13,D
37.88686,-77.589,326.52,0.44,0.38,2025-01-13,1751,N20,nominal,2.0NRT,280.27,11.93,D
39.01361,-77.88106,325.52,0.44,0.38,2025-01-13,1753,N20,nominal,2.0NRT,275.14,1.37,D
38.67924,-81.0035,331.07,0.39,0.44,2025-01-13,1753,N20,nominal,2.0NRT,269.31,2.1,D
40.31334,-77.87245,329.41,0.42,0.38,2025-01-13,1753,N20,nominal,2.0NRT,276.5,4.4,D
40.89153,-77.71102,325.82,0.41,0.37,2025-01-13,1753,N20,nominal,2.0NRT,276.52,2.79,D
18.46993,-69.34862,336.51,0.39,0.36,2025-01-13,1747,N20,nominal,2.0NRT,310.61,4.3,D
18.29221,-70.52452,329.21,0.4,0.37,2025-01-13,1747,N20,low,2.0NRT,303.68,2.7,D
18.29558,-70.52511,333.98,0.4,0.37,2025-01-13,1747,N20,nominal,2.0NRT,308.81,2.7,D
18.68279,-68.50606,329.91,0.39,0.36,2025-01-13,1747,N20,nominal,2.0NRT,297.81,1.78,D
18.42907,-70.28443,329.33,0.4,0.37,2025-01-13,1747,N20,nominal,2.0NRT,296.61,4.05,D
18.38276,-70.79116,341.82,0.41,0.37,2025-01-13,1747,N20,nominal,2.0NRT,301.82,3.4,D
18.5034,-70.13467,333.02,0.39,0.37,2025-01-13,1747,N20,nominal,2.0NRT,300.36,2.54,D
18.33864,-71.21233,342.77,0.42,0.38,2025-01-13,1747,N20,nominal,2.0NRT,303.17,9.2,D
18.56923,-70.17273,341.5,0.4,0.37,2025-01-13,1747,N20,nominal,2.0NRT,301.55,7.14,D
18.33093,-71.92968,347.74,0.45,0.39,2025-01-13,1747,N20,nominal,2.0NRT,309.53,7.68,D
18.70953,-69.64687,340.18,0.39,0.36,2025-01-13,1747,N20,nominal,2.0NRT,301.73,3.24,D
18.71283,-69.64743,329.22,0.39,0.36,2025-01-13,1747,N20,low,2.0NRT,301.57,3.24,D
18.47788,-71.26538,332.09,0.42,0.38,2025-01-13,1747,N20,nominal,2.0NRT,304.85,2.59,D
18.67179,-70.40054,330.51,0.4,0.37,2025-01-13,1747,N20,nominal,2.0NRT,297.81,2.88,D
18.60311,-70.90869,335.69,0.41,0.37,2025-01-13,1747,N20,nominal,2.0NRT,306.35,5.95,D
18.75955,-70.10778,331.85,0.39,0.36,2025-01-13,1747,N20,nominal,2.0NRT,301.17,10.6,D
18.9301,-69.69294,342.33,0.39,0.36,2025-01-13,1747,N20,nominal,2.0NRT,300.79,6.29,D
18.97189,-69.7076,329.63,0.39,0.36,2025-01-13,1747,N20,nominal,2.0NRT,299.48,1.32,D
18.96453,-69.755,332.83,0.39,0.36,2025-01-13,1747,N20,nominal,2.0NRT,300.12,3.17,D
18.91514,-70.09314,333.99,0.39,0.36,2025-01-13,1747,N20,nominal,2.0NRT,299.56,3.44,D
18.94561,-70.0073,343.62,0.39,0.36,2025-01-13,1747,N20,nominal,2.0NRT,299.04,7.16,D
18.78563,-71.06025,331.71,0.41,0.37,2025-01-13,1747,N20,nominal,2.0NRT,305.28,2.45,D
18.9588,-70.05165,333.62,0.39,0.36,2025-01-13,1747,N20,nominal,2.0NRT,298.86,3.14,D
18.9715,-70.0576,333.98,0.39,0.36,2025-01-13,1747,N20,nominal,2.0NRT,297.39,3.75,D
18.85744,-70.9203,333.73,0.41,0.37,2025-01-13,1747,N20,nominal,2.0NRT,306.5,1.97,D
18.94413,-71.05755,331.15,0.41,0.37,2025-01-13,1747,N20,nominal,2.0NRT,298.06,3.42,D
18.07759,-76.90998,334.44,0.59,0.53,2025-01-13,1747,N20,nominal,2.0NRT,293.51,6.55,D
19.14152,-71.54201,338.24,0.43,0.38,2025-01-13,1747,N20,nominal,2.0NRT,304.28,3.72,D
19.49595,-69.87862,327.64,0.39,0.36,2025-01-13,1747,N20,nominal,2.0NRT,297.32,1.67,D
19.1072,-72.40495,334,0.46,0.39,2025-01-13,1747,N20,nominal,2.0NRT,302.09,1.64,D
19.45256,-71.23613,329.17,0.42,0.37,2025-01-13,1747,N20,low,2.0NRT,300.49,2.07,D
18.26061,-78.20778,337.27,0.36,0.57,2025-01-13,1747,N20,nominal,2.0NRT,297.2,4.72,D
41.64346,-87.13969,333.88,0.34,0.56,2025-01-13,1753,N20,nominal,2.0NRT,271.44,5.05,D
41.96482,-89.05212,325.5,0.41,0.61,2025-01-13,1753,N20,nominal,2.0NRT,268.84,2.02,D
21.39947,-102.43829,338.49,0.53,0.5,2025-01-13,1929,N20,nominal,2.0NRT,297.6,4.02,D
31.35079,-96.16782,328.69,0.4,0.37,2025-01-13,1932,N20,nominal,2.0NRT,291.39,2.61,D
21.40297,-102.4444,367,0.53,0.5,2025-01-13,1929,N20,high,2.0NRT,298.67,16.51,D
21.40396,-102.43939,331.62,0.53,0.5,2025-01-13,1929,N20,nominal,2.0NRT,297.17,4.02,D
21.40197,-102.44946,342.2,0.53,0.5,2025-01-13,1929,N20,nominal,2.0NRT,301.49,16.51,D
22.2627,-97.80531,342.27,0.43,0.38,2025-01-13,1929,N20,nominal,2.0NRT,296.61,8.89,D
22.65252,-97.68015,331.45,0.42,0.38,2025-01-13,1929,N20,nominal,2.0NRT,291.51,3.18,D
22.39259,-99.32067,331.32,0.5,0.41,2025-01-13,1929,N20,nominal,2.0NRT,295.16,3.83,D
22.2249,-100.91032,343.14,0.41,0.45,2025-01-13,1929,N20,nominal,2.0NRT,301.93,4.93,D
22.79274,-98.99874,331.03,0.48,0.4,2025-01-13,1929,N20,nominal,2.0NRT,296.05,3.43,D
22.91192,-99.34461,327.04,0.49,0.4,2025-01-13,1929,N20,nominal,2.0NRT,295.8,8.71,D
23.00199,-100.50346,329.23,0.56,0.43,2025-01-13,1929,N20,nominal,2.0NRT,299.72,3.37,D
23.29689,-99.0041,329.51,0.47,0.4,2025-01-13,1929,N20,nominal,2.0NRT,294.65,3.2,D
22.74412,-102.53054,335.57,0.5,0.49,2025-01-13,1929,N20,nominal,2.0NRT,296.68,3.56,D
22.74243,-102.53221,332.69,0.5,0.49,2025-01-13,1929,N20,nominal,2.0NRT,295.82,2.98,D
23.99332,-98.37108,340.43,0.43,0.38,2025-01-13,1929,N20,nominal,2.0NRT,303.29,23.45,D
23.2057,-103.05924,339.61,0.53,0.5,2025-01-13,1929,N20,nominal,2.0NRT,289.7,5.19,D
26.30283,-80.90587,367,0.79,0.78,2025-01-13,1929,N20,high,2.0NRT,290.61,16.14,D
26.31009,-80.90617,334.58,0.79,0.78,2025-01-13,1929,N20,nominal,2.0NRT,289.59,7.85,D
26.30515,-80.90052,331.77,0.79,0.78,2025-01-13,1929,N20,nominal,2.0NRT,289.29,12.19,D
26.30477,-80.9086,356.05,0.79,0.78,2025-01-13,1929,N20,nominal,2.0NRT,291.19,12.19,D
26.40459,-81.28455,342.56,0.75,0.77,2025-01-13,1929,N20,nominal,2.0NRT,288.82,6.86,D
23.95956,-102.19345,346.84,0.45,0.47,2025-01-13,1929,N20,nominal,2.0NRT,305.19,14.03,D
25.52432,-97.82269,333.87,0.4,0.37,2025-01-13,1929,N20,nominal,2.0NRT,296.45,4.53,D
25.51786,-98.22476,327.3,0.41,0.37,2025-01-13,1929,N20,nominal,2.0NRT,293.84,4.83,D
25.59738,-98.25359,326.23,0.42,0.37,2025-01-13,1929,N20,low,2.0NRT,298.54,8.33,D
25.60077,-98.25428,340.46,0.42,0.37,2025-01-13,1929,N20,nominal,2.0NRT,301.54,8.33,D
25.60096,-98.25372,335.65,0.42,0.37,2025-01-13,1929,N20,nominal,2.0NRT,301.35,8.55,D
25.60027,-98.2578,327.05,0.42,0.37,2025-01-13,1929,N20,nominal,2.0NRT,297.03,8.55,D
25.60436,-98.2544,335.7,0.42,0.37,2025-01-13,1929,N20,nominal,2.0NRT,299.33,8.55,D
25.83208,-97.77242,325.14,0.4,0.37,2025-01-13,1932,N20,nominal,2.0NRT,297.24,1.05,D
25.57658,-99.93607,330.51,0.48,0.4,2025-01-13,1932,N20,nominal,2.0NRT,292.78,1.93,D
25.91898,-97.99109,334.4,0.41,0.37,2025-01-13,1932,N20,nominal,2.0NRT,296.31,4.17,D
25.87,-98.74344,326.11,0.43,0.38,2025-01-13,1932,N20,nominal,2.0NRT,293.34,2.23,D
26.0067,-98.05778,335.92,0.41,0.37,2025-01-13,1932,N20,nominal,2.0NRT,297.84,3.33,D
26.01007,-98.05846,337.03,0.41,0.37,2025-01-13,1932,N20,nominal,2.0NRT,297.84,3.61,D
25.69661,-100.0881,330.62,0.49,0.4,2025-01-13,1932,N20,nominal,2.0NRT,293.28,3.83,D
25.88265,-99.15412,325.01,0.44,0.39,2025-01-13,1932,N20,nominal,2.0NRT,291.05,2.39,D
26.0758,-98.25581,329.31,0.41,0.37,2025-01-13,1932,N20,nominal,2.0NRT,293.71,3.56,D
26.07512,-98.25986,328.18,0.41,0.37,2025-01-13,1932,N20,nominal,2.0NRT,299.26,3.56,D
25.72123,-100.3029,326.06,0.5,0.41,2025-01-13,1932,N20,nominal,2.0NRT,298.35,2.98,D
26.11277,-98.55944,344.92,0.42,0.38,2025-01-13,1932,N20,nominal,2.0NRT,293.64,8.69,D
26.19674,-98.58549,325.58,0.42,0.38,2025-01-13,1932,N20,nominal,2.0NRT,293.56,2.3,D
26.32613,-98.81829,334.06,0.43,0.38,2025-01-13,1932,N20,nominal,2.0NRT,297.52,6.44,D
26.35304,-98.8065,342.7,0.43,0.38,2025-01-13,1932,N20,nominal,2.0NRT,291.7,5.6,D
26.36369,-98.86991,333.84,0.43,0.38,2025-01-13,1932,N20,nominal,2.0NRT,299.63,5.71,D
25.8095,-103.10535,333.91,0.47,0.48,2025-01-13,1932,N20,nominal,2.0NRT,299.87,3.01,D
27.45974,-97.58665,331.47,0.39,0.36,2025-01-13,1932,N20,nominal,2.0NRT,297.52,23.21,D
27.45911,-97.59056,342.68,0.39,0.36,2025-01-13,1932,N20,nominal,2.0NRT,309.1,23.21,D
27.46242,-97.59122,337.86,0.39,0.36,2025-01-13,1932,N20,nominal,2.0NRT,297.44,5.26,D
28.05993,-99.30933,327.84,0.43,0.38,2025-01-13,1932,N20,nominal,2.0NRT,277.38,2.51,D
28.05919,-99.31359,326.25,0.43,0.38,2025-01-13,1932,N20,nominal,2.0NRT,279.07,2.62,D
28.69996,-96.53844,326.9,0.38,0.36,2025-01-13,1932,N20,nominal,2.0NRT,289.93,1.98,D
28.42818,-98.9679,326.47,0.41,0.37,2025-01-13,1932,N20,nominal,2.0NRT,292.59,0.55,D
30.00049,-90.40432,339.99,0.45,0.47,2025-01-13,1932,N20,nominal,2.0NRT,294.32,8.09,D
29.17882,-96.92419,328.34,0.38,0.36,2025-01-13,1932,N20,nominal,2.0NRT,288.66,3.67,D
29.02108,-98.66123,340.37,0.4,0.37,2025-01-13,1932,N20,nominal,2.0NRT,289.67,3.68,D
29.02442,-98.66194,325.96,0.4,0.37,2025-01-13,1932,N20,nominal,2.0NRT,290.7,3.68,D
29.02376,-98.66601,331.71,0.4,0.37,2025-01-13,1932,N20,nominal,2.0NRT,293.44,3.68,D
29.02553,-98.66579,331.74,0.4,0.37,2025-01-13,1932,N20,nominal,2.0NRT,290.25,2.74,D
29.89552,-94.45924,332.46,0.43,0.38,2025-01-13,1932,N20,nominal,2.0NRT,290.23,6.78,D
29.86382,-95.26746,343.27,0.41,0.37,2025-01-13,1932,N20,nominal,2.0NRT,289.27,3.6,D
29.86492,-95.26656,333.78,0.41,0.37,2025-01-13,1932,N20,nominal,2.0NRT,288.82,4.25,D
30.23442,-95.21907,328.93,0.41,0.37,2025-01-13,1932,N20,nominal,2.0NRT,288.34,2.11,D
29.81902,-98.12832,329.36,0.39,0.36,2025-01-13,1932,N20,nominal,2.0NRT,283.4,2.12,D
30.30179,-95.31667,328.74,0.41,0.37,2025-01-13,1932,N20,nominal,2.0NRT,289.6,3.53,D
30.44926,-94.76579,326.8,0.42,0.38,2025-01-13,1932,N20,nominal,2.0NRT,287.7,2.3,D
30.32404,-95.73115,328.39,0.4,0.37,2025-01-13,1932,N20,nominal,2.0NRT,288.75,2.49,D
29.98332,-98.29369,328.34,0.39,0.36,2025-01-13,1932,N20,nominal,2.0NRT,285.13,2.07,D
29.99066,-98.31179,333.31,0.39,0.36,2025-01-13,1932,N20,nominal,2.0NRT,285.82,7.24,D
30.15283,-97.40733,341.61,0.38,0.36,2025-01-13,1932,N20,nominal,2.0NRT,292.11,5.91,D
30.15879,-97.41261,340.23,0.38,0.36,2025-01-13,1932,N20,nominal,2.0NRT,290.22,12.15,D
30.21179,-97.3093,337.41,0.38,0.36,2025-01-13,1932,N20,nominal,2.0NRT,290.54,4.17,D
17.53426,-91.66343,336.86,0.43,0.38,2025-01-13,1927,N20,nominal,2.0NRT,295.07,4.22,D
30.783,-93.59123,328.37,0.47,0.4,2025-01-13,1932,N20,nominal,2.0NRT,287.26,2.19,D
30.52019,-96.42284,328.79,0.39,0.36,2025-01-13,1932,N20,nominal,2.0NRT,290.75,1.49,D
30.87808,-93.84375,348.06,0.46,0.39,2025-01-13,1932,N20,nominal,2.0NRT,288.23,8.27,D
17.8952,-92.49184,327.97,0.4,0.37,2025-01-13,1927,N20,nominal,2.0NRT,293.63,2.45,D
30.61063,-96.98762,328.58,0.39,0.36,2025-01-13,1932,N20,nominal,2.0NRT,289.06,2.27,D
17.84068,-93.11922,337.14,0.39,0.36,2025-01-13,1927,N20,nominal,2.0NRT,286.35,4.18,D
30.74963,-97.88354,332.74,0.39,0.36,2025-01-13,1932,N20,nominal,2.0NRT,288.13,3.46,D
17.84015,-93.12289,336.83,0.39,0.36,2025-01-13,1927,N20,nominal,2.0NRT,290.21,6.24,D
31.40577,-93.85091,335.9,0.47,0.4,2025-01-13,1932,N20,nominal,2.0NRT,288.89,3.41,D
30.99026,-97.0616,327.19,0.39,0.36,2025-01-13,1932,N20,nominal,2.0NRT,289.99,1.07,D
18.48937,-88.84692,352.91,0.4,0.44,2025-01-13,1927,N20,nominal,2.0NRT,298.73,9.82,D
17.89083,-93.19472,331.87,0.39,0.36,2025-01-13,1927,N20,nominal,2.0NRT,288.79,1.95,D
31.2872,-95.36524,328.55,0.41,0.37,2025-01-13,1932,N20,nominal,2.0NRT,286.35,4.85,D
18.48899,-88.84718,354,0.4,0.44,2025-01-13,1927,N20,nominal,2.0NRT,298.59,9.89,D
31.26877,-96.45587,335.07,0.39,0.36,2025-01-13,1932,N20,nominal,2.0NRT,287.81,2.24,D
32.46547,-87.06907,354.89,0.38,0.59,2025-01-13,1932,N20,nominal,2.0NRT,290.66,5.49,D
17.91453,-93.3782,331.55,0.39,0.36,2025-01-13,1927,N20,nominal,2.0NRT,292.96,2.22,D
18.00182,-93.08502,329.97,0.39,0.36,2025-01-13,1927,N20,nominal,2.0NRT,291.73,1.93,D
31.4236,-96.91064,343.7,0.39,0.36,2025-01-13,1932,N20,nominal,2.0NRT,292.38,5.67,D
18.08795,-95.09765,330.98,0.39,0.36,2025-01-13,1927,N20,nominal,2.0NRT,292.31,2.81,D
18.08737,-95.1013,331.79,0.39,0.36,2025-01-13,1927,N20,nominal,2.0NRT,296.95,4.17,D
31.4269,-96.9113,344,0.39,0.36,2025-01-13,1932,N20,nominal,2.0NRT,290.9,5.67,D
18.99977,-88.66545,330.46,0.42,0.45,2025-01-13,1927,N20,nominal,2.0NRT,298.84,3.89,D
32.5831,-85.93575,337.91,0.44,0.63,2025-01-13,1932,N20,nominal,2.0NRT,285.71,5.55,D
32.58351,-85.93458,350.84,0.44,0.63,2025-01-13,1932,N20,nominal,2.0NRT,283.68,5.5,D
18.41773,-93.1865,334.13,0.39,0.36,2025-01-13,1927,N20,nominal,2.0NRT,293.04,2.53,D
31.59546,-97.03582,331.37,0.39,0.36,2025-01-13,1932,N20,nominal,2.0NRT,287.08,4.3,D
18.43818,-93.16331,349.29,0.39,0.36,2025-01-13,1927,N20,nominal,2.0NRT,295.35,5.27,D
31.59875,-97.03648,330.48,0.39,0.36,2025-01-13,1932,N20,nominal,2.0NRT,286.63,4.3,D
18.64118,-92.16869,337.21,0.42,0.37,2025-01-13,1927,N20,nominal,2.0NRT,295.81,5.65,D
31.50325,-98.07217,325.02,0.39,0.36,2025-01-13,1932,N20,nominal,2.0NRT,286.33,1.93,D
18.64461,-92.16921,353.31,0.42,0.37,2025-01-13,1927,N20,nominal,2.0NRT,296.49,5.65,D
31.89122,-95.57588,339.36,0.41,0.37,2025-01-13,1932,N20,nominal,2.0NRT,287.16,3.62,D
18.63812,-92.5098,337.77,0.41,0.37,2025-01-13,1927,N20,nominal,2.0NRT,295.17,9.68,D
32.56468,-90.27956,333.85,0.49,0.49,2025-01-13,1932,N20,nominal,2.0NRT,285.74,2.84,D
18.86732,-92.62442,337.14,0.41,0.37,2025-01-13,1927,N20,nominal,2.0NRT,292.52,4.2,D
31.46767,-99.33459,340.41,0.4,0.37,2025-01-13,1932,N20,nominal,2.0NRT,288.7,4.72,D
32.87431,-87.18659,328,0.38,0.58,2025-01-13,1932,N20,nominal,2.0NRT,286.36,14.76,D
32.87404,-87.19068,345.91,0.38,0.58,2025-01-13,1932,N20,nominal,2.0NRT,295.48,14.76,D
18.31875,-97.31546,330.26,0.45,0.39,2025-01-13,1927,N20,low,2.0NRT,303.65,1.85,D
30.1148,-106.3895,339.53,0.61,0.53,2025-01-13,1932,N20,nominal,2.0NRT,293.74,9.73,D
19.50512,-90.46062,334.24,0.5,0.41,2025-01-13,1927,N20,nominal,2.0NRT,299.35,4.11,D
29.86514,-107.49698,367,0.36,0.57,2025-01-13,1932,N20,high,2.0NRT,292.95,13.35,D
19.29504,-92.16602,333.53,0.42,0.38,2025-01-13,1927,N20,nominal,2.0NRT,293.41,6.05,D
31.75168,-97.98633,338.81,0.38,0.36,2025-01-13,1932,N20,nominal,2.0NRT,300.87,29.21,D
19.49869,-90.68552,343.14,0.49,0.4,2025-01-13,1927,N20,nominal,2.0NRT,297.69,17.83,D
18.74134,-96.19404,331.07,0.41,0.37,2025-01-13,1927,N20,nominal,2.0NRT,289.47,2.89,D
31.75497,-97.98702,340.04,0.38,0.36,2025-01-13,1932,N20,nominal,2.0NRT,295.07,29.21,D
19.39228,-92.04081,332.24,0.43,0.38,2025-01-13,1927,N20,nominal,2.0NRT,294.42,6.25,D
31.75435,-97.99104,333.03,0.38,0.36,2025-01-13,1932,N20,nominal,2.0NRT,299.28,44.12,D
19.39575,-92.04134,335.73,0.43,0.38,2025-01-13,1927,N20,nominal,2.0NRT,294.82,8.13,D
32.18197,-95.43898,331.2,0.42,0.37,2025-01-13,1932,N20,nominal,2.0NRT,286.64,13.77,D
19.43561,-92.03501,333.43,0.43,0.38,2025-01-13,1927,N20,nominal,2.0NRT,293.39,3.96,D
32.18539,-95.43962,332.96,0.42,0.37,2025-01-13,1932,N20,nominal,2.0NRT,281.69,7.1,D
19.43909,-92.03555,332.46,0.43,0.38,2025-01-13,1927,N20,nominal,2.0NRT,292.93,2.88,D
30.53549,-105.74636,337.81,0.54,0.51,2025-01-13,1932,N20,nominal,2.0NRT,293.77,4.02,D
19.4462,-92.08621,336.5,0.43,0.38,2025-01-13,1927,N20,nominal,2.0NRT,293.37,3.86,D
30.54004,-105.74767,338.64,0.54,0.51,2025-01-13,1932,N20,nominal,2.0NRT,293.62,4.02,D
32.44531,-95.2985,339.11,0.42,0.38,2025-01-13,1932,N20,nominal,2.0NRT,275.18,4.35,D
32.17278,-97.42882,331.17,0.39,0.36,2025-01-13,1932,N20,nominal,2.0NRT,286.76,2.64,D
19.52267,-92.18841,336.16,0.42,0.38,2025-01-13,1927,N20,nominal,2.0NRT,293.7,6.12,D
19.56444,-92.23545,331.96,0.42,0.38,2025-01-13,1927,N20,nominal,2.0NRT,294.39,4.15,D
32.12053,-97.82173,339.17,0.38,0.36,2025-01-13,1932,N20,nominal,2.0NRT,288.56,4.65,D
19.89612,-90.20621,341.51,0.53,0.42,2025-01-13,1927,N20,nominal,2.0NRT,299.77,6.96,D
32.12381,-97.82242,336.96,0.38,0.36,2025-01-13,1932,N20,nominal,2.0NRT,287.06,4.08,D
32.1232,-97.82645,348.87,0.38,0.36,2025-01-13,1932,N20,nominal,2.0NRT,289.9,19.26,D
20.05727,-89.18739,347.39,0.4,0.44,2025-01-13,1927,N20,nominal,2.0NRT,296.54,5.97,D
20.06135,-89.18794,353.64,0.4,0.44,2025-01-13,1927,N20,nominal,2.0NRT,293.69,6.37,D
32.12259,-97.83048,330.83,0.38,0.36,2025-01-13,1932,N20,nominal,2.0NRT,294.87,19.26,D
20.06087,-89.1918,331.01,0.4,0.44,2025-01-13,1927,N20,nominal,2.0NRT,291.18,6.37,D
32.73334,-94.25103,331.51,0.46,0.39,2025-01-13,1932,N20,nominal,2.0NRT,286.25,7.13,D
20.06127,-89.18759,347.13,0.4,0.44,2025-01-13,1927,N20,nominal,2.0NRT,293.2,6.47,D
32.66553,-95.37681,346.9,0.42,0.38,2025-01-13,1932,N20,nominal,2.0NRT,285.58,5.84,D
20.06081,-89.19146,340.65,0.4,0.44,2025-01-13,1927,N20,nominal,2.0NRT,291.64,6.47,D
32.66751,-95.38004,328.78,0.42,0.38,2025-01-13,1932,N20,nominal,2.0NRT,284.5,7.01,D
18.8246,-98.9905,340.67,0.54,0.42,2025-01-13,1927,N20,nominal,2.0NRT,299.79,19.69,D
32.45717,-97.04089,329.34,0.39,0.36,2025-01-13,1932,N20,nominal,2.0NRT,287.79,1.73,D
19.26088,-98.34343,331.71,0.49,0.4,2025-01-13,1927,N20,nominal,2.0NRT,302.43,3.78,D
32.64364,-95.77448,347.97,0.41,0.37,2025-01-13,1932,N20,nominal,2.0NRT,280.55,6.84,D
19.26392,-98.34236,330.1,0.49,0.4,2025-01-13,1927,N20,low,2.0NRT,301.77,4.98,D
33.01584,-92.72948,331.7,0.55,0.43,2025-01-13,1932,N20,nominal,2.0NRT,278.18,5.42,D
19.26311,-98.34695,334.38,0.49,0.4,2025-01-13,1927,N20,nominal,2.0NRT,302.83,5.77,D
31.35933,-103.67484,343.1,0.4,0.44,2025-01-13,1932,N20,nominal,2.0NRT,292.28,13.88,D
19.27145,-98.8025,344.17,0.52,0.42,2025-01-13,1929,N20,nominal,2.0NRT,294.91,7.51,D
32.49682,-97.96194,334.06,0.38,0.36,2025-01-13,1932,N20,nominal,2.0NRT,286.71,3.83,D
20.79226,-89.67822,334.27,0.38,0.44,2025-01-13,1929,N20,nominal,2.0NRT,290.24,1.7,D
32.39393,-98.64748,331.77,0.39,0.36,2025-01-13,1932,N20,nominal,2.0NRT,284.38,2.85,D
32.31751,-99.22843,342.1,0.39,0.36,2025-01-13,1932,N20,nominal,2.0NRT,277.76,4.33,D
19.00166,-102.71364,333.26,0.61,0.53,2025-01-13,1929,N20,nominal,2.0NRT,299.46,5.2,D
32.32082,-99.22918,325.72,0.39,0.36,2025-01-13,1932,N20,nominal,2.0NRT,274.14,4.33,D
32.32413,-99.22993,332.77,0.39,0.36,2025-01-13,1932,N20,nominal,2.0NRT,278.11,2.57,D
22.33268,-80.45145,335.69,0.78,0.78,2025-01-13,1929,N20,nominal,2.0NRT,294.49,4.86,D
32.32744,-99.23069,333.46,0.39,0.36,2025-01-13,1932,N20,nominal,2.0NRT,281.04,2.57,D
20.02979,-99.27305,330.26,0.54,0.42,2025-01-13,1929,N20,nominal,2.0NRT,302.99,1.99,D
32.93494,-95.14722,331.55,0.43,0.38,2025-01-13,1932,N20,nominal,2.0NRT,287.14,3.42,D
19.99111,-100.0447,332.67,0.4,0.44,2025-01-13,1929,N20,nominal,2.0NRT,301.9,2.69,D
33.22808,-93.34651,327.17,0.51,0.41,2025-01-13,1932,N20,nominal,2.0NRT,284.89,3.2,D
30.49389,-109.62527,367,0.46,0.64,2025-01-13,1932,N20,high,2.0NRT,293.8,17.62,D
22.1991,-83.89436,332.08,0.47,0.64,2025-01-13,1929,N20,nominal,2.0NRT,292.12,3.67,D
32.86397,-97.92056,326.73,0.38,0.36,2025-01-13,1932,N20,nominal,2.0NRT,286.71,2.35,D
19.36402,-103.56277,367,0.34,0.56,2025-01-13,1929,N20,high,2.0NRT,296.24,7.49,D
30.49388,-109.62846,349.53,0.46,0.63,2025-01-13,1932,N20,nominal,2.0NRT,297.52,15.15,D
19.36191,-103.56361,327.52,0.34,0.56,2025-01-13,1929,N20,nominal,2.0NRT,295.68,3.62,D
30.49508,-109.62378,356.24,0.46,0.63,2025-01-13,1932,N20,low,2.0NRT,289.41,15.15,D
32.48399,-100.43342,325.41,0.42,0.38,2025-01-13,1932,N20,nominal,2.0NRT,285.79,2.32,D
19.36699,-103.5646,354,0.34,0.56,2025-01-13,1929,N20,nominal,2.0NRT,299.5,3.62,D
32.96,-97.96105,328.93,0.38,0.36,2025-01-13,1932,N20,nominal,2.0NRT,287.19,3.02,D
22.57306,-80.82132,334.02,0.74,0.76,2025-01-13,1929,N20,nominal,2.0NRT,291.74,4.94,D
32.89363,-98.56892,335.22,0.39,0.36,2025-01-13,1932,N20,nominal,2.0NRT,285.17,2.88,D
22.57783,-80.82121,333.44,0.74,0.76,2025-01-13,1929,N20,nominal,2.0NRT,291.96,5.48,D
32.26362,-103.67803,340.08,0.39,0.44,2025-01-13,1932,N20,nominal,2.0NRT,285.11,2.79,D
22.67791,-80.91489,327.77,0.73,0.76,2025-01-13,1929,N20,nominal,2.0NRT,295.24,3.62,D
33.30329,-97.9614,325.84,0.38,0.36,2025-01-13,1932,N20,nominal,2.0NRT,285.95,2.64,D
22.68004,-81.17004,367,0.71,0.75,2025-01-13,1929,N20,high,2.0NRT,296.35,22.49,D
33.30267,-97.96548,330.81,0.38,0.36,2025-01-13,1932,N20,nominal,2.0NRT,286.37,2.64,D
22.68876,-81.24698,331.39,0.7,0.75,2025-01-13,1929,N20,nominal,2.0NRT,294.77,11.75,D
33.42524,-97.55146,328.2,0.39,0.36,2025-01-13,1932,N20,nominal,2.0NRT,284.35,1.31,D
22.72562,-81.11694,339.5,0.71,0.75,2025-01-13,1929,N20,nominal,2.0NRT,294.92,8.48,D
34.63976,-87.08078,336.33,0.4,0.6,2025-01-13,1932,N20,nominal,2.0NRT,287.33,3.07,D
22.76748,-81.11949,335.56,0.71,0.75,2025-01-13,1929,N20,nominal,2.0NRT,294.88,8.56,D
34.6395,-87.08047,330.05,0.4,0.6,2025-01-13,1934,N20,nominal,2.0NRT,286.5,3.06,D
33.50824,-98.04589,328.17,0.38,0.36,2025-01-13,1934,N20,nominal,2.0NRT,285.66,1.58,D
22.72496,-81.11634,340.11,0.71,0.75,2025-01-13,1929,N20,nominal,2.0NRT,294.95,8.29,D
33.77108,-96.96395,329.43,0.39,0.36,2025-01-13,1934,N20,nominal,2.0NRT,285.51,8.5,D
33.9399,-97.04524,325.12,0.39,0.36,2025-01-13,1934,N20,nominal,2.0NRT,284.49,1.41,D
20.11765,-101.49879,333.89,0.48,0.48,2025-01-13,1929,N20,nominal,2.0NRT,300.66,6.51,D
34.21613,-95.38341,335.14,0.44,0.38,2025-01-13,1934,N20,nominal,2.0NRT,280.66,8.57,D
22.76682,-81.11906,337.55,0.71,0.75,2025-01-13,1929,N20,nominal,2.0NRT,295.23,7.57,D
20.15514,-101.3991,328.49,0.48,0.48,2025-01-13,1929,N20,low,2.0NRT,298.55,2.77,D
34.03392,-97.07613,327.01,0.39,0.36,2025-01-13,1934,N20,nominal,2.0NRT,281.9,2.27,D
20.04241,-102.26573,332.76,0.54,0.51,2025-01-13,1929,N20,nominal,2.0NRT,302.28,4.89,D
33.96266,-98.16695,329.26,0.38,0.36,2025-01-13,1934,N20,nominal,2.0NRT,287.54,2.27,D
34.10333,-97.2546,342.63,0.39,0.36,2025-01-13,1934,N20,nominal,2.0NRT,286.45,4.95,D
22.82004,-81.73817,334.46,0.65,0.73,2025-01-13,1929,N20,nominal,2.0NRT,294.6,4.32,D
22.80361,-81.29904,326.68,0.7,0.75,2025-01-13,1929,N20,nominal,2.0NRT,295.49,5.67,D
34.03466,-98.54405,325.38,0.38,0.36,2025-01-13,1934,N20,nominal,2.0NRT,289.39,2.29,D
20.13497,-101.94137,341.84,0.52,0.5,2025-01-13,1929,N20,nominal,2.0NRT,301.28,8.78,D
34.08308,-98.71607,342.55,0.38,0.36,2025-01-13,1934,N20,nominal,2.0NRT,289.16,3.65,D
34.39232,-96.98947,336.45,0.4,0.37,2025-01-13,1934,N20,nominal,2.0NRT,279.69,5.53,D
22.89362,-81.09342,367,0.72,0.75,2025-01-13,1929,N20,high,2.0NRT,297.29,33.25,D
34.47124,-96.90706,326.49,0.4,0.37,2025-01-13,1934,N20,nominal,2.0NRT,279.39,2.83,D
22.79343,-82.85584,340.2,0.55,0.68,2025-01-13,1929,N20,nominal,2.0NRT,292.78,7.14,D
34.46893,-96.97286,337.31,0.4,0.37,2025-01-13,1934,N20,nominal,2.0NRT,284.22,9.11,D
20.19714,-101.90997,335.99,0.51,0.5,2025-01-13,1929,N20,nominal,2.0NRT,303.2,3.71,D
35.60789,-86.83105,327.14,0.42,0.61,2025-01-13,1934,N20,nominal,2.0NRT,279,1.71,D
22.84351,-82.45931,336.49,0.59,0.7,2025-01-13,1929,N20,nominal,2.0NRT,294.09,3.94,D
20.27547,-101.59962,333.01,0.49,0.48,2025-01-13,1929,N20,nominal,2.0NRT,303.3,4.98,D
34.36459,-98.72512,329.19,0.38,0.36,2025-01-13,1934,N20,nominal,2.0NRT,287.22,2.39,D
20.27458,-101.60427,340.73,0.49,0.48,2025-01-13,1929,N20,nominal,2.0NRT,304.16,6.45,D
34.63934,-96.91211,327.15,0.4,0.37,2025-01-13,1934,N20,nominal,2.0NRT,279.32,3.32,D
20.30945,-101.56449,336.49,0.49,0.48,2025-01-13,1929,N20,nominal,2.0NRT,302.94,5.03,D
34.67433,-96.80785,334.12,0.4,0.37,2025-01-13,1934,N20,nominal,2.0NRT,280.13,3.9,D
20.30924,-101.56705,347.76,0.49,0.48,2025-01-13,1929,N20,nominal,2.0NRT,305.02,6.54,D
34.68842,-96.73005,337.96,0.4,0.37,2025-01-13,1934,N20,nominal,2.0NRT,281.09,6.77,D
22.84422,-82.46049,332.22,0.59,0.7,2025-01-13,1929,N20,nominal,2.0NRT,294.17,3.41,D
34.68722,-96.73882,336.69,0.4,0.37,2025-01-13,1934,N20,nominal,2.0NRT,280.35,8.15,D
20.27733,-101.93997,335.97,0.51,0.5,2025-01-13,1929,N20,nominal,2.0NRT,304.71,3.61,D
34.7467,-96.68318,328.32,0.4,0.37,2025-01-13,1934,N20,nominal,2.0NRT,282.3,4.59,D
34.83161,-96.13266,328.57,0.42,0.37,2025-01-13,1934,N20,nominal,2.0NRT,276.53,4.07,D
22.95759,-81.88709,346.2,0.64,0.72,2025-01-13,1929,N20,nominal,2.0NRT,294.69,6.44,D
33.41464,-104.58704,325.08,0.41,0.45,2025-01-13,1934,N20,nominal,2.0NRT,277.77,1.6,D
22.95714,-81.8934,327.12,0.64,0.72,2025-01-13,1929,N20,nominal,2.0NRT,293.72,6.44,D
33.41828,-104.58817,337.78,0.41,0.45,2025-01-13,1934,N20,nominal,2.0NRT,282.33,7.94,D
20.34393,-102.15555,339.23,0.53,0.5,2025-01-13,1929,N20,nominal,2.0NRT,299.47,5.45,D
35.08155,-94.3485,328.08,0.49,0.4,2025-01-13,1934,N20,nominal,2.0NRT,278.89,7.72,D
23.00314,-82.86033,353.97,0.55,0.68,2025-01-13,1929,N20,nominal,2.0NRT,295.47,10.97,D
35.27665,-93.18971,342.27,0.55,0.43,2025-01-13,1934,N20,nominal,2.0NRT,278.43,5.89,D
20.3713,-102.32831,340.35,0.54,0.51,2025-01-13,1929,N20,nominal,2.0NRT,304.57,6.56,D
35.60979,-89.94174,328.95,0.55,0.51,2025-01-13,1934,N20,nominal,2.0NRT,280.8,4.36,D
34.7367,-97.73682,331.56,0.39,0.36,2025-01-13,1934,N20,nominal,2.0NRT,287.15,11.9,D
20.69672,-101.44611,341.97,0.47,0.48,2025-01-13,1929,N20,nominal,2.0NRT,295.84,3.92,D
35.61098,-89.94305,328.5,0.55,0.51,2025-01-13,1934,N20,nominal,2.0NRT,281.07,2.89,D
34.97183,-96.41656,328.47,0.41,0.37,2025-01-13,1934,N20,nominal,2.0NRT,280.06,2.85,D
34.67751,-99.09911,327.29,0.39,0.36,2025-01-13,1934,N20,nominal,2.0NRT,286.49,1.55,D
35.01938,-96.78891,336.53,0.4,0.37,2025-01-13,1934,N20,nominal,2.0NRT,281.87,2.92,D
34.92627,-97.74157,328.68,0.39,0.36,2025-01-13,1934,N20,nominal,2.0NRT,286.38,1.35,D
35.16262,-97.17387,338.09,0.4,0.37,2025-01-13,1934,N20,nominal,2.0NRT,283.49,3.87,D
35.37629,-97.39439,327.21,0.39,0.36,2025-01-13,1934,N20,nominal,2.0NRT,282.96,1.94,D
35.56725,-97.36073,328.3,0.4,0.37,2025-01-13,1934,N20,nominal,2.0NRT,281.83,3.08,D
35.61044,-98.01318,346.71,0.39,0.36,2025-01-13,1934,N20,nominal,2.0NRT,288.87,9.32,D
35.60983,-98.01743,328.48,0.39,0.36,2025-01-13,1934,N20,nominal,2.0NRT,285.31,9.32,D
35.89567,-96.53557,339.19,0.41,0.37,2025-01-13,1934,N20,nominal,2.0NRT,281.41,3.8,D
36.00752,-96.6681,329.48,0.41,0.37,2025-01-13,1934,N20,nominal,2.0NRT,285.01,5.14,D
36.55086,-92.63184,330.92,0.41,0.45,2025-01-13,1934,N20,nominal,2.0NRT,276.99,3.56,D
36.55043,-92.63638,329.95,0.41,0.45,2025-01-13,1934,N20,nominal,2.0NRT,279.15,3.56,D
33.41956,-110.86079,354.38,0.46,0.63,2025-01-13,1934,N20,nominal,2.0NRT,293.45,10.33,D
36.54033,-94.96693,326.44,0.47,0.4,2025-01-13,1934,N20,nominal,2.0NRT,278.68,3.43,D
36.40808,-96.08224,332.1,0.43,0.38,2025-01-13,1934,N20,nominal,2.0NRT,281.58,5.12,D
36.4365,-96.51196,325.36,0.42,0.38,2025-01-13,1934,N20,nominal,2.0NRT,282.06,3.53,D
36.86083,-92.79036,327.64,0.4,0.44,2025-01-13,1934,N20,nominal,2.0NRT,275.91,3.62,D
36.48161,-97.29877,329.6,0.4,0.37,2025-01-13,1934,N20,nominal,2.0NRT,281.54,4,D
36.74699,-95.58194,326.81,0.45,0.39,2025-01-13,1934,N20,nominal,2.0NRT,276.1,3.01,D
36.27952,-99.33737,329.89,0.38,0.36,2025-01-13,1934,N20,nominal,2.0NRT,279.28,4.3,D
33.77649,-111.24135,338.45,0.47,0.64,2025-01-13,1934,N20,nominal,2.0NRT,291.07,6.27,D
36.51833,-97.83923,325.83,0.39,0.36,2025-01-13,1934,N20,nominal,2.0NRT,282.2,1.96,D
37.2663,-97.36607,327.31,0.4,0.37,2025-01-13,1934,N20,nominal,2.0NRT,291.04,64.96,D
37.41837,-96.72196,330.02,0.42,0.38,2025-01-13,1934,N20,nominal,2.0NRT,276.47,2.68,D
37.37435,-97.11032,326.11,0.41,0.37,2025-01-13,1934,N20,nominal,2.0NRT,274.58,1.9,D
37.28109,-98.67567,326.81,0.39,0.36,2025-01-13,1934,N20,nominal,2.0NRT,276.19,2.27,D
37.74279,-96.18162,343.22,0.44,0.38,2025-01-13,1934,N20,nominal,2.0NRT,278.95,5.39,D
38.06535,-96.02007,326.28,0.45,0.39,2025-01-13,1934,N20,nominal,2.0NRT,274.43,3.1,D
38.86825,-99.65069,325.17,0.38,0.36,2025-01-13,1934,N20,nominal,2.0NRT,277.97,1.86,D
35.53368,-115.4502,334.48,0.71,0.75,2025-01-13,1934,N20,nominal,2.0NRT,280.37,3.69,D
35.55772,-115.46841,325.9,0.71,0.75,2025-01-13,1934,N20,nominal,2.0NRT,280.61,5.51,D
35.53487,-115.45107,332.43,0.71,0.75,2025-01-13,1934,N20,nominal,2.0NRT,280.36,5.38,D
35.57659,-115.48387,337.01,0.71,0.75,2025-01-13,1934,N20,nominal,2.0NRT,280.93,5.3,D
40.50969,-95.39204,341.1,0.5,0.41,2025-01-13,1934,N20,nominal,2.0NRT,274.92,6.07,D
40.54552,-95.09863,332.86,0.52,0.41,2025-01-13,1934,N20,nominal,2.0NRT,272.14,4.41,D
40.47042,-95.97193,327.72,0.48,0.4,2025-01-13,1934,N20,nominal,2.0NRT,274.56,2.34,D
40.47037,-95.96844,326.49,0.48,0.4,2025-01-13,1934,N20,nominal,2.0NRT,273.64,3.44,D
40.08773,-99.31867,329.44,0.39,0.36,2025-01-13,1934,N20,nominal,2.0NRT,279.46,2.78,D
39.75148,-102.03066,327.46,0.4,0.37,2025-01-13,1934,N20,nominal,2.0NRT,282.08,1.66,D
41.64227,-87.13858,331.58,0.45,0.63,2025-01-13,1934,N20,nominal,2.0NRT,271.29,8.6,D
40.59194,-99.43011,327.44,0.39,0.36,2025-01-13,1934,N20,nominal,2.0NRT,276.83,3.18,D
40.90781,-97.58092,332.6,0.42,0.38,2025-01-13,1934,N20,nominal,2.0NRT,275.94,3.7,D
42.5362,-99.69531,326.07,0.39,0.36,2025-01-13,1936,N20,nominal,2.0NRT,273.85,4.61,D
42.57396,-99.69509,328.51,0.39,0.36,2025-01-13,1936,N20,nominal,2.0NRT,272.61,2.98,D
24.02898,-106.97589,342.51,0.68,0.74,2025-01-13,2112,N20,nominal,2.0NRT,297.54,9.11,D
27.61211,-110.44381,354.58,0.45,0.63,2025-01-13,2112,N20,nominal,2.0NRT,296.73,8.13,D
29.65846,-112.35004,367,0.36,0.57,2025-01-13,2114,N20,high,2.0NRT,303.81,20.88,D
30.59571,-111.78544,337.64,0.4,0.6,2025-01-13,2114,N20,nominal,2.0NRT,299.32,5.89,D
30.59269,-111.82675,339.05,0.39,0.6,2025-01-13,2114,N20,nominal,2.0NRT,295.47,3.76,D
30.5897,-111.78905,335.32,0.4,0.6,2025-01-13,2114,N20,nominal,2.0NRT,300.32,2.8,D
30.5955,-111.78539,333.78,0.4,0.6,2025-01-13,2114,N20,nominal,2.0NRT,298.33,2.79,D
30.89108,-108.65633,327.68,0.62,0.71,2025-01-13,2114,N20,nominal,2.0NRT,293.87,2.57,D
30.7635,-112.91807,346.06,0.34,0.56,2025-01-13,2114,N20,nominal,2.0NRT,303.3,15.74,D
30.76377,-112.91451,356.12,0.34,0.56,2025-01-13,2114,N20,low,2.0NRT,304.36,15.74,D
30.76894,-112.91503,367,0.34,0.56,2025-01-13,2114,N20,high,2.0NRT,305.35,9.78,D
30.76921,-112.91148,335.83,0.34,0.56,2025-01-13,2114,N20,nominal,2.0NRT,297.27,7.09,D
30.76867,-112.91859,333.85,0.34,0.56,2025-01-13,2114,N20,nominal,2.0NRT,297.86,9.78,D
30.83596,-112.7943,349.85,0.35,0.56,2025-01-13,2114,N20,nominal,2.0NRT,297.92,5.97,D
30.83568,-112.79792,346.59,0.35,0.56,2025-01-13,2114,N20,nominal,2.0NRT,299.23,4.61,D
30.83685,-112.7942,348.6,0.35,0.56,2025-01-13,2114,N20,nominal,2.0NRT,297.94,5.68,D
30.83658,-112.79785,348.26,0.35,0.56,2025-01-13,2114,N20,nominal,2.0NRT,298.68,5.41,D
32.87785,-107.57122,334.48,0.74,0.76,2025-01-13,2114,N20,nominal,2.0NRT,285.56,5.77,D
32.49945,-116.79145,334.13,0.42,0.45,2025-01-13,2114,N20,nominal,2.0NRT,300.72,16.1,D
33.77644,-111.24254,339.39,0.46,0.63,2025-01-13,2114,N20,nominal,2.0NRT,293.86,3.89,D
34.15368,-118.19142,326.89,0.56,0.43,2025-01-13,2114,N20,nominal,2.0NRT,297.89,2.86,D
36.01842,-120.89791,328.48,0.45,0.39,2025-01-13,2116,N20,nominal,2.0NRT,295.64,1.87,D
36.1411,-121.09693,348.03,0.44,0.38,2025-01-13,2116,N20,nominal,2.0NRT,298.02,12.71,D
36.14462,-121.09755,339.32,0.44,0.38,2025-01-13,2116,N20,nominal,2.0NRT,296.7,4.99,D
37.42323,-119.80325,328.14,0.51,0.41,2025-01-13,2116,N20,nominal,2.0NRT,285.35,3.28,D
38.20271,-120.74715,329.51,0.48,0.4,2025-01-13,2116,N20,nominal,2.0NRT,288.01,2.81,D
38.20295,-120.74364,325.21,0.48,0.4,2025-01-13,2116,N20,nominal,2.0NRT,289.36,2.47,D
39.17654,-121.53213,338.83,0.45,0.39,2025-01-13,2116,N20,nominal,2.0NRT,278.87,5.19,D
39.16424,-123.60156,335.2,0.4,0.37,2025-01-13,2116,N20,nominal,2.0NRT,288.62,5.19,D
39.17028,-123.60782,340.92,0.4,0.37,2025-01-13,2116,N20,nominal,2.0NRT,288.59,10.58,D
39.17299,-123.6132,326.44,0.4,0.37,2025-01-13,2116,N20,nominal,2.0NRT,286.83,4.65,D
39.69614,-121.81886,345.3,0.45,0.39,2025-01-13,2116,N20,nominal,2.0NRT,289.83,4.69,D
39.69475,-121.82122,336.76,0.45,0.39,2025-01-13,2116,N20,nominal,2.0NRT,290.12,4.15,D
39.70087,-121.89169,325.82,0.45,0.39,2025-01-13,2116,N20,nominal,2.0NRT,288.54,2.63,D
39.7863,-122.28504,331.34,0.43,0.38,2025-01-13,2116,N20,nominal,2.0NRT,287.56,6.41,D
39.86467,-123.17654,328.41,0.41,0.37,2025-01-13,2116,N20,nominal,2.0NRT,285.53,4.35,D
39.86681,-123.18686,336.04,0.41,0.37,2025-01-13,2116,N20,nominal,2.0NRT,289.87,16.71,D
40.0553,-123.26911,348.47,0.41,0.37,2025-01-13,2116,N20,nominal,2.0NRT,277.86,6.7,D
40.05871,-123.26967,350.79,0.41,0.37,2025-01-13,2116,N20,nominal,2.0NRT,278.84,5.86,D
42.13417,-123.17492,337.89,0.43,0.38,2025-01-13,2116,N20,nominal,2.0NRT,273.76,11.88,D
42.13349,-123.1804,344.5,0.43,0.38,2025-01-13,2116,N20,nominal,2.0NRT,280.43,14.35,D
42.20631,-123.02381,328.31,0.43,0.38,2025-01-13,2116,N20,nominal,2.0NRT,273.41,2.93,D
42.82207,-122.84641,338.6,0.44,0.39,2025-01-13,2116,N20,nominal,2.0NRT,276.36,5.43,D
44.20538,-120.53829,327.21,0.56,0.43,2025-01-13,2118,N20,nominal,2.0NRT,268.82,4.7,D
44.51075,-120.27477,331.46,0.39,0.44,2025-01-13,2118,N20,nominal,2.0NRT,272.25,2.23,D
40.75956,-81.43585,343.93,0.68,0.74,2025-01-14,0612,N20,nominal,2.0NRT,259.04,8.07,N
40.15424,-74.77263,298.06,0.59,0.53,2025-01-14,0612,N20,nominal,2.0NRT,268.66,1.08,N
39.94225,-76.81775,324.54,0.38,0.59,2025-01-14,0612,N20,nominal,2.0NRT,270.54,1.92,N
39.94068,-76.81633,315.52,0.38,0.59,2025-01-14,0612,N20,nominal,2.0NRT,271.14,1.76,N
39.59133,-75.63698,299.9,0.32,0.55,2025-01-14,0612,N20,nominal,2.0NRT,275.6,0.78,N
37.89074,-77.59427,306.7,0.4,0.6,2025-01-14,0612,N20,nominal,2.0NRT,269.12,0.74,N
36.56387,-79.31909,311.79,0.49,0.65,2025-01-14,0614,N20,nominal,2.0NRT,272.16,1.38,N
36.55136,-79.0459,299.37,0.47,0.64,2025-01-14,0614,N20,nominal,2.0NRT,270.33,0.92,N
36.04678,-79.45094,300.7,0.49,0.65,2025-01-14,0614,N20,nominal,2.0NRT,269.51,0.9,N
34.37554,-79.89036,305.69,0.51,0.66,2025-01-14,0614,N20,nominal,2.0NRT,272.7,1.61,N
33.81751,-81.68519,303.05,0.64,0.72,2025-01-14,0614,N20,nominal,2.0NRT,272.65,2.02,N
33.01507,-79.88757,347.44,0.49,0.65,2025-01-14,0614,N20,nominal,2.0NRT,279.24,5.2,N
31.02344,-83.07316,301.23,0.73,0.76,2025-01-14,0614,N20,nominal,2.0NRT,275.87,1.3,N
24.66793,-78.02048,300.56,0.63,0.54,2025-01-14,0616,N20,nominal,2.0NRT,290.35,3.35,N
24.66755,-78.02067,301.68,0.63,0.54,2025-01-14,0616,N20,nominal,2.0NRT,290.52,2.4,N
23.08867,-81.2765,302.87,0.48,0.65,2025-01-14,0616,N20,nominal,2.0NRT,289.52,1.16,N
23.08829,-81.27173,306.96,0.48,0.65,2025-01-14,0616,N20,nominal,2.0NRT,289.9,1.18,N
23.08604,-81.27333,308.62,0.48,0.65,2025-01-14,0616,N20,nominal,2.0NRT,289.67,1.89,N
21.98857,-79.30999,302.36,0.35,0.57,2025-01-14,0618,N20,nominal,2.0NRT,291,0.58,N
18.75475,-69.69313,309.68,0.39,0.36,2025-01-14,0618,N20,nominal,2.0NRT,290.56,0.94,N
18.47837,-71.23108,342.81,0.39,0.36,2025-01-14,0618,N20,nominal,2.0NRT,293.2,5.17,N
18.47781,-71.22746,302.85,0.39,0.36,2025-01-14,0618,N20,nominal,2.0NRT,291.89,1.53,N
41.8036,-71.53236,296.54,0.42,0.45,2025-01-14,0612,N20,nominal,2.0NRT,267.99,0.69,N
18.47506,-71.23164,322.82,0.39,0.36,2025-01-14,0618,N20,nominal,2.0NRT,292.13,1.79,N
18.30189,-70.34521,301.92,0.39,0.36,2025-01-14,0618,N20,nominal,2.0NRT,291.7,0.49,N
18.2615,-70.13612,309.64,0.39,0.36,2025-01-14,0618,N20,nominal,2.0NRT,295.4,1.56,N
18.35818,-71.26605,313.07,0.39,0.36,2025-01-14,0618,N20,nominal,2.0NRT,291.67,0.62,N
18.32889,-71.92063,330.18,0.39,0.36,2025-01-14,0618,N20,nominal,2.0NRT,284.44,3.58,N
38.00961,-90.08272,321.21,0.39,0.36,2025-01-14,0754,N20,nominal,2.0NRT,267.13,2.61,N
37.26822,-86.98613,321.58,0.47,0.39,2025-01-14,0754,N20,nominal,2.0NRT,268.19,2.81,N
38.41876,-95.05507,315.99,0.48,0.4,2025-01-14,0754,N20,nominal,2.0NRT,267.64,2.32,N
38.59802,-97.74075,303.6,0.43,0.46,2025-01-14,0754,N20,nominal,2.0NRT,268.51,1.59,N
38.53712,-97.37531,306.98,0.41,0.45,2025-01-14,0754,N20,nominal,2.0NRT,268.57,1.32,N
40.63854,-74.22231,296.81,0.54,0.68,2025-01-14,0752,N20,nominal,2.0NRT,273.99,1.21,N
37.24104,-88.86486,295.1,0.41,0.37,2025-01-14,0754,N20,nominal,2.0NRT,265.85,0.43,N
37.23769,-88.86579,309.63,0.41,0.37,2025-01-14,0754,N20,nominal,2.0NRT,266.64,1.42,N
40.15527,-74.76972,295.63,0.53,0.67,2025-01-14,0752,N20,nominal,2.0NRT,267.95,0.48,N
37.21579,-88.88123,297.99,0.41,0.37,2025-01-14,0754,N20,nominal,2.0NRT,270.2,0.71,N
41.47087,-81.66795,324.29,0.45,0.47,2025-01-14,0752,N20,nominal,2.0NRT,263.76,3.39,N
35.34503,-80.82891,296.54,0.35,0.56,2025-01-14,0754,N20,nominal,2.0NRT,270.18,0.48,N
35.98045,-83.95551,321.92,0.45,0.47,2025-01-14,0754,N20,nominal,2.0NRT,270.42,2.63,N
41.46382,-81.67644,335.67,0.45,0.47,2025-01-14,0752,N20,nominal,2.0NRT,265.38,3.68,N
33.9749,-78.17757,315.37,0.52,0.67,2025-01-14,0754,N20,nominal,2.0NRT,275.4,2.82,N
39.94199,-76.81332,296.34,0.42,0.61,2025-01-14,0752,N20,nominal,2.0NRT,268.07,0.86,N
33.96903,-78.17993,304.73,0.52,0.67,2025-01-14,0754,N20,nominal,2.0NRT,275.52,1.73,N
35.01797,-82.26444,298.09,0.59,0.53,2025-01-14,0754,N20,nominal,2.0NRT,270.31,1.16,N
41.56773,-84.04449,325.62,0.52,0.42,2025-01-14,0752,N20,nominal,2.0NRT,261.96,3.72,N
40.31159,-80.61234,326.59,0.53,0.5,2025-01-14,0752,N20,nominal,2.0NRT,259.8,4.43,N
37.5874,-97.98834,310.82,0.43,0.46,2025-01-14,0754,N20,nominal,2.0NRT,267.48,1.35,N
37.58695,-97.98352,296.57,0.43,0.46,2025-01-14,0754,N20,nominal,2.0NRT,268.05,1.35,N
40.31011,-80.60626,321.93,0.54,0.5,2025-01-14,0752,N20,nominal,2.0NRT,265.44,4.93,N
38.83558,-84.24212,328.48,0.38,0.43,2025-01-14,0754,N20,nominal,2.0NRT,264.36,2.58,N
36.86098,-92.79224,324.97,0.4,0.37,2025-01-14,0754,N20,nominal,2.0NRT,265.72,1.47,N
36.76032,-78.91152,295.97,0.4,0.6,2025-01-14,0754,N20,nominal,2.0NRT,268.64,0.6,N
37.26776,-97.36575,335.99,0.39,0.44,2025-01-14,0754,N20,nominal,2.0NRT,271.25,5.22,N
36.54765,-79.04248,311.96,0.4,0.6,2025-01-14,0754,N20,nominal,2.0NRT,269.45,1.33,N
35.93981,-89.71538,305.49,0.4,0.37,2025-01-14,0754,N20,nominal,2.0NRT,272.25,2.42,N
35.93649,-89.71624,325.46,0.4,0.37,2025-01-14,0754,N20,nominal,2.0NRT,268.97,2.42,N
36.5628,-79.31711,332.76,0.39,0.59,2025-01-14,0754,N20,nominal,2.0NRT,272.77,2.27,N
37.23449,-82.04385,298.64,0.54,0.5,2025-01-14,0754,N20,nominal,2.0NRT,268.93,2.34,N
35.89031,-89.78087,306.39,0.4,0.37,2025-01-14,0754,N20,nominal,2.0NRT,271.17,0.96,N
37.23402,-82.03868,300.99,0.54,0.51,2025-01-14,0754,N20,nominal,2.0NRT,269.38,1.29,N
36.69606,-95.63699,331.66,0.48,0.4,2025-01-14,0754,N20,nominal,2.0NRT,269.26,5.23,N
36.56041,-79.31641,310.21,0.39,0.59,2025-01-14,0754,N20,nominal,2.0NRT,270.3,1.44,N
36.25974,-92.34601,297.75,0.39,0.36,2025-01-14,0754,N20,nominal,2.0NRT,265.47,0.68,N
36.04882,-79.4471,305.56,0.39,0.6,2025-01-14,0754,N20,nominal,2.0NRT,268.14,0.75,N
36.43915,-94.45392,310.44,0.44,0.38,2025-01-14,0754,N20,nominal,2.0NRT,268.86,1.6,N
34.94371,-85.7046,299.14,0.39,0.44,2025-01-14,0754,N20,nominal,2.0NRT,270.14,1.11,N
34.94134,-85.70274,298.03,0.39,0.44,2025-01-14,0754,N20,nominal,2.0NRT,270.41,0.86,N
35.64899,-89.93404,328.27,0.4,0.37,2025-01-14,0754,N20,nominal,2.0NRT,272.33,3.13,N
33.22967,-79.28806,298.09,0.47,0.64,2025-01-14,0754,N20,nominal,2.0NRT,276.45,0.5,N
33.81708,-81.68217,296.5,0.34,0.56,2025-01-14,0754,N20,nominal,2.0NRT,271.96,0.7,N
33.81394,-81.68293,298.52,0.34,0.56,2025-01-14,0754,N20,nominal,2.0NRT,272.85,0.66,N
35.79466,-91.74699,307.91,0.38,0.36,2025-01-14,0754,N20,nominal,2.0NRT,268.44,1.37,N
36.52079,-97.84072,316.49,0.41,0.45,2025-01-14,0754,N20,nominal,2.0NRT,272.52,1.76,N
34.90373,-87.20943,308.26,0.49,0.41,2025-01-14,0754,N20,nominal,2.0NRT,268.29,1.47,N
34.30525,-84.41544,329.08,0.47,0.47,2025-01-14,0754,N20,nominal,2.0NRT,273.67,3.31,N
35.21694,-89.1459,315.78,0.42,0.37,2025-01-14,0754,N20,nominal,2.0NRT,268.33,1.51,N
33.25,-80.20227,299.7,0.42,0.61,2025-01-14,0754,N20,nominal,2.0NRT,275.16,0.59,N
36.19701,-95.81345,296.63,0.49,0.4,2025-01-14,0754,N20,nominal,2.0NRT,270.94,1.13,N
34.23822,-84.79803,295.13,0.44,0.46,2025-01-14,0754,N20,nominal,2.0NRT,271.61,0.88,N
33.01312,-79.8867,339.85,0.44,0.63,2025-01-14,0754,N20,nominal,2.0NRT,278.69,4.66,N
33.00514,-79.87963,301.67,0.45,0.63,2025-01-14,0754,N20,nominal,2.0NRT,278.71,1.26,N
33.01696,-79.88638,338.65,0.45,0.63,2025-01-14,0754,N20,nominal,2.0NRT,278.1,4.52,N
34.63974,-87.08448,327.35,0.51,0.41,2025-01-14,0754,N20,nominal,2.0NRT,272.29,2.4,N
34.6408,-87.08987,303.03,0.51,0.41,2025-01-14,0754,N20,nominal,2.0NRT,272.3,2.4,N
34.74157,-87.84538,297.83,0.47,0.4,2025-01-14,0754,N20,nominal,2.0NRT,269.88,0.83,N
35.04905,-90.16547,295.07,0.4,0.37,2025-01-14,0754,N20,nominal,2.0NRT,272.78,0.56,N
34.07154,-85.50336,300.42,0.41,0.45,2025-01-14,0754,N20,nominal,2.0NRT,269.38,0.74,N
34.90949,-91.11119,296.84,0.39,0.36,2025-01-14,0754,N20,nominal,2.0NRT,269.34,0.39,N
35.09066,-92.55458,314.48,0.39,0.36,2025-01-14,0754,N20,nominal,2.0NRT,264.38,1.19,N
35.10593,-93.09338,296.08,0.39,0.36,2025-01-14,0754,N20,nominal,2.0NRT,266.35,0.58,N
33.10772,-84.19592,298.22,0.51,0.49,2025-01-14,0754,N20,nominal,2.0NRT,272.31,0.88,N
33.53463,-86.75597,325.64,0.55,0.42,2025-01-14,0754,N20,nominal,2.0NRT,272.92,2.22,N
34.95056,-95.83179,296.19,0.47,0.4,2025-01-14,0756,N20,nominal,2.0NRT,267.98,0.54,N
33.48465,-86.9348,306.89,0.54,0.42,2025-01-14,0756,N20,nominal,2.0NRT,271.45,1.78,N
33.61094,-88.58691,301.24,0.45,0.39,2025-01-14,0756,N20,nominal,2.0NRT,268.7,0.81,N
33.21964,-86.81413,301.61,0.55,0.43,2025-01-14,0756,N20,nominal,2.0NRT,272.73,1.82,N
33.17974,-86.75819,307.43,0.55,0.43,2025-01-14,0756,N20,nominal,2.0NRT,273.36,1.82,N
33.17976,-86.75928,305.83,0.55,0.43,2025-01-14,0756,N20,nominal,2.0NRT,273.62,1.36,N
33.45016,-88.57131,297.03,0.46,0.39,2025-01-14,0756,N20,nominal,2.0NRT,273.12,1.16,N
33.23712,-87.50824,295.99,0.51,0.41,2025-01-14,0756,N20,nominal,2.0NRT,271.24,1.37,N
33.43956,-88.5741,311.44,0.46,0.39,2025-01-14,0756,N20,nominal,2.0NRT,272.47,2.61,N
33.43864,-88.56927,310.7,0.46,0.39,2025-01-14,0756,N20,nominal,2.0NRT,272.39,2.39,N
33.09098,-86.80297,309.54,0.55,0.43,2025-01-14,0756,N20,nominal,2.0NRT,275.27,1.32,N
32.96137,-88.29253,306.07,0.48,0.4,2025-01-14,0756,N20,nominal,2.0NRT,271.93,1.19,N
33.64085,-94.11369,295.75,0.41,0.37,2025-01-14,0756,N20,nominal,2.0NRT,277.1,0.73,N
32.27592,-86.29042,309.08,0.41,0.45,2025-01-14,0756,N20,nominal,2.0NRT,272.82,1,N
32.27468,-86.36628,303.29,0.4,0.44,2025-01-14,0756,N20,nominal,2.0NRT,272.11,1.01,N
32.87281,-89.92154,304.06,0.42,0.37,2025-01-14,0756,N20,nominal,2.0NRT,269.42,0.82,N
33.77118,-96.96512,326.06,0.52,0.41,2025-01-14,0756,N20,nominal,2.0NRT,271.48,3.36,N
31.43166,-84.69641,295.02,0.52,0.5,2025-01-14,0756,N20,nominal,2.0NRT,273.08,0.89,N
31.02155,-83.06694,323.15,0.33,0.55,2025-01-14,0756,N20,nominal,2.0NRT,277.33,1.43,N
32.31352,-90.1368,323.48,0.42,0.37,2025-01-14,0756,N20,nominal,2.0NRT,273.14,2.5,N
32.48244,-92.15375,301.7,0.38,0.36,2025-01-14,0756,N20,nominal,2.0NRT,276.78,0.99,N
31.58169,-87.48959,295.92,0.54,0.42,2025-01-14,0756,N20,nominal,2.0NRT,281.38,1.41,N
32.69691,-95.20184,307.18,0.43,0.38,2025-01-14,0756,N20,nominal,2.0NRT,270.05,1.03,N
32.27734,-92.7314,303.05,0.38,0.36,2025-01-14,0756,N20,nominal,2.0NRT,277.74,1.24,N
32.28369,-93.78481,309.67,0.39,0.36,2025-01-14,0756,N20,nominal,2.0NRT,268.75,0.66,N
32.28036,-93.78548,296.99,0.39,0.36,2025-01-14,0756,N20,nominal,2.0NRT,268.48,0.56,N
32.4767,-95.57752,315.15,0.44,0.38,2025-01-14,0756,N20,nominal,2.0NRT,270.35,1.59,N
31.15091,-87.9883,331.29,0.52,0.42,2025-01-14,0756,N20,nominal,2.0NRT,280.22,4.88,N
32.4577,-97.04156,296.21,0.5,0.41,2025-01-14,0756,N20,nominal,2.0NRT,273.79,1.09,N
30.93979,-88.01279,316.11,0.53,0.42,2025-01-14,0756,N20,nominal,2.0NRT,279.62,1.52,N
31.75317,-93.55365,318.38,0.39,0.36,2025-01-14,0756,N20,nominal,2.0NRT,272.14,1.27,N
32.58316,-101.72,299.47,0.61,0.53,2025-01-14,0756,N20,nominal,2.0NRT,268.59,1.45,N
30.51237,-88.21598,298.75,0.52,0.42,2025-01-14,0756,N20,nominal,2.0NRT,276.63,0.87,N
32.32471,-101.82315,303.68,0.61,0.54,2025-01-14,0756,N20,nominal,2.0NRT,270.1,1.86,N
32.38125,-103.70273,310.28,0.4,0.6,2025-01-14,0756,N20,nominal,2.0NRT,270.27,1,N
32.21579,-101.84854,336.22,0.61,0.54,2025-01-14,0756,N20,nominal,2.0NRT,273.97,4.78,N
32.21192,-101.86226,300.38,0.61,0.54,2025-01-14,0756,N20,nominal,2.0NRT,270.41,1.15,N
32.18228,-101.86597,306.74,0.61,0.54,2025-01-14,0756,N20,nominal,2.0NRT,270.81,2.54,N
30.34244,-88.4903,297.08,0.51,0.41,2025-01-14,0756,N20,nominal,2.0NRT,282.57,1.17,N
30.34143,-88.48511,298.65,0.51,0.41,2025-01-14,0756,N20,nominal,2.0NRT,284.65,1.17,N
32.16952,-101.89404,313.05,0.62,0.54,2025-01-14,0756,N20,nominal,2.0NRT,272.7,2.13,N
32.18583,-101.86629,317.25,0.61,0.54,2025-01-14,0756,N20,nominal,2.0NRT,272.14,2.02,N
32.16831,-101.89489,310.06,0.61,0.54,2025-01-14,0756,N20,nominal,2.0NRT,271.76,1.88,N
32.05043,-100.68791,327.04,0.52,0.5,2025-01-14,0756,N20,nominal,2.0NRT,273.06,2.69,N
31.35375,-96.1695,301.7,0.45,0.39,2025-01-14,0756,N20,nominal,2.0NRT,272.03,1.34,N
31.35142,-96.17162,296.12,0.45,0.39,2025-01-14,0756,N20,nominal,2.0NRT,271.55,1.49,N
30.58488,-91.24034,307.12,0.4,0.37,2025-01-14,0756,N20,nominal,2.0NRT,275.48,1.03,N
30.7499,-92.25279,301.68,0.39,0.36,2025-01-14,0756,N20,nominal,2.0NRT,271.76,0.85,N
30.87978,-93.84515,321.03,0.39,0.36,2025-01-14,0756,N20,nominal,2.0NRT,273.19,2.07,N
31.29306,-96.87103,297.56,0.48,0.4,2025-01-14,0756,N20,nominal,2.0NRT,270.69,0.93,N
30.32866,-91.24451,296.25,0.4,0.37,2025-01-14,0756,N20,nominal,2.0NRT,278.61,0.77,N
30.32795,-91.24036,295.05,0.4,0.37,2025-01-14,0756,N20,nominal,2.0NRT,280.55,0.77,N
30.32388,-91.23697,297.38,0.4,0.37,2025-01-14,0756,N20,nominal,2.0NRT,278.5,0.72,N
30.32173,-91.22451,297,0.4,0.37,2025-01-14,0756,N20,nominal,2.0NRT,276.97,0.37,N
30.32764,-91.27921,298.37,0.4,0.37,2025-01-14,0756,N20,nominal,2.0NRT,276.39,0.57,N
30.18911,-90.98797,307.33,0.41,0.37,2025-01-14,0756,N20,nominal,2.0NRT,279.06,0.87,N
31.71301,-103.67059,304.67,0.39,0.59,2025-01-14,0756,N20,nominal,2.0NRT,268.92,0.58,N
30.06404,-90.59947,296.87,0.42,0.38,2025-01-14,0756,N20,nominal,2.0NRT,284.02,1.85,N
30.06139,-90.6046,297.21,0.42,0.38,2025-01-14,0756,N20,nominal,2.0NRT,278.76,0.44,N
30.06204,-90.603,298.22,0.42,0.38,2025-01-14,0756,N20,nominal,2.0NRT,279.54,0.63,N
30.06128,-90.59867,295.85,0.42,0.38,2025-01-14,0756,N20,nominal,2.0NRT,283.29,0.94,N
30.06236,-90.66585,301.33,0.42,0.38,2025-01-14,0756,N20,nominal,2.0NRT,282.99,1.02,N
29.93551,-89.97211,295.37,0.45,0.39,2025-01-14,0756,N20,nominal,2.0NRT,281.56,1.54,N
30.05553,-90.66744,304.17,0.42,0.38,2025-01-14,0756,N20,nominal,2.0NRT,278.27,1.55,N
30.00188,-90.40372,331,0.43,0.38,2025-01-14,0756,N20,nominal,2.0NRT,286.89,2.2,N
30.0011,-90.39933,302.58,0.43,0.38,2025-01-14,0756,N20,nominal,2.0NRT,283.58,2.2,N
29.99843,-90.40453,299.81,0.43,0.38,2025-01-14,0756,N20,nominal,2.0NRT,280.2,1,N
29.99687,-90.39575,296.92,0.43,0.38,2025-01-14,0756,N20,nominal,2.0NRT,283.62,1.16,N
29.99498,-90.40535,300.77,0.43,0.38,2025-01-14,0756,N20,nominal,2.0NRT,278.4,1,N
31.48846,-102.16165,325.75,0.63,0.54,2025-01-14,0756,N20,nominal,2.0NRT,267.88,4.82,N
29.93191,-90.25439,295.74,0.44,0.38,2025-01-14,0756,N20,nominal,2.0NRT,278.2,0.42,N
31.59738,-103.68506,302.51,0.39,0.59,2025-01-14,0756,N20,nominal,2.0NRT,271.03,0.68,N
31.59682,-103.67684,299.9,0.39,0.59,2025-01-14,0756,N20,nominal,2.0NRT,270.4,1.5,N
31.59275,-103.69799,299.09,0.39,0.59,2025-01-14,0756,N20,nominal,2.0NRT,270.26,0.61,N
29.92526,-90.35749,298.09,0.43,0.38,2025-01-14,0756,N20,nominal,2.0NRT,279.62,0.84,N
30.27139,-93.15859,299.92,0.38,0.36,2025-01-14,0756,N20,nominal,2.0NRT,273.53,0.3,N
30.25269,-93.28027,300.16,0.38,0.36,2025-01-14,0756,N20,nominal,2.0NRT,273.68,1.25,N
30.24159,-93.2744,295.7,0.38,0.36,2025-01-14,0756,N20,nominal,2.0NRT,277.05,1.5,N
31.20337,-101.25533,299.73,0.55,0.51,2025-01-14,0756,N20,nominal,2.0NRT,271.17,0.64,N
30.44768,-94.76543,296.92,0.4,0.37,2025-01-14,0756,N20,nominal,2.0NRT,274.92,0.5,N
29.60082,-89.89677,313.59,0.45,0.39,2025-01-14,0756,N20,nominal,2.0NRT,280.14,1.57,N
31.3595,-103.85638,295.53,0.39,0.6,2025-01-14,0756,N20,nominal,2.0NRT,268.59,0.33,N
31.29143,-103.67675,300.3,0.38,0.59,2025-01-14,0756,N20,nominal,2.0NRT,270.09,0.79,N
29.10685,-87.94469,319.21,0.57,0.43,2025-01-14,0756,N20,nominal,2.0NRT,289.33,1.24,N
30.04328,-93.33385,295.43,0.38,0.36,2025-01-14,0756,N20,nominal,2.0NRT,254.53,0.65,N
29.77735,-91.73554,295.85,0.4,0.37,2025-01-14,0756,N20,nominal,2.0NRT,279.53,0.45,N
30.05343,-93.75249,299.02,0.39,0.36,2025-01-14,0756,N20,nominal,2.0NRT,272.94,0.8,N
30.0856,-94.07904,298.83,0.39,0.36,2025-01-14,0756,N20,nominal,2.0NRT,270.1,0.66,N
30.07296,-94.05966,298.6,0.39,0.36,2025-01-14,0756,N20,nominal,2.0NRT,270.03,0.87,N
29.95358,-95.00571,300.27,0.4,0.37,2025-01-14,0756,N20,nominal,2.0NRT,273.65,0.41,N
29.7565,-93.87799,300.2,0.39,0.36,2025-01-14,0756,N20,nominal,2.0NRT,265.68,1.26,N
29.87993,-94.91203,295.72,0.4,0.37,2025-01-14,0756,N20,nominal,2.0NRT,270.13,0.9,N
29.73753,-95.13345,301.57,0.41,0.37,2025-01-14,0756,N20,nominal,2.0NRT,262.43,0.57,N
29.7383,-95.16329,306.96,0.41,0.37,2025-01-14,0756,N20,nominal,2.0NRT,269.07,0.8,N
29.72964,-95.22503,298.78,0.41,0.37,2025-01-14,0756,N20,nominal,2.0NRT,270.92,0.56,N
29.72065,-95.23531,298.83,0.41,0.37,2025-01-14,0756,N20,nominal,2.0NRT,272.96,0.99,N
29.08635,-98.814,303.73,0.57,0.43,2025-01-14,0756,N20,nominal,2.0NRT,271.74,1.38,N
29.08778,-98.81522,303.44,0.56,0.43,2025-01-14,0756,N20,nominal,2.0NRT,271.42,1.06,N
28.06063,-97.4384,310.15,0.47,0.4,2025-01-14,0756,N20,nominal,2.0NRT,269.42,1.5,N
28.06001,-97.43608,299.63,0.47,0.4,2025-01-14,0756,N20,nominal,2.0NRT,268.21,0.8,N
28.36876,-100.10378,295.97,0.44,0.46,2025-01-14,0756,N20,nominal,2.0NRT,273.28,0.57,N
27.88994,-97.27325,300.26,0.46,0.39,2025-01-14,0756,N20,nominal,2.0NRT,272.39,0.95,N
27.82806,-97.19323,305.37,0.46,0.39,2025-01-14,0756,N20,nominal,2.0NRT,270.32,1.35,N
27.82269,-97.20836,317.64,0.46,0.39,2025-01-14,0756,N20,nominal,2.0NRT,269.43,2.06,N
23.08393,-81.26969,304.24,0.64,0.72,2025-01-14,0758,N20,nominal,2.0NRT,288.18,0.78,N
23.08625,-81.27318,303.09,0.64,0.72,2025-01-14,0758,N20,nominal,2.0NRT,288.3,1.68,N
22.32346,-80.83776,325.89,0.71,0.75,2025-01-14,0758,N20,nominal,2.0NRT,288.37,5.04,N
22.32908,-80.83637,323.96,0.71,0.75,2025-01-14,0758,N20,nominal,2.0NRT,288.52,2.3,N
22.3224,-80.83838,301.38,0.71,0.75,2025-01-14,0758,N20,nominal,2.0NRT,288.6,2.3,N
22.41076,-83.72734,303.91,0.46,0.64,2025-01-14,0758,N20,nominal,2.0NRT,288.75,0.83,N
25.2373,-107.11228,299.12,0.55,0.68,2025-01-14,0758,N20,nominal,2.0NRT,285.7,1.14,N
19.35637,-88.89422,306.27,0.5,0.49,2025-01-14,0758,N20,nominal,2.0NRT,291.45,0.75,N
19.60383,-92.29224,328.76,0.47,0.4,2025-01-14,0758,N20,nominal,2.0NRT,291.37,2.56,N
19.60462,-92.2967,302.45,0.47,0.4,2025-01-14,0758,N20,nominal,2.0NRT,290.82,2.56,N
19.60021,-92.29295,335.77,0.47,0.4,2025-01-14,0758,N20,nominal,2.0NRT,291.31,6.54,N
19.44146,-92.03477,316.36,0.49,0.4,2025-01-14,0758,N20,nominal,2.0NRT,292.35,2.47,N
19.44683,-92.08609,335.24,0.49,0.4,2025-01-14,0758,N20,nominal,2.0NRT,293.86,17.03,N
19.43778,-92.0355,324.84,0.49,0.4,2025-01-14,0758,N20,nominal,2.0NRT,293.01,4.02,N
19.40102,-92.04279,304.63,0.49,0.4,2025-01-14,0758,N20,nominal,2.0NRT,292.3,4.85,N
19.39734,-92.04352,343.99,0.49,0.4,2025-01-14,0758,N20,nominal,2.0NRT,293.23,4.85,N
19.39366,-92.04425,335.67,0.49,0.4,2025-01-14,0758,N20,nominal,2.0NRT,292.95,8.46,N
19.3687,-92.00412,321.86,0.49,0.41,2025-01-14,0758,N20,nominal,2.0NRT,292.49,2.31,N
19.36952,-92.00876,309.49,0.49,0.41,2025-01-14,0758,N20,nominal,2.0NRT,291.85,2.31,N
20.60044,-100.13902,298.43,0.53,0.42,2025-01-14,0758,N20,nominal,2.0NRT,277.25,0.67,N
19.29506,-92.16632,312.38,0.49,0.4,2025-01-14,0758,N20,nominal,2.0NRT,291,2.39,N
19.29545,-92.16404,316.12,0.49,0.4,2025-01-14,0758,N20,nominal,2.0NRT,292.07,2.49,N
19.24338,-92.25426,309.67,0.48,0.4,2025-01-14,0758,N20,nominal,2.0NRT,291.83,2.21,N
19.23973,-92.25497,306.35,0.48,0.4,2025-01-14,0758,N20,nominal,2.0NRT,292,2.21,N
20.57951,-101.17319,311.2,0.41,0.45,2025-01-14,0758,N20,nominal,2.0NRT,267.82,1.42,N
20.38748,-99.69095,301.62,0.5,0.41,2025-01-14,0758,N20,nominal,2.0NRT,280.17,1.35,N
20.38375,-99.69149,299.27,0.5,0.41,2025-01-14,0758,N20,nominal,2.0NRT,279.91,1.35,N
20.52843,-100.92432,332.7,0.39,0.44,2025-01-14,0758,N20,nominal,2.0NRT,284.18,4.75,N
20.52441,-100.92491,339.68,0.39,0.44,2025-01-14,0758,N20,nominal,2.0NRT,287.26,4.75,N
20.52711,-100.92427,343.19,0.39,0.44,2025-01-14,0758,N20,nominal,2.0NRT,286.02,4.66,N
20.52309,-100.92485,315.65,0.39,0.44,2025-01-14,0758,N20,nominal,2.0NRT,286.2,4.66,N
20.38611,-101.21437,300.27,0.41,0.45,2025-01-14,0758,N20,nominal,2.0NRT,282.5,0.66,N
20.05083,-99.29066,342.57,0.47,0.4,2025-01-14,0758,N20,nominal,2.0NRT,283.76,8.88,N
20.04959,-99.28161,299.71,0.47,0.4,2025-01-14,0758,N20,nominal,2.0NRT,285.48,1.37,N
20.04897,-99.27708,302.05,0.47,0.4,2025-01-14,0758,N20,nominal,2.0NRT,285.76,1.37,N
18.64441,-92.1717,334.58,0.49,0.41,2025-01-14,0800,N20,nominal,2.0NRT,291.4,4.51,N
18.64357,-92.16707,307.28,0.5,0.41,2025-01-14,0800,N20,nominal,2.0NRT,291.38,2.62,N
18.64572,-92.16903,333.71,0.5,0.41,2025-01-14,0800,N20,nominal,2.0NRT,291.84,2.85,N
18.64654,-92.17367,302.88,0.5,0.41,2025-01-14,0800,N20,nominal,2.0NRT,290.39,2.85,N
19.61826,-98.98306,299.96,0.45,0.39,2025-01-14,0800,N20,nominal,2.0NRT,280.49,0.99,N
19.619,-98.98153,299.57,0.45,0.39,2025-01-14,0800,N20,nominal,2.0NRT,281.69,0.86,N
18.96838,-97.96489,296.42,0.41,0.37,2025-01-14,0800,N20,nominal,2.0NRT,281.46,1.31,N
19.02608,-98.62431,326.87,0.43,0.38,2025-01-14,0800,N20,nominal,2.0NRT,281.61,13.19,N
19.02257,-98.62463,327.31,0.43,0.38,2025-01-14,0800,N20,nominal,2.0NRT,271.92,2.47,N
46.43304,-94.07956,326.69,0.63,0.72,2025-01-14,0932,N20,nominal,2.0NRT,249.12,3.69,N
46.43364,-94.07748,324.05,0.63,0.72,2025-01-14,0932,N20,nominal,2.0NRT,249.04,4.32,N
48.72361,-113.34575,324.95,0.39,0.36,2025-01-14,0932,N20,nominal,2.0NRT,265.15,4.92,N
47.75206,-114.27099,301.06,0.39,0.36,2025-01-14,0932,N20,nominal,2.0NRT,265.82,1.02,N
46.76532,-109.06455,330.11,0.44,0.38,2025-01-14,0932,N20,nominal,2.0NRT,269,3.27,N
46.77178,-109.11697,325.02,0.44,0.38,2025-01-14,0932,N20,nominal,2.0NRT,266.45,2.34,N
46.7707,-109.11137,320.78,0.44,0.38,2025-01-14,0932,N20,nominal,2.0NRT,267.03,2.34,N
46.76838,-109.11845,318.7,0.44,0.38,2025-01-14,0932,N20,nominal,2.0NRT,266.49,2.34,N
47.54889,-116.72749,325.14,0.44,0.38,2025-01-14,0932,N20,nominal,2.0NRT,268.62,3.68,N
47.54819,-116.72179,295.8,0.44,0.38,2025-01-14,0932,N20,nominal,2.0NRT,267.21,2.54,N
46.51835,-113.50865,321.84,0.38,0.36,2025-01-14,0932,N20,nominal,2.0NRT,253.7,1.46,N
46.51509,-113.50971,322.65,0.38,0.36,2025-01-14,0932,N20,nominal,2.0NRT,254.34,2.55,N
46.48125,-123.51302,295.18,0.54,0.51,2025-01-14,0934,N20,nominal,2.0NRT,267.86,1.02,N
46.4766,-123.51419,309.19,0.54,0.51,2025-01-14,0934,N20,nominal,2.0NRT,267.22,1.02,N
45.64809,-120.2177,297.25,0.56,0.43,2025-01-14,0934,N20,nominal,2.0NRT,266.43,0.53,N
45.46,-120.04225,303.75,0.55,0.43,2025-01-14,0934,N20,nominal,2.0NRT,268.08,0.95,N
45.46035,-120.04227,303.31,0.55,0.43,2025-01-14,0934,N20,nominal,2.0NRT,268.12,1.4,N
45.15938,-121.45975,304.8,0.42,0.45,2025-01-14,0934,N20,nominal,2.0NRT,269.82,2.11,N
45.15565,-121.46539,313.53,0.42,0.45,2025-01-14,0934,N20,nominal,2.0NRT,270.43,1.44,N
45.15195,-121.47141,316.86,0.42,0.45,2025-01-14,0934,N20,nominal,2.0NRT,269.99,1.63,N
44.6069,-117.29883,308.04,0.43,0.38,2025-01-14,0934,N20,nominal,2.0NRT,264.85,6.83,N
44.60417,-117.30537,337.97,0.43,0.38,2025-01-14,0934,N20,nominal,2.0NRT,274.85,16.98,N
44.59512,-117.29051,325.34,0.43,0.38,2025-01-14,0934,N20,nominal,2.0NRT,266.96,5.57,N
44.59444,-117.28516,295.52,0.43,0.38,2025-01-14,0934,N20,nominal,2.0NRT,267.44,5.57,N
44.59239,-117.2971,330.48,0.43,0.38,2025-01-14,0934,N20,nominal,2.0NRT,270.89,15.74,N
43.18023,-115.73384,307.72,0.39,0.36,2025-01-14,0934,N20,nominal,2.0NRT,267.05,1,N
43.14671,-115.66879,312.93,0.39,0.36,2025-01-14,0934,N20,nominal,2.0NRT,267.59,1.3,N
43.25537,-123.55191,312.95,0.5,0.49,2025-01-14,0934,N20,nominal,2.0NRT,270.97,1.96,N
43.00299,-123.38496,296.56,0.49,0.49,2025-01-14,0934,N20,nominal,2.0NRT,270.92,0.8,N
42.53749,-121.83838,296.27,0.41,0.45,2025-01-14,0934,N20,nominal,2.0NRT,266.4,0.97,N
42.53703,-121.83325,298.8,0.41,0.45,2025-01-14,0934,N20,nominal,2.0NRT,267.9,1.68,N
42.5348,-121.8351,320.11,0.41,0.45,2025-01-14,0934,N20,nominal,2.0NRT,266.88,2.18,N
40.82289,-114.25851,320.26,0.39,0.36,2025-01-14,0934,N20,nominal,2.0NRT,267.16,2.51,N
40.3606,-121.07212,324.93,0.53,0.42,2025-01-14,0934,N20,nominal,2.0NRT,268.36,3.65,N
40.35744,-121.07946,312.11,0.53,0.42,2025-01-14,0934,N20,nominal,2.0NRT,265.73,2.61,N
40.35427,-121.08663,310,0.54,0.42,2025-01-14,0934,N20,nominal,2.0NRT,263.58,1.33,N
40.35361,-121.08035,304.3,0.53,0.42,2025-01-14,0934,N20,nominal,2.0NRT,263.79,1.33,N
40.34841,-121.06835,318.2,0.53,0.42,2025-01-14,0934,N20,nominal,2.0NRT,266.26,3.21,N
39.49259,-119.62298,298.15,0.46,0.39,2025-01-14,0934,N20,nominal,2.0NRT,266.03,0.85,N
39.86649,-123.18776,297.32,0.44,0.46,2025-01-14,0934,N20,nominal,2.0NRT,279.03,1.29,N
38.07224,-122.1408,304.77,0.56,0.43,2025-01-14,0936,N20,nominal,2.0NRT,286.43,1.89,N
38.07386,-122.14066,298.44,0.56,0.43,2025-01-14,0936,N20,nominal,2.0NRT,283.6,1.3,N
37.45486,-121.93587,299.1,0.54,0.42,2025-01-14,0936,N20,nominal,2.0NRT,274.3,1.09,N
32.32539,-101.82324,303.57,0.72,0.76,2025-01-14,0936,N20,nominal,2.0NRT,269.33,1.81,N
32.25146,-101.57944,297.54,0.75,0.77,2025-01-14,0936,N20,nominal,2.0NRT,267.55,1.7,N
32.32501,-101.82498,303.66,0.72,0.76,2025-01-14,0936,N20,nominal,2.0NRT,269.83,2.09,N
32.25241,-101.58051,304.22,0.75,0.77,2025-01-14,0936,N20,nominal,2.0NRT,267.78,1.57,N
32.21283,-101.84737,343.85,0.72,0.76,2025-01-14,0936,N20,nominal,2.0NRT,272.34,8.38,N
32.21715,-101.86195,295.98,0.72,0.76,2025-01-14,0936,N20,nominal,2.0NRT,270.31,1.32,N
32.1819,-101.86792,323.62,0.72,0.76,2025-01-14,0936,N20,nominal,2.0NRT,269.8,2.57,N
32.16858,-101.89773,304.06,0.72,0.76,2025-01-14,0936,N20,nominal,2.0NRT,269.96,1.4,N
32.16605,-101.89207,305.69,0.72,0.76,2025-01-14,0936,N20,nominal,2.0NRT,269.79,3.61,N
34.3238,-111.049,301.11,0.4,0.44,2025-01-14,0936,N20,nominal,2.0NRT,271.21,1.23,N
32.17323,-103.49465,298.24,0.59,0.7,2025-01-14,0936,N20,nominal,2.0NRT,268.52,0.58,N
34.94427,-118.2855,334.02,0.39,0.36,2025-01-14,0936,N20,nominal,2.0NRT,270.34,4.16,N
31.61896,-103.36039,311.09,0.62,0.71,2025-01-14,0936,N20,nominal,2.0NRT,270.4,1.81,N
34.62339,-117.09865,298.22,0.38,0.36,2025-01-14,0936,N20,nominal,2.0NRT,274.51,0.72,N
34.60956,-117.3364,304.03,0.38,0.36,2025-01-14,0936,N20,nominal,2.0NRT,272.95,1.12,N
33.41893,-110.86385,335.8,0.43,0.46,2025-01-14,0936,N20,nominal,2.0NRT,273.31,6.58,N
31.59047,-103.70221,301.44,0.59,0.7,2025-01-14,0936,N20,nominal,2.0NRT,270.56,1.25,N
34.35588,-116.85357,298.33,0.39,0.36,2025-01-14,0936,N20,nominal,2.0NRT,272.65,0.79,N
34.4298,-118.64749,310.54,0.39,0.36,2025-01-14,0936,N20,nominal,2.0NRT,277.2,1.68,N
34.33694,-118.52072,308.12,0.39,0.36,2025-01-14,0936,N20,nominal,2.0NRT,277.08,1.01,N
33.12936,-111.87527,310.17,0.57,0.43,2025-01-14,0936,N20,nominal,2.0NRT,269.17,2.09,N
34.10003,-117.30125,326.56,0.38,0.36,2025-01-14,0936,N20,nominal,2.0NRT,278.26,2.29,N
34.24441,-118.3802,303.97,0.39,0.36,2025-01-14,0936,N20,nominal,2.0NRT,274.52,0.3,N
34.31179,-119.26841,300.18,0.4,0.37,2025-01-14,0936,N20,nominal,2.0NRT,279.07,0.68,N
34.15247,-118.19572,313.58,0.39,0.36,2025-01-14,0936,N20,nominal,2.0NRT,276.65,0.87,N
34.2368,-119.21046,329.67,0.4,0.37,2025-01-14,0936,N20,nominal,2.0NRT,281.69,3.02,N
34.23618,-119.20612,314.54,0.4,0.37,2025-01-14,0936,N20,nominal,2.0NRT,279.6,2.28,N
33.90974,-118.41147,296.57,0.39,0.36,2025-01-14,0936,N20,nominal,2.0NRT,283.05,1.47,N
33.90519,-118.40383,298.05,0.39,0.36,2025-01-14,0936,N20,nominal,2.0NRT,283.07,0.65,N
33.85366,-118.33314,308.1,0.39,0.36,2025-01-14,0936,N20,nominal,2.0NRT,287.74,1.99,N
33.81557,-118.23837,300.12,0.39,0.36,2025-01-14,0936,N20,nominal,2.0NRT,283.64,1.03,N
33.71451,-117.71018,301.26,0.38,0.36,2025-01-14,0936,N20,nominal,2.0NRT,281.63,0.47,N
33.77487,-118.21604,300.03,0.39,0.36,2025-01-14,0936,N20,nominal,2.0NRT,281.25,0.47,N
33.7916,-118.34953,295.98,0.39,0.36,2025-01-14,0936,N20,nominal,2.0NRT,274.87,0.36,N
33.61278,-117.82372,311.34,0.38,0.36,2025-01-14,0936,N20,nominal,2.0NRT,279.36,1.17,N
33.49229,-117.61717,301.51,0.38,0.36,2025-01-14,0936,N20,nominal,2.0NRT,280.72,0.71,N
32.85967,-117.02958,295.51,0.39,0.36,2025-01-14,0936,N20,nominal,2.0NRT,272.11,0.9,N
32.85855,-117.14843,297.34,0.39,0.36,2025-01-14,0936,N20,nominal,2.0NRT,270,0.62,N
32.59785,-117.01276,306.28,0.39,0.36,2025-01-14,0936,N20,nominal,2.0NRT,275.47,0.88,N
32.52847,-116.77809,320.88,0.39,0.36,2025-01-14,0936,N20,nominal,2.0NRT,278.69,4.52,N
32.52915,-116.7822,297.3,0.39,0.36,2025-01-14,0936,N20,nominal,2.0NRT,276.42,2.9,N
32.49942,-116.78899,299.12,0.39,0.36,2025-01-14,0936,N20,nominal,2.0NRT,276.59,0.92,N
32.37185,-117.07021,310.31,0.39,0.36,2025-01-14,0938,N20,nominal,2.0NRT,282.28,0.85,N
32.2176,-116.87997,329.8,0.39,0.36,2025-01-14,0938,N20,nominal,2.0NRT,282.43,23.75,N
32.21693,-116.87592,349.38,0.39,0.36,2025-01-14,0938,N20,nominal,2.0NRT,303.65,23.75,N
32.21497,-116.88478,345.11,0.39,0.36,2025-01-14,0938,N20,nominal,2.0NRT,284.81,9.04,N
32.2143,-116.88074,347.05,0.39,0.36,2025-01-14,0938,N20,nominal,2.0NRT,291.58,3.85,N
32.21363,-116.87668,332.68,0.39,0.36,2025-01-14,0938,N20,nominal,2.0NRT,284.71,3.85,N
32.21235,-116.8896,346.41,0.39,0.36,2025-01-14,0938,N20,nominal,2.0NRT,286.05,9.04,N
32.21166,-116.88552,345.93,0.39,0.36,2025-01-14,0938,N20,nominal,2.0NRT,295.74,9.04,N
32.211,-116.88148,337.52,0.39,0.36,2025-01-14,0938,N20,nominal,2.0NRT,290.36,3.85,N
32.21032,-116.87743,297.18,0.39,0.36,2025-01-14,0938,N20,nominal,2.0NRT,281.41,3.85,N
32.20903,-116.89034,355,0.39,0.36,2025-01-14,0938,N20,nominal,2.0NRT,299.29,23.6,N
32.20837,-116.88628,322.75,0.39,0.36,2025-01-14,0938,N20,nominal,2.0NRT,295.8,23.6,N
32.20971,-116.8944,309.99,0.39,0.36,2025-01-14,0938,N20,nominal,2.0NRT,280.81,22.83,N
32.2064,-116.89513,324.9,0.39,0.36,2025-01-14,0938,N20,nominal,2.0NRT,304.26,22.83,N
32.20573,-116.89107,341.34,0.39,0.36,2025-01-14,0938,N20,nominal,2.0NRT,300.96,23.6,N
32.2031,-116.8959,299.87,0.39,0.36,2025-01-14,0938,N20,nominal,2.0NRT,280.24,0.45,N
32.03208,-116.75114,314.49,0.39,0.36,2025-01-14,0938,N20,nominal,2.0NRT,280.75,1.56,N
30.49797,-109.63328,301.49,0.57,0.52,2025-01-14,0938,N20,nominal,2.0NRT,269.09,1.6,N
30.49603,-109.62881,309.41,0.58,0.52,2025-01-14,0938,N20,nominal,2.0NRT,271.93,2.68,N
31.84417,-116.58532,306.93,0.4,0.37,2025-01-14,0938,N20,nominal,2.0NRT,280.04,1.26,N
28.68679,-106.09084,306.04,0.51,0.66,2025-01-14,0938,N20,nominal,2.0NRT,273.81,1.38,N
28.93079,-110.8289,295.79,0.53,0.5,2025-01-14,0938,N20,nominal,2.0NRT,279.88,0.7,N
28.94019,-111.61217,302.64,0.47,0.48,2025-01-14,0938,N20,nominal,2.0NRT,273.88,0.75,N
28.87752,-111.55361,315.75,0.48,0.48,2025-01-14,0938,N20,nominal,2.0NRT,273.86,2,N
25.23777,-107.10564,297.82,0.53,0.67,2025-01-14,0938,N20,nominal,2.0NRT,285.23,0.57,N
49.09858,-123.0165,295.95,0.37,0.58,2025-01-14,1112,N20,nominal,2.0NRT,268.71,0.49,N
49.09965,-123.01757,297.66,0.37,0.58,2025-01-14,1112,N20,nominal,2.0NRT,268.62,0.47,N
41.19119,-123.85376,335.82,0.6,0.7,2025-01-14,1114,N20,nominal,2.0NRT,277.22,3.43,N
41.18868,-123.84589,295.37,0.6,0.7,2025-01-14,1114,N20,nominal,2.0NRT,276.65,3.43,N
21.94676,-78.36679,333.05,0.62,0.71,2025-01-14,1730,N20,nominal,2.0NRT,294.97,5.11,D
22.28616,-80.20116,367,0.79,0.78,2025-01-14,1730,N20,high,2.0NRT,291.22,16.7,D
22.28199,-80.20433,346.56,0.79,0.78,2025-01-14,1730,N20,nominal,2.0NRT,291.09,9.05,D
22.28902,-80.20606,335,0.79,0.78,2025-01-14,1730,N20,nominal,2.0NRT,291,9.05,D
24.42295,-77.94019,340.8,0.51,0.66,2025-01-14,1730,N20,nominal,2.0NRT,290.69,5.46,D
27.95123,-81.62504,346.9,0.7,0.75,2025-01-14,1732,N20,nominal,2.0NRT,287.68,9.67,D
27.95248,-81.62804,335.73,0.7,0.75,2025-01-14,1732,N20,nominal,2.0NRT,287.33,6.24,D
28.49962,-81.66261,327.89,0.69,0.74,2025-01-14,1732,N20,nominal,2.0NRT,287.29,6.61,D
28.50279,-81.66119,339.91,0.68,0.74,2025-01-14,1732,N20,nominal,2.0NRT,287.47,5.44,D
28.95366,-80.9705,335.05,0.61,0.71,2025-01-14,1732,N20,nominal,2.0NRT,287.72,4.44,D
28.73254,-81.89052,326.59,0.7,0.75,2025-01-14,1732,N20,nominal,2.0NRT,286.9,4.31,D
28.73495,-81.89077,325.25,0.7,0.75,2025-01-14,1732,N20,nominal,2.0NRT,287.09,3.85,D
29.02435,-81.82712,340.9,0.68,0.74,2025-01-14,1732,N20,nominal,2.0NRT,285.23,4.7,D
29.63826,-81.50875,331.11,0.63,0.72,2025-01-14,1732,N20,nominal,2.0NRT,286.93,5.85,D
29.63739,-81.50997,334.07,0.63,0.72,2025-01-14,1732,N20,nominal,2.0NRT,286.78,5.02,D
29.68621,-82.57032,326.76,0.72,0.76,2025-01-14,1732,N20,nominal,2.0NRT,285.08,3.05,D
29.68745,-82.56959,327.58,0.72,0.76,2025-01-14,1732,N20,nominal,2.0NRT,284.88,3.21,D
29.95772,-82.38936,330.14,0.69,0.74,2025-01-14,1732,N20,nominal,2.0NRT,288.6,5.19,D
29.96426,-82.39178,339,0.69,0.74,2025-01-14,1732,N20,nominal,2.0NRT,289.63,5.19,D
29.96045,-82.38938,336.87,0.69,0.74,2025-01-14,1732,N20,nominal,2.0NRT,289.3,6.16,D
29.967,-82.39177,326.6,0.69,0.74,2025-01-14,1732,N20,nominal,2.0NRT,287.67,4.67,D
29.9992,-83.08132,328.93,0.76,0.77,2025-01-14,1732,N20,nominal,2.0NRT,285.87,3.69,D
33.01439,-79.88343,347.18,0.42,0.61,2025-01-14,1732,N20,nominal,2.0NRT,287.71,3.77,D
33.37855,-79.32215,333.83,0.38,0.59,2025-01-14,1734,N20,nominal,2.0NRT,282.87,1.81,D
33.47431,-79.20441,354.79,0.37,0.58,2025-01-14,1734,N20,nominal,2.0NRT,289.11,7.24,D
33.47528,-79.20058,356.11,0.37,0.58,2025-01-14,1734,N20,low,2.0NRT,284.92,7.24,D
32.47772,-83.26157,329.31,0.66,0.73,2025-01-14,1734,N20,nominal,2.0NRT,285.27,3.67,D
33.78838,-80.49577,354.51,0.43,0.62,2025-01-14,1734,N20,nominal,2.0NRT,281.8,13.85,D
33.78952,-80.49134,356.5,0.43,0.62,2025-01-14,1734,N20,low,2.0NRT,280.69,16.64,D
33.86744,-80.45944,343.01,0.43,0.62,2025-01-14,1734,N20,nominal,2.0NRT,282.66,3.76,D
33.16291,-83.3572,336.35,0.65,0.73,2025-01-14,1734,N20,nominal,2.0NRT,280.49,4.91,D
34.23935,-79.92433,335.4,0.39,0.59,2025-01-14,1734,N20,nominal,2.0NRT,286.16,2.95,D
34.07724,-80.81886,337.61,0.44,0.63,2025-01-14,1734,N20,nominal,2.0NRT,285.3,5.46,D
34.08398,-80.81629,345.18,0.44,0.63,2025-01-14,1734,N20,nominal,2.0NRT,283.81,5.3,D
34.08278,-80.82082,346.79,0.44,0.63,2025-01-14,1734,N20,nominal,2.0NRT,287.07,5.3,D
34.75553,-79.04094,346.63,0.34,0.56,2025-01-14,1734,N20,nominal,2.0NRT,291.35,11.59,D
34.75641,-79.03738,356.12,0.34,0.56,2025-01-14,1734,N20,low,2.0NRT,285.01,11.59,D
34.64535,-79.52688,325.2,0.36,0.58,2025-01-14,1734,N20,nominal,2.0NRT,284.27,2.2,D
35.0447,-79.17912,340.43,0.34,0.56,2025-01-14,1734,N20,nominal,2.0NRT,281.13,4.81,D
35.0429,-79.18637,326.81,0.34,0.56,2025-01-14,1734,N20,nominal,2.0NRT,282.06,3.15,D
34.04829,-83.34177,336.3,0.61,0.71,2025-01-14,1734,N20,nominal,2.0NRT,283.22,4.83,D
34.9335,-80.48961,326.2,0.4,0.6,2025-01-14,1734,N20,nominal,2.0NRT,284.79,2.73,D
35.19062,-79.55257,343.65,0.35,0.57,2025-01-14,1734,N20,nominal,2.0NRT,282.42,4.54,D
34.30098,-84.41127,328.14,0.69,0.74,2025-01-14,1734,N20,nominal,2.0NRT,281.37,4.38,D
36.24634,-77.68391,330.94,0.53,0.5,2025-01-14,1734,N20,nominal,2.0NRT,279.68,3.77,D
36.62193,-81.09473,343.43,0.39,0.6,2025-01-14,1734,N20,nominal,2.0NRT,273.39,3.52,D
36.60633,-81.35622,340.91,0.41,0.6,2025-01-14,1734,N20,nominal,2.0NRT,276.58,3.39,D
38.18454,-75.38243,326.44,0.55,0.43,2025-01-14,1734,N20,nominal,2.0NRT,274.14,5.36,D
39.93713,-76.81381,327.45,0.4,0.44,2025-01-14,1734,N20,nominal,2.0NRT,275.84,2.48,D
17.97642,-71.21223,329.27,0.52,0.5,2025-01-14,1728,N20,nominal,2.0NRT,296.93,5.78,D
18.31846,-70.10549,338.17,0.43,0.46,2025-01-14,1728,N20,nominal,2.0NRT,297.18,4.83,D
18.62227,-69.31195,329.47,0.38,0.44,2025-01-14,1728,N20,nominal,2.0NRT,298.76,2.15,D
18.87499,-69.70428,330.57,0.4,0.44,2025-01-14,1728,N20,nominal,2.0NRT,296.81,3.63,D
18.9141,-70.04202,329.03,0.42,0.45,2025-01-14,1728,N20,nominal,2.0NRT,293.9,3.39,D
18.81688,-71.19872,340.6,0.5,0.49,2025-01-14,1728,N20,nominal,2.0NRT,302.99,6.02,D
19.00188,-72.27402,335.93,0.58,0.52,2025-01-14,1728,N20,nominal,2.0NRT,298.78,5.28,D
19.22356,-72.40598,336.68,0.59,0.53,2025-01-14,1728,N20,nominal,2.0NRT,298.53,2.92,D
20.21988,-75.59641,337.6,0.45,0.63,2025-01-14,1730,N20,nominal,2.0NRT,298.74,5.48,D
20.22166,-75.59687,338.36,0.45,0.63,2025-01-14,1730,N20,nominal,2.0NRT,298.23,4.81,D
20.24944,-75.63296,350.68,0.45,0.63,2025-01-14,1730,N20,nominal,2.0NRT,297.83,7.12,D
20.24849,-75.63724,346.68,0.45,0.63,2025-01-14,1730,N20,nominal,2.0NRT,298.73,7.12,D
20.37768,-75.62652,351.19,0.45,0.63,2025-01-14,1730,N20,nominal,2.0NRT,297.57,6.19,D
20.21408,-77.12529,354.37,0.56,0.69,2025-01-14,1730,N20,nominal,2.0NRT,297.72,9.64,D
20.22024,-77.12692,345.57,0.56,0.69,2025-01-14,1730,N20,nominal,2.0NRT,297.24,9.64,D
20.21856,-77.12354,355.02,0.56,0.69,2025-01-14,1730,N20,nominal,2.0NRT,297.19,13.55,D
20.21734,-77.12877,346.87,0.56,0.69,2025-01-14,1730,N20,nominal,2.0NRT,298.55,14.01,D
20.42926,-76.79633,328.51,0.53,0.67,2025-01-14,1730,N20,nominal,2.0NRT,296.01,4.02,D
20.381,-77.06223,328.98,0.55,0.68,2025-01-14,1730,N20,nominal,2.0NRT,298.22,6.31,D
20.70683,-77.01021,329.84,0.54,0.68,2025-01-14,1730,N20,nominal,2.0NRT,295.98,4.16,D
20.85042,-77.82285,339.61,0.6,0.71,2025-01-14,1730,N20,nominal,2.0NRT,292.46,9.67,D
20.84908,-77.82851,351.24,0.61,0.71,2025-01-14,1730,N20,nominal,2.0NRT,296.39,9.67,D
20.89174,-78.19275,327.91,0.64,0.72,2025-01-14,1730,N20,nominal,2.0NRT,295.97,4.58,D
21.29077,-78.46149,329.52,0.65,0.73,2025-01-14,1730,N20,nominal,2.0NRT,296.25,5.32,D
21.32324,-78.47041,340.51,0.65,0.73,2025-01-14,1730,N20,nominal,2.0NRT,297.3,9.32,D
21.29574,-78.46298,337.78,0.65,0.73,2025-01-14,1730,N20,nominal,2.0NRT,295.93,7.09,D
21.32173,-78.46999,335.2,0.65,0.73,2025-01-14,1730,N20,nominal,2.0NRT,296.92,8.01,D
21.32823,-78.47175,341.21,0.65,0.73,2025-01-14,1730,N20,nominal,2.0NRT,296.22,7.15,D
21.49028,-78.13834,329.95,0.61,0.71,2025-01-14,1730,N20,nominal,2.0NRT,294.19,6.35,D
21.49027,-78.14039,339.36,0.61,0.71,2025-01-14,1730,N20,nominal,2.0NRT,295.06,5.35,D
27.94929,-81.62767,335.89,0.37,0.58,2025-01-14,1912,N20,nominal,2.0NRT,291.27,5.47,D
28.19707,-81.315,344.25,0.39,0.6,2025-01-14,1912,N20,nominal,2.0NRT,285.17,3.62,D
28.62464,-80.94929,326.97,0.42,0.61,2025-01-14,1912,N20,nominal,2.0NRT,289.31,81.38,D
28.62495,-80.94493,207.93,0.42,0.61,2025-01-14,1912,N20,low,2.0NRT,323.35,81.38,D
28.67425,-82.02264,344.58,0.36,0.57,2025-01-14,1912,N20,nominal,2.0NRT,290.58,6.67,D
28.6786,-82.02458,338.36,0.36,0.57,2025-01-14,1912,N20,nominal,2.0NRT,292.85,5.89,D
28.73156,-81.89339,335.37,0.37,0.58,2025-01-14,1912,N20,nominal,2.0NRT,290.77,2.27,D
28.68215,-82.51273,342.03,0.34,0.56,2025-01-14,1912,N20,nominal,2.0NRT,286.68,4.02,D
28.84237,-82.16732,332.17,0.35,0.57,2025-01-14,1912,N20,nominal,2.0NRT,289.1,1.76,D
28.95064,-80.97252,328.58,0.42,0.61,2025-01-14,1912,N20,nominal,2.0NRT,288.98,1.96,D
28.94096,-82.57474,343.18,0.34,0.56,2025-01-14,1912,N20,nominal,2.0NRT,287.83,2.93,D
29.07125,-81.22691,341.16,0.41,0.6,2025-01-14,1912,N20,nominal,2.0NRT,289.35,3.74,D
29.02402,-81.828,326,0.37,0.58,2025-01-14,1912,N20,nominal,2.0NRT,287.42,1.99,D
29.02633,-81.8327,330.53,0.37,0.58,2025-01-14,1912,N20,nominal,2.0NRT,289.49,5.09,D
29.02661,-81.82888,356.3,0.37,0.58,2025-01-14,1912,N20,low,2.0NRT,288.96,5.09,D
29.07581,-81.22302,331.68,0.41,0.6,2025-01-14,1912,N20,nominal,2.0NRT,288.58,5.35,D
29.07551,-81.22722,356.2,0.41,0.6,2025-01-14,1912,N20,nominal,2.0NRT,291.15,5.35,D
29.032,-81.82938,347.07,0.37,0.58,2025-01-14,1912,N20,nominal,2.0NRT,288.08,5.09,D
29.03171,-81.83321,353.37,0.37,0.58,2025-01-14,1912,N20,nominal,2.0NRT,290.18,5.09,D
29.05089,-82.40296,339.33,0.34,0.56,2025-01-14,1912,N20,nominal,2.0NRT,290.94,5.01,D
29.05059,-82.40653,339.29,0.34,0.56,2025-01-14,1912,N20,nominal,2.0NRT,292.7,4.87,D
29.40504,-82.48837,326.36,0.34,0.56,2025-01-14,1912,N20,nominal,2.0NRT,290.01,1.36,D
29.68875,-82.5711,334.06,0.34,0.56,2025-01-14,1912,N20,nominal,2.0NRT,288.62,2.2,D
29.9511,-82.41001,345.58,0.35,0.57,2025-01-14,1912,N20,nominal,2.0NRT,292.64,3.8,D
29.99902,-83.08336,327.47,0.32,0.55,2025-01-14,1912,N20,nominal,2.0NRT,290.3,1.64,D
30.34497,-85.43462,330.28,0.47,0.48,2025-01-14,1912,N20,nominal,2.0NRT,289.64,3.06,D
29.91062,-91.69706,326.47,0.39,0.36,2025-01-14,1914,N20,nominal,2.0NRT,284.42,1.97,D
30.68963,-87.03971,339.32,0.38,0.44,2025-01-14,1914,N20,nominal,2.0NRT,287.81,6.41,D
31.07322,-83.03507,339.53,0.33,0.55,2025-01-14,1914,N20,nominal,2.0NRT,289.52,2.64,D
31.62338,-82.46068,344.71,0.36,0.58,2025-01-14,1914,N20,nominal,2.0NRT,288.5,3.89,D
30.81806,-91.0005,328.53,0.4,0.37,2025-01-14,1914,N20,nominal,2.0NRT,284.89,1.86,D
30.8195,-91.00077,328.54,0.4,0.37,2025-01-14,1914,N20,nominal,2.0NRT,284.76,1.89,D
31.09315,-89.60342,331.54,0.44,0.39,2025-01-14,1914,N20,nominal,2.0NRT,285.98,9.91,D
31.91962,-82.32674,355.48,0.37,0.58,2025-01-14,1914,N20,nominal,2.0NRT,289.51,6.84,D
31.91934,-82.3307,328.03,0.37,0.58,2025-01-14,1914,N20,nominal,2.0NRT,287.49,6.84,D
31.9253,-82.32315,352.3,0.37,0.58,2025-01-14,1914,N20,nominal,2.0NRT,287.5,12.08,D
31.92501,-82.32713,354.29,0.37,0.58,2025-01-14,1914,N20,nominal,2.0NRT,294.17,6.84,D
31.92865,-82.35161,338.85,0.37,0.58,2025-01-14,1914,N20,nominal,2.0NRT,290.17,3.33,D
31.92781,-82.32363,335.57,0.37,0.58,2025-01-14,1914,N20,nominal,2.0NRT,285.91,4.64,D
31.92755,-82.32761,355.3,0.37,0.58,2025-01-14,1914,N20,nominal,2.0NRT,288.83,6.63,D
31.93134,-82.35208,336.32,0.37,0.58,2025-01-14,1914,N20,nominal,2.0NRT,289.47,3.62,D
32.07906,-81.45357,336.9,0.42,0.61,2025-01-14,1914,N20,nominal,2.0NRT,286.22,4.03,D
32.07876,-81.45808,346.32,0.42,0.61,2025-01-14,1914,N20,nominal,2.0NRT,289.39,4.03,D
31.83719,-85.46626,331.45,0.49,0.48,2025-01-14,1914,N20,nominal,2.0NRT,279.11,3.61,D
32.56124,-81.52238,367,0.42,0.61,2025-01-14,1914,N20,high,2.0NRT,291.91,19.87,D
32.56151,-81.51787,345.51,0.42,0.61,2025-01-14,1914,N20,nominal,2.0NRT,290.19,8.68,D
32.56179,-81.51334,356.4,0.42,0.61,2025-01-14,1914,N20,low,2.0NRT,289.37,8.68,D
32.56719,-81.5183,330.36,0.42,0.61,2025-01-14,1914,N20,nominal,2.0NRT,286.12,8.68,D
32.63037,-82.2629,367,0.38,0.59,2025-01-14,1914,N20,high,2.0NRT,290.71,11.21,D
32.63064,-82.25883,331.01,0.38,0.59,2025-01-14,1914,N20,nominal,2.0NRT,284.2,11.21,D
32.65742,-82.02109,355.64,0.4,0.6,2025-01-14,1914,N20,nominal,2.0NRT,287.84,3.35,D
32.66323,-82.01723,335.89,0.4,0.6,2025-01-14,1914,N20,nominal,2.0NRT,287.82,3.35,D
32.66294,-82.02151,336.51,0.4,0.6,2025-01-14,1914,N20,nominal,2.0NRT,285.63,3.35,D
32.32898,-86.73773,327.89,0.42,0.45,2025-01-14,1914,N20,nominal,2.0NRT,284.25,3.22,D
32.10183,-89.82698,327.64,0.44,0.39,2025-01-14,1914,N20,nominal,2.0NRT,285.31,4.61,D
32.09769,-89.85973,340.55,0.44,0.39,2025-01-14,1914,N20,nominal,2.0NRT,290.75,13.54,D
33.01402,-79.87926,339.47,0.53,0.67,2025-01-14,1914,N20,nominal,2.0NRT,286.34,6.41,D
33.01374,-79.885,334.13,0.53,0.67,2025-01-14,1914,N20,nominal,2.0NRT,288.37,6.31,D
32.904,-81.98576,351.88,0.4,0.6,2025-01-14,1914,N20,nominal,2.0NRT,293.52,16.08,D
32.90429,-81.98138,356.55,0.4,0.6,2025-01-14,1914,N20,low,2.0NRT,286.78,14.21,D
33.06165,-79.54968,327.77,0.56,0.69,2025-01-14,1914,N20,nominal,2.0NRT,286.97,2.94,D
32.9037,-81.98405,367,0.4,0.6,2025-01-14,1914,N20,high,2.0NRT,293.25,18.25,D
33.01224,-79.87991,348.8,0.53,0.67,2025-01-14,1914,N20,nominal,2.0NRT,287.03,12.99,D
33.06422,-79.55039,327.64,0.56,0.69,2025-01-14,1914,N20,nominal,2.0NRT,287.6,3.2,D
32.5102,-87.26117,338.87,0.39,0.44,2025-01-14,1914,N20,nominal,2.0NRT,286.18,9.61,D
32.3784,-88.65599,331.21,0.5,0.41,2025-01-14,1914,N20,nominal,2.0NRT,287.76,4.69,D
32.95809,-82.94817,332.63,0.35,0.57,2025-01-14,1914,N20,nominal,2.0NRT,287.04,1.85,D
32.9581,-82.94878,334.32,0.35,0.57,2025-01-14,1914,N20,nominal,2.0NRT,287.64,2.02,D
32.97526,-82.77329,352.49,0.36,0.57,2025-01-14,1914,N20,nominal,2.0NRT,296.16,14.05,D
32.31092,-90.13539,327.66,0.44,0.38,2025-01-14,1914,N20,nominal,2.0NRT,287.71,3.3,D
32.49863,-88.71041,339.73,0.5,0.41,2025-01-14,1914,N20,nominal,2.0NRT,289.45,12.68,D
32.8537,-86.19244,350.13,0.45,0.47,2025-01-14,1914,N20,nominal,2.0NRT,280.27,8.37,D
32.85324,-86.19723,340.23,0.45,0.47,2025-01-14,1914,N20,nominal,2.0NRT,281.94,7.12,D
31.80466,-94.65819,328.92,0.4,0.37,2025-01-14,1914,N20,nominal,2.0NRT,266.59,4.83,D
33.16174,-83.3595,339.59,0.33,0.56,2025-01-14,1914,N20,nominal,2.0NRT,288.65,4.03,D
32.7236,-88.36293,326.48,0.52,0.42,2025-01-14,1914,N20,nominal,2.0NRT,287.92,2.18,D
31.91215,-94.77332,343.31,0.4,0.37,2025-01-14,1914,N20,nominal,2.0NRT,274.69,10.89,D
32.88331,-88.28221,327.95,0.53,0.42,2025-01-14,1914,N20,nominal,2.0NRT,282.64,3.24,D
32.87123,-89.92303,331.33,0.45,0.39,2025-01-14,1914,N20,nominal,2.0NRT,278.99,2.8,D
33.23371,-86.84585,338.53,0.42,0.45,2025-01-14,1914,N20,nominal,2.0NRT,285.25,2.97,D
33.78962,-80.50121,367,0.5,0.66,2025-01-14,1914,N20,high,2.0NRT,292.56,18.58,D
33.79569,-80.50156,356.3,0.5,0.66,2025-01-14,1914,N20,low,2.0NRT,288.06,7.43,D
33.86574,-80.46308,328.03,0.5,0.66,2025-01-14,1914,N20,nominal,2.0NRT,285.76,2.62,D
33.87183,-80.46343,330.05,0.5,0.66,2025-01-14,1914,N20,nominal,2.0NRT,284.49,2.62,D
34.01218,-78.92634,332.24,0.61,0.71,2025-01-14,1914,N20,nominal,2.0NRT,286.3,3.37,D
31.57392,-100.67088,335.96,0.49,0.49,2025-01-14,1914,N20,nominal,2.0NRT,286.78,7.63,D
34.04573,-83.34149,349.48,0.34,0.56,2025-01-14,1914,N20,nominal,2.0NRT,286.2,3.5,D
34.21214,-82.07208,340.97,0.41,0.6,2025-01-14,1914,N20,nominal,2.0NRT,288.68,3.62,D
32.05401,-99.12796,326.31,0.4,0.44,2025-01-14,1914,N20,nominal,2.0NRT,286.68,2.43,D
32.05319,-99.13208,333.13,0.4,0.44,2025-01-14,1914,N20,nominal,2.0NRT,285.61,3.63,D
32.17287,-98.69054,327.92,0.56,0.43,2025-01-14,1914,N20,nominal,2.0NRT,287.83,2.16,D
30.54107,-105.74742,339.2,0.51,0.66,2025-01-14,1914,N20,nominal,2.0NRT,295.16,6.32,D
32.95131,-94.88685,327.54,0.4,0.37,2025-01-14,1914,N20,nominal,2.0NRT,284.09,1.91,D
33.22668,-93.34643,326.59,0.38,0.36,2025-01-14,1914,N20,nominal,2.0NRT,281.71,1.98,D
34.30323,-84.41454,325.15,0.59,0.53,2025-01-14,1914,N20,nominal,2.0NRT,283.06,3.71,D
31.49936,-102.63587,340.8,0.32,0.55,2025-01-14,1914,N20,nominal,2.0NRT,289.49,19.54,D
31.49783,-102.64245,348.59,0.32,0.55,2025-01-14,1914,N20,nominal,2.0NRT,291.19,65.71,D
32.49678,-97.9634,341.12,0.51,0.41,2025-01-14,1914,N20,nominal,2.0NRT,290,19.73,D
32.48764,-98.01148,327.01,0.52,0.41,2025-01-14,1914,N20,nominal,2.0NRT,281.34,3.12,D
32.04934,-100.68375,336.06,0.48,0.48,2025-01-14,1914,N20,nominal,2.0NRT,288.75,2.82,D
34.75138,-79.03867,328.52,0.61,0.71,2025-01-14,1914,N20,nominal,2.0NRT,285.3,4.15,D
34.24309,-86.81099,327.77,0.44,0.46,2025-01-14,1914,N20,nominal,2.0NRT,282.75,2.62,D
33.07742,-95.62051,329.57,0.41,0.37,2025-01-14,1914,N20,nominal,2.0NRT,286.87,2.3,D
31.99578,-101.8249,339.98,0.56,0.52,2025-01-14,1914,N20,nominal,2.0NRT,287.51,3.17,D
32.84274,-98.06461,334.29,0.51,0.41,2025-01-14,1914,N20,nominal,2.0NRT,288.04,5.15,D
32.06741,-101.86671,339.24,0.56,0.52,2025-01-14,1914,N20,nominal,2.0NRT,288.54,6.26,D
34.24697,-89.08925,339.41,0.5,0.41,2025-01-14,1914,N20,nominal,2.0NRT,288.02,4.47,D
34.25072,-89.08986,335.3,0.5,0.41,2025-01-14,1914,N20,nominal,2.0NRT,287.27,4.85,D
35.04519,-79.18166,352.1,0.6,0.71,2025-01-14,1914,N20,nominal,2.0NRT,283.27,9.94,D
35.04494,-79.18824,326.93,0.6,0.71,2025-01-14,1914,N20,nominal,2.0NRT,282.16,10.87,D
32.9566,-97.96374,330.56,0.5,0.41,2025-01-14,1914,N20,nominal,2.0NRT,287.6,3.82,D
35.04395,-79.18004,338.73,0.6,0.71,2025-01-14,1914,N20,nominal,2.0NRT,281.58,7.71,D
35.04374,-79.18667,338.41,0.6,0.71,2025-01-14,1914,N20,nominal,2.0NRT,283.22,12.45,D
35.04334,-79.19981,335.35,0.6,0.71,2025-01-14,1914,N20,nominal,2.0NRT,282.76,5.29,D
32.21315,-101.84122,338.93,0.56,0.51,2025-01-14,1914,N20,nominal,2.0NRT,287.89,8.39,D
33.15985,-97.35158,328.36,0.47,0.4,2025-01-14,1914,N20,nominal,2.0NRT,286.96,2.8,D
34.63639,-87.08205,333.58,0.43,0.46,2025-01-14,1914,N20,nominal,2.0NRT,286.56,4.41,D
33.36908,-97.00243,328.87,0.45,0.39,2025-01-14,1914,N20,nominal,2.0NRT,286.88,2.73,D
33.7109,-96.04263,334.75,0.42,0.38,2025-01-14,1914,N20,nominal,2.0NRT,283.41,3.05,D
33.47205,-97.38348,329.98,0.47,0.4,2025-01-14,1914,N20,nominal,2.0NRT,288.2,4.5,D
33.3898,-97.94868,330.75,0.5,0.41,2025-01-14,1914,N20,nominal,2.0NRT,289.83,5.4,D
33.3886,-97.94531,332.58,0.5,0.41,2025-01-14,1914,N20,nominal,2.0NRT,288.73,7.46,D
33.76292,-96.37296,328.45,0.43,0.38,2025-01-14,1914,N20,nominal,2.0NRT,286.95,1.73,D
33.76715,-96.36928,334.26,0.43,0.38,2025-01-14,1914,N20,nominal,2.0NRT,292.71,32,D
33.63581,-97.10717,329.05,0.45,0.39,2025-01-14,1914,N20,nominal,2.0NRT,285.85,1.96,D
31.63992,-106.25612,329.49,0.52,0.67,2025-01-14,1914,N20,nominal,2.0NRT,291.2,4.69,D
31.31495,-108.01271,345.12,0.66,0.73,2025-01-14,1914,N20,nominal,2.0NRT,292.06,7.61,D
34.92067,-89.99365,326.07,0.47,0.39,2025-01-14,1914,N20,nominal,2.0NRT,283.9,2.17,D
35.0273,-89.59523,328.75,0.49,0.4,2025-01-14,1914,N20,nominal,2.0NRT,283.38,5.23,D
34.03236,-97.07684,329.43,0.45,0.39,2025-01-14,1914,N20,nominal,2.0NRT,285.24,2.97,D
35.48173,-86.68874,336.97,0.46,0.47,2025-01-14,1914,N20,nominal,2.0NRT,283.26,2.67,D
33.86585,-98.78492,329.18,0.53,0.42,2025-01-14,1914,N20,nominal,2.0NRT,290.2,2.39,D
33.86963,-98.78598,328.03,0.53,0.42,2025-01-14,1914,N20,nominal,2.0NRT,291.35,4.83,D
35.75568,-85.63197,333.8,0.53,0.5,2025-01-14,1914,N20,nominal,2.0NRT,279.28,3.27,D
34.26953,-97.10031,329.84,0.45,0.39,2025-01-14,1914,N20,nominal,2.0NRT,286.87,4.64,D
34.12409,-99.00834,344.7,0.54,0.42,2025-01-14,1914,N20,nominal,2.0NRT,292.33,8.92,D
35.64566,-89.93204,331.78,0.48,0.4,2025-01-14,1914,N20,nominal,2.0NRT,284.05,6.7,D
35.26376,-93.18156,341.03,0.39,0.36,2025-01-14,1914,N20,nominal,2.0NRT,280.15,3.84,D
35.26705,-93.18228,348.26,0.39,0.36,2025-01-14,1914,N20,nominal,2.0NRT,283.25,7.69,D
35.27034,-93.18301,331.03,0.39,0.36,2025-01-14,1914,N20,nominal,2.0NRT,279.79,7.69,D
34.69736,-96.74937,332.7,0.43,0.38,2025-01-14,1914,N20,nominal,2.0NRT,282.61,2.62,D
34.73778,-96.73424,339.09,0.43,0.38,2025-01-14,1914,N20,nominal,2.0NRT,285.37,4.97,D
36.45076,-82.34167,325.91,0.41,0.61,2025-01-14,1914,N20,nominal,2.0NRT,276.27,1.7,D
35.94446,-88.75814,325.97,0.54,0.42,2025-01-14,1914,N20,nominal,2.0NRT,282.13,3.49,D
32.9585,-105.72937,337.67,0.45,0.63,2025-01-14,1914,N20,nominal,2.0NRT,272.76,2.76,D
36.60397,-81.35754,336.85,0.47,0.64,2025-01-14,1914,N20,nominal,2.0NRT,275.97,4.62,D
32.96085,-105.72865,341.99,0.45,0.63,2025-01-14,1914,N20,nominal,2.0NRT,272.94,5.12,D
36.18869,-88.08859,325.44,0.39,0.44,2025-01-14,1914,N20,nominal,2.0NRT,281.77,2.63,D
35.54661,-93.75346,329.43,0.38,0.36,2025-01-14,1914,N20,nominal,2.0NRT,278.63,1.86,D
35.54989,-93.7542,333.19,0.38,0.36,2025-01-14,1914,N20,nominal,2.0NRT,280.8,4.07,D
36.31958,-87.72469,331.73,0.41,0.45,2025-01-14,1914,N20,nominal,2.0NRT,280.55,1.8,D
33.41817,-104.58964,354.99,0.38,0.58,2025-01-14,1914,N20,nominal,2.0NRT,287.31,9.24,D
35.61097,-95.09538,326.36,0.39,0.36,2025-01-14,1914,N20,nominal,2.0NRT,281.97,2.32,D
35.41222,-96.35593,329.88,0.41,0.37,2025-01-14,1914,N20,nominal,2.0NRT,286.47,2.46,D
36.69652,-87.75259,333.68,0.41,0.45,2025-01-14,1914,N20,nominal,2.0NRT,301.1,24.03,D
36.69606,-87.75726,333.2,0.41,0.45,2025-01-14,1914,N20,nominal,2.0NRT,281.3,24.03,D
36.70019,-87.75784,332.23,0.41,0.45,2025-01-14,1914,N20,nominal,2.0NRT,281.07,24.03,D
36.69884,-87.75082,345.84,0.41,0.45,2025-01-14,1914,N20,nominal,2.0NRT,280.55,36.65,D
36.6984,-87.7555,329.85,0.41,0.45,2025-01-14,1914,N20,nominal,2.0NRT,301.07,36.65,D
36.69796,-87.76017,348.36,0.41,0.45,2025-01-14,1914,N20,nominal,2.0NRT,281.31,7.56,D
35.37674,-97.3912,328.43,0.44,0.39,2025-01-14,1914,N20,nominal,2.0NRT,287.32,3.46,D
35.64274,-96.71818,332.95,0.42,0.38,2025-01-14,1914,N20,nominal,2.0NRT,285.94,3.71,D
37.26756,-84.16164,334.91,0.33,0.55,2025-01-14,1914,N20,nominal,2.0NRT,275.66,2.49,D
36.1927,-94.40917,328.19,0.38,0.36,2025-01-14,1914,N20,nominal,2.0NRT,281.66,4.69,D
35.7221,-97.52383,328.62,0.44,0.39,2025-01-14,1914,N20,nominal,2.0NRT,286.62,3.7,D
36.17059,-95.74915,330.05,0.4,0.37,2025-01-14,1914,N20,nominal,2.0NRT,284.6,2.66,D
36.3075,-95.57985,342.68,0.39,0.36,2025-01-14,1914,N20,nominal,2.0NRT,284.11,5.26,D
36.31417,-95.64438,327.92,0.39,0.36,2025-01-14,1914,N20,nominal,2.0NRT,282.86,1.5,D
37.23643,-88.86544,326.03,0.55,0.43,2025-01-14,1914,N20,nominal,2.0NRT,278.54,5.24,D
36.59834,-95.02119,330.04,0.39,0.36,2025-01-14,1914,N20,nominal,2.0NRT,280.85,2.76,D
38.04711,-81.65746,326.15,0.46,0.64,2025-01-14,1914,N20,nominal,2.0NRT,271.74,2.69,D
37.32148,-100.36028,333.37,0.55,0.43,2025-01-14,1917,N20,nominal,2.0NRT,283.24,5.75,D
37.31927,-100.3558,327.85,0.55,0.43,2025-01-14,1917,N20,nominal,2.0NRT,282.92,3.74,D
40.70116,-91.6781,333.53,0.46,0.39,2025-01-14,1917,N20,nominal,2.0NRT,270,3.12,D
40.49439,-94.37411,340.5,0.39,0.36,2025-01-14,1917,N20,nominal,2.0NRT,270.3,7.35,D
40.70253,-95.35257,333.52,0.38,0.36,2025-01-14,1917,N20,nominal,2.0NRT,274.69,3.98,D
40.70185,-95.35706,335.08,0.38,0.36,2025-01-14,1917,N20,nominal,2.0NRT,274.08,4.05,D
41.08539,-95.13625,337.6,0.39,0.36,2025-01-14,1917,N20,nominal,2.0NRT,271.51,4.09,D
41.47641,-96.33984,330.08,0.38,0.36,2025-01-14,1917,N20,nominal,2.0NRT,272.76,2.35,D
43.69213,-109.82733,342.49,0.37,0.58,2025-01-14,1919,N20,nominal,2.0NRT,285.39,111.16,D
43.6932,-109.82354,356.19,0.37,0.58,2025-01-14,1919,N20,low,2.0NRT,263.91,32.67,D
46.54148,-112.05056,343.84,0.39,0.59,2025-01-14,1917,N20,nominal,2.0NRT,282.74,31.16,D
46.54275,-112.04623,356.22,0.39,0.59,2025-01-14,1917,N20,low,2.0NRT,273.97,30.05,D
46.5715,-112.11896,347.35,0.39,0.59,2025-01-14,1917,N20,nominal,2.0NRT,270.6,8.04,D
46.57014,-112.1235,330.64,0.39,0.59,2025-01-14,1917,N20,nominal,2.0NRT,271.45,5.87,D
46.22645,-113.4799,326.97,0.46,0.63,2025-01-14,1917,N20,nominal,2.0NRT,265.09,10.15,D
46.22469,-113.48557,356.22,0.46,0.63,2025-01-14,1917,N20,low,2.0NRT,271.45,21.76,D
18.46366,-77.30997,327.49,0.56,0.69,2025-01-14,1910,N20,nominal,2.0NRT,293.91,3.97,D
17.92064,-89.03226,327.44,0.38,0.36,2025-01-14,1910,N20,nominal,2.0NRT,286.59,1.68,D
18.03527,-90.54357,329.37,0.39,0.36,2025-01-14,1910,N20,nominal,2.0NRT,296.1,1.37,D
18.04438,-90.59432,329.91,0.39,0.36,2025-01-14,1910,N20,nominal,2.0NRT,299.18,4.43,D
20.05029,-77.42935,332.83,0.57,0.69,2025-01-14,1910,N20,nominal,2.0NRT,294.68,5.1,D
20.04983,-77.43468,329.43,0.57,0.69,2025-01-14,1910,N20,nominal,2.0NRT,295.12,5.1,D
20.17083,-77.16847,346.34,0.6,0.7,2025-01-14,1910,N20,nominal,2.0NRT,294.57,7.37,D
20.19443,-77.19921,329.32,0.59,0.7,2025-01-14,1910,N20,nominal,2.0NRT,295.17,6.33,D
20.25011,-77.01062,341.56,0.61,0.71,2025-01-14,1910,N20,nominal,2.0NRT,296.35,5.47,D
20.19448,-77.20337,329.96,0.59,0.7,2025-01-14,1910,N20,nominal,2.0NRT,297.75,6.21,D
18.88655,-88.95189,332.24,0.39,0.36,2025-01-14,1910,N20,nominal,2.0NRT,293.63,3.06,D
20.24939,-77.00883,339.46,0.61,0.71,2025-01-14,1910,N20,nominal,2.0NRT,295.33,4.6,D
20.27329,-77.04039,329.67,0.61,0.71,2025-01-14,1910,N20,nominal,2.0NRT,295.64,3.8,D
20.27281,-77.04627,328.31,0.61,0.71,2025-01-14,1910,N20,nominal,2.0NRT,295.98,3.8,D
20.38328,-77.05775,338.49,0.61,0.71,2025-01-14,1910,N20,nominal,2.0NRT,296.44,5.24,D
18.63569,-92.5083,338.77,0.45,0.39,2025-01-14,1910,N20,nominal,2.0NRT,292.77,8.17,D
20.71586,-76.37244,349.78,0.68,0.74,2025-01-14,1910,N20,nominal,2.0NRT,295.56,9.03,D
19.22166,-89.32111,331.49,0.39,0.36,2025-01-14,1910,N20,nominal,2.0NRT,297.17,2.86,D
20.7172,-76.3727,349.24,0.68,0.74,2025-01-14,1910,N20,nominal,2.0NRT,295.21,10.77,D
20.69294,-76.86938,328.03,0.63,0.72,2025-01-14,1910,N20,nominal,2.0NRT,295.52,3.3,D
20.70182,-77.0103,349.09,0.62,0.71,2025-01-14,1910,N20,nominal,2.0NRT,297.52,7.04,D
20.70842,-77.01083,339.52,0.62,0.71,2025-01-14,1910,N20,nominal,2.0NRT,297.69,7.04,D
18.12285,-96.24362,338.65,0.49,0.48,2025-01-14,1910,N20,nominal,2.0NRT,291.48,5.56,D
20.8336,-76.48696,353.62,0.67,0.74,2025-01-14,1910,N20,nominal,2.0NRT,297.28,11.27,D
18.86701,-92.62334,333.06,0.45,0.39,2025-01-14,1910,N20,nominal,2.0NRT,292.08,3.02,D
20.80091,-77.4796,367,0.58,0.69,2025-01-14,1910,N20,high,2.0NRT,297.51,9.09,D
20.80138,-77.47398,333.07,0.58,0.7,2025-01-14,1910,N20,nominal,2.0NRT,296.11,9.09,D
20.80279,-77.4753,344.47,0.58,0.7,2025-01-14,1910,N20,nominal,2.0NRT,296.4,11.47,D
20.80235,-77.48091,350.8,0.58,0.7,2025-01-14,1910,N20,nominal,2.0NRT,297.25,12.38,D
20.83435,-77.64591,328.13,0.56,0.69,2025-01-14,1910,N20,nominal,2.0NRT,297.97,4.56,D
20.82874,-77.79234,367,0.55,0.68,2025-01-14,1910,N20,high,2.0NRT,299.92,21.26,D
20.84499,-77.82618,345.05,0.55,0.68,2025-01-14,1910,N20,nominal,2.0NRT,300.07,17.41,D
20.84455,-77.83148,355.91,0.55,0.68,2025-01-14,1910,N20,nominal,2.0NRT,300.29,17.41,D
20.86074,-77.79004,333.37,0.55,0.68,2025-01-14,1910,N20,nominal,2.0NRT,297.79,3.84,D
20.88793,-78.19337,328.82,0.52,0.67,2025-01-14,1910,N20,nominal,2.0NRT,295.74,3.01,D
20.91416,-78.10365,338.12,0.53,0.67,2025-01-14,1910,N20,nominal,2.0NRT,296.97,7.49,D
18.45284,-96.42188,333.73,0.49,0.49,2025-01-14,1910,N20,nominal,2.0NRT,293.4,2.92,D
18.45591,-96.42493,331.56,0.49,0.49,2025-01-14,1910,N20,nominal,2.0NRT,293,4.57,D
17.51429,-101.40195,339.42,0.55,0.68,2025-01-14,1910,N20,nominal,2.0NRT,293.99,6.5,D
19.36676,-92.00727,329.82,0.42,0.38,2025-01-14,1910,N20,nominal,2.0NRT,293.25,3.4,D
18.53926,-96.7476,331.71,0.52,0.5,2025-01-14,1910,N20,nominal,2.0NRT,291.01,6.02,D
21.09875,-78.33857,346,0.51,0.66,2025-01-14,1910,N20,nominal,2.0NRT,295.98,9.5,D
19.39236,-92.04461,329.88,0.42,0.38,2025-01-14,1910,N20,nominal,2.0NRT,293.98,3.73,D
19.39644,-92.04127,336.53,0.42,0.38,2025-01-14,1910,N20,nominal,2.0NRT,295.1,5.48,D
19.44547,-92.0871,342.34,0.42,0.38,2025-01-14,1910,N20,nominal,2.0NRT,293.48,5.05,D
18.75823,-96.17799,332.21,0.47,0.48,2025-01-14,1910,N20,nominal,2.0NRT,292.84,2.99,D
21.20331,-78.42206,330.85,0.51,0.66,2025-01-14,1910,N20,nominal,2.0NRT,297.06,3.45,D
19.9739,-89.69572,330.27,0.38,0.36,2025-01-14,1910,N20,nominal,2.0NRT,298.49,1.87,D
21.35588,-78.00455,367,0.54,0.68,2025-01-14,1910,N20,high,2.0NRT,297.37,13.73,D
21.32283,-78.47102,331.48,0.5,0.66,2025-01-14,1910,N20,nominal,2.0NRT,298.99,5.78,D
19.60124,-92.29279,334.52,0.43,0.38,2025-01-14,1910,N20,nominal,2.0NRT,292.07,4.26,D
21.43301,-78.48789,367,0.5,0.66,2025-01-14,1910,N20,high,2.0NRT,299.72,15.88,D
21.56213,-78.56682,367,0.5,0.66,2025-01-14,1910,N20,high,2.0NRT,296.7,10.11,D
21.56343,-78.56904,367,0.5,0.66,2025-01-14,1910,N20,high,2.0NRT,296.63,11.17,D
21.66663,-78.36429,333.65,0.52,0.67,2025-01-14,1910,N20,nominal,2.0NRT,296.37,3.56,D
21.6061,-79.19166,352.74,0.46,0.63,2025-01-14,1910,N20,nominal,2.0NRT,298.14,6.55,D
21.60534,-79.19344,351.35,0.46,0.63,2025-01-14,1910,N20,nominal,2.0NRT,298.3,7.58,D
21.71136,-78.78722,341.59,0.49,0.65,2025-01-14,1910,N20,nominal,2.0NRT,297.22,5.13,D
21.71087,-79.33473,329,0.45,0.63,2025-01-14,1910,N20,nominal,2.0NRT,296.18,1.56,D
19.00466,-98.2991,336.2,0.32,0.55,2025-01-14,1910,N20,nominal,2.0NRT,296.09,3.23,D
21.75205,-79.65701,347.97,0.43,0.62,2025-01-14,1910,N20,nominal,2.0NRT,296.96,5.24,D
21.76353,-79.96088,339.95,0.41,0.6,2025-01-14,1910,N20,nominal,2.0NRT,294.65,7.94,D
21.76315,-79.96483,355.78,0.41,0.6,2025-01-14,1910,N20,nominal,2.0NRT,298.39,7.94,D
19.45137,-96.40228,329.63,0.47,0.48,2025-01-14,1910,N20,nominal,2.0NRT,293.92,2.43,D
21.76225,-79.96115,333.59,0.41,0.6,2025-01-14,1910,N20,nominal,2.0NRT,294.81,6.85,D
21.76189,-79.9651,355.42,0.41,0.6,2025-01-14,1910,N20,nominal,2.0NRT,298.95,6.85,D
19.46378,-96.38987,339.2,0.47,0.48,2025-01-14,1910,N20,nominal,2.0NRT,293.23,6.81,D
21.875,-78.91804,352.19,0.48,0.65,2025-01-14,1910,N20,nominal,2.0NRT,298.79,8.14,D
21.92898,-78.70704,329.43,0.49,0.65,2025-01-14,1910,N20,nominal,2.0NRT,297.17,2.46,D
21.93941,-78.72752,332.47,0.49,0.65,2025-01-14,1910,N20,nominal,2.0NRT,298.49,2.78,D
21.89945,-79.38783,367,0.45,0.63,2025-01-14,1910,N20,high,2.0NRT,293.83,10.1,D
21.97282,-78.62231,339.31,0.5,0.66,2025-01-14,1910,N20,nominal,2.0NRT,296.55,5.68,D
21.9724,-78.62723,335.4,0.5,0.66,2025-01-14,1910,N20,nominal,2.0NRT,297.58,5.68,D
22.02531,-78.2248,329.5,0.53,0.67,2025-01-14,1910,N20,nominal,2.0NRT,297.36,3.68,D
21.97404,-78.62436,367,0.5,0.66,2025-01-14,1910,N20,high,2.0NRT,297.53,10.72,D
22.0239,-78.22632,332.52,0.53,0.67,2025-01-14,1910,N20,nominal,2.0NRT,297.25,3.91,D
22.18381,-78.93716,332.24,0.48,0.65,2025-01-14,1910,N20,nominal,2.0NRT,294.91,3.57,D
22.19993,-78.81367,334.4,0.49,0.65,2025-01-14,1910,N20,nominal,2.0NRT,297.06,3.76,D
22.17421,-80.21746,337.19,0.4,0.6,2025-01-14,1910,N20,nominal,2.0NRT,292.38,1.86,D
22.17421,-80.21805,331.8,0.4,0.6,2025-01-14,1910,N20,nominal,2.0NRT,292.24,1.92,D
22.15941,-80.73836,346.87,0.37,0.58,2025-01-14,1910,N20,nominal,2.0NRT,299.88,6.4,D
22.20769,-80.68523,336.51,0.37,0.58,2025-01-14,1910,N20,nominal,2.0NRT,295.94,4.08,D
22.20734,-80.68884,334.77,0.37,0.58,2025-01-14,1910,N20,nominal,2.0NRT,296.99,4.18,D
21.13428,-89.86131,347.4,0.38,0.36,2025-01-14,1910,N20,nominal,2.0NRT,299.43,5.3,D
22.22378,-80.89887,332.8,0.36,0.57,2025-01-14,1910,N20,nominal,2.0NRT,295.66,2.75,D
22.22346,-80.90237,328.68,0.36,0.57,2025-01-14,1910,N20,nominal,2.0NRT,295.32,2.75,D
22.28747,-80.44437,342.6,0.38,0.59,2025-01-14,1910,N20,nominal,2.0NRT,294.3,2.8,D
22.29292,-80.44498,367,0.38,0.59,2025-01-14,1910,N20,high,2.0NRT,297.01,7.16,D
22.30035,-80.48335,367,0.38,0.59,2025-01-14,1910,N20,high,2.0NRT,296.03,9.21,D
22.4362,-80.57309,333.28,0.38,0.59,2025-01-14,1910,N20,nominal,2.0NRT,295.47,3.1,D
19.66253,-99.26171,350.57,0.36,0.57,2025-01-14,1910,N20,nominal,2.0NRT,295.28,4.25,D
19.59965,-99.74146,327.31,0.39,0.59,2025-01-14,1910,N20,nominal,2.0NRT,296.64,2.15,D
19.77031,-99.10488,367,0.35,0.57,2025-01-14,1910,N20,high,2.0NRT,303.31,7.96,D
19.77254,-99.10493,367,0.35,0.57,2025-01-14,1910,N20,high,2.0NRT,300.54,9.44,D
22.30092,-83.36226,350.9,0.5,0.49,2025-01-14,1910,N20,nominal,2.0NRT,298.55,8.38,D
22.5661,-80.75526,332.67,0.37,0.58,2025-01-14,1910,N20,nominal,2.0NRT,296.07,3.24,D
22.31603,-83.3493,328.39,0.5,0.49,2025-01-14,1910,N20,nominal,2.0NRT,295.74,2.3,D
22.62961,-80.88145,333.43,0.36,0.58,2025-01-14,1910,N20,nominal,2.0NRT,294.93,2.89,D
22.6338,-80.88184,334.77,0.36,0.58,2025-01-14,1910,N20,nominal,2.0NRT,297.18,4.8,D
22.40466,-83.30806,339.54,0.51,0.49,2025-01-14,1910,N20,nominal,2.0NRT,296.71,3.34,D
22.41139,-83.37337,334.59,0.5,0.49,2025-01-14,1910,N20,nominal,2.0NRT,295.73,4.33,D
22.6414,-81.25642,347.41,0.34,0.56,2025-01-14,1910,N20,nominal,2.0NRT,298.69,10.08,D
22.64108,-81.25978,354.16,0.34,0.56,2025-01-14,1910,N20,nominal,2.0NRT,300.77,17.24,D
22.45033,-83.18281,349.67,0.51,0.5,2025-01-14,1910,N20,nominal,2.0NRT,299.81,45.62,D
22.67552,-81.22935,333.16,0.35,0.56,2025-01-14,1910,N20,nominal,2.0NRT,299.02,3.26,D
22.67519,-81.23273,336.7,0.35,0.56,2025-01-14,1910,N20,nominal,2.0NRT,299.84,3.26,D
22.693,-81.26528,367,0.34,0.56,2025-01-14,1910,N20,high,2.0NRT,296.96,8.98,D
22.69367,-81.25856,329.39,0.34,0.56,2025-01-14,1910,N20,nominal,2.0NRT,295.2,6.56,D
22.69333,-81.26193,356.57,0.34,0.56,2025-01-14,1910,N20,nominal,2.0NRT,297.33,6.56,D
22.69267,-81.26865,352.06,0.34,0.56,2025-01-14,1910,N20,nominal,2.0NRT,299.8,8.98,D
22.69853,-81.26247,355.02,0.34,0.56,2025-01-14,1910,N20,nominal,2.0NRT,297.02,6.56,D
22.69819,-81.26584,330.41,0.34,0.56,2025-01-14,1910,N20,nominal,2.0NRT,295.53,8.98,D
22.69786,-81.2692,330.73,0.34,0.56,2025-01-14,1910,N20,nominal,2.0NRT,296.18,8.98,D
19.82767,-99.90643,344.91,0.39,0.6,2025-01-14,1910,N20,nominal,2.0NRT,299.53,5.82,D
22.50683,-83.17433,332.15,0.52,0.5,2025-01-14,1910,N20,nominal,2.0NRT,296.43,2.96,D
22.69411,-81.26685,367,0.34,0.56,2025-01-14,1910,N20,high,2.0NRT,299.86,16.68,D
22.69473,-81.26012,354.81,0.34,0.56,2025-01-14,1910,N20,nominal,2.0NRT,295.32,10.95,D
22.69442,-81.26348,354.35,0.34,0.56,2025-01-14,1910,N20,nominal,2.0NRT,297.93,10.95,D
22.6938,-81.27022,352.05,0.34,0.56,2025-01-14,1910,N20,nominal,2.0NRT,298.17,16.68,D
22.50734,-83.17236,334.72,0.52,0.5,2025-01-14,1910,N20,nominal,2.0NRT,297.65,4.68,D
19.82445,-99.90586,333.53,0.39,0.6,2025-01-14,1910,N20,nominal,2.0NRT,296.37,3.85,D
22.52638,-83.12341,330.27,0.52,0.5,2025-01-14,1910,N20,nominal,2.0NRT,295.32,4.03,D
22.52584,-83.12849,334.52,0.52,0.5,2025-01-14,1910,N20,nominal,2.0NRT,296.16,4.03,D
22.7396,-81.1169,332.35,0.35,0.57,2025-01-14,1910,N20,nominal,2.0NRT,297.82,2.4,D
22.52892,-83.23099,335.84,0.51,0.5,2025-01-14,1910,N20,nominal,2.0NRT,292.89,8.13,D
20.03111,-99.27008,328.89,0.35,0.57,2025-01-14,1910,N20,nominal,2.0NRT,296.09,2.93,D
22.80157,-81.13369,367,0.35,0.57,2025-01-14,1910,N20,high,2.0NRT,295.82,6.21,D
22.80123,-81.13715,350.31,0.35,0.57,2025-01-14,1910,N20,nominal,2.0NRT,298.75,6.21,D
20.04872,-99.28875,338.55,0.35,0.57,2025-01-14,1910,N20,nominal,2.0NRT,295.93,3.84,D
22.79244,-81.28101,329.51,0.34,0.56,2025-01-14,1910,N20,nominal,2.0NRT,293.53,0.86,D
22.84692,-80.88651,354.12,0.37,0.58,2025-01-14,1910,N20,nominal,2.0NRT,292.2,5.14,D
22.84559,-80.8863,341.82,0.37,0.58,2025-01-14,1910,N20,nominal,2.0NRT,291.76,3,D
22.8422,-81.26983,330.57,0.35,0.56,2025-01-14,1910,N20,nominal,2.0NRT,295.06,2.18,D
22.88062,-81.19802,367,0.35,0.57,2025-01-14,1910,N20,high,2.0NRT,296.74,5.65,D
22.88585,-81.19853,335.98,0.35,0.57,2025-01-14,1910,N20,nominal,2.0NRT,295.45,5.65,D
22.91115,-81.15569,341.99,0.35,0.57,2025-01-14,1910,N20,nominal,2.0NRT,294.33,2.34,D
19.84269,-100.91613,331.53,0.46,0.63,2025-01-14,1910,N20,nominal,2.0NRT,299.54,5.2,D
22.76089,-82.85361,329.71,0.54,0.51,2025-01-14,1910,N20,nominal,2.0NRT,294.55,9.05,D
22.76499,-82.8595,347.94,0.54,0.51,2025-01-14,1910,N20,nominal,2.0NRT,296.05,9.05,D
22.76239,-82.86209,340.3,0.54,0.51,2025-01-14,1910,N20,nominal,2.0NRT,296.41,8.41,D
22.76707,-82.86266,346.87,0.54,0.51,2025-01-14,1910,N20,nominal,2.0NRT,297.87,8.41,D
19.84394,-100.91564,336.81,0.46,0.63,2025-01-14,1910,N20,nominal,2.0NRT,299.3,5.74,D
19.8581,-100.90575,367,0.46,0.63,2025-01-14,1910,N20,high,2.0NRT,298.09,8.88,D
19.85716,-100.90996,334.69,0.46,0.63,2025-01-14,1910,N20,nominal,2.0NRT,298.72,8.88,D
22.98505,-82.5316,340.19,0.58,0.52,2025-01-14,1910,N20,nominal,2.0NRT,295.01,6.37,D
20.21808,-100.81213,338.4,0.44,0.62,2025-01-14,1910,N20,nominal,2.0NRT,296.3,2.82,D
20.23832,-100.80057,329.45,0.44,0.62,2025-01-14,1910,N20,nominal,2.0NRT,298.69,3.34,D
20.35969,-100.58427,355.15,0.42,0.61,2025-01-14,1910,N20,nominal,2.0NRT,295.61,6.08,D
20.32718,-102.17827,340.8,0.54,0.68,2025-01-14,1910,N20,nominal,2.0NRT,296.62,6.95,D
20.32718,-102.17966,332.34,0.54,0.68,2025-01-14,1910,N20,nominal,2.0NRT,296.53,6.06,D
28.79562,-111.61559,341.96,0.4,0.44,2025-01-14,2053,N20,nominal,2.0NRT,305.43,2.98,D
30.38972,-107.04365,340.11,0.4,0.6,2025-01-14,2053,N20,nominal,2.0NRT,299.12,5.17,D
30.55111,-105.74532,338.02,0.48,0.64,2025-01-14,2053,N20,nominal,2.0NRT,295.5,9.67,D
30.80786,-104.77791,339.22,0.55,0.68,2025-01-14,2053,N20,nominal,2.0NRT,298.45,6.76,D
30.88444,-107.42974,367,0.38,0.59,2025-01-14,2053,N20,high,2.0NRT,292.61,10.22,D
30.45393,-112.30327,367,0.39,0.44,2025-01-14,2053,N20,high,2.0NRT,325.63,51.35,D
30.45438,-112.29922,347.38,0.39,0.44,2025-01-14,2053,N20,nominal,2.0NRT,319.98,51.35,D
30.45839,-112.29978,340.19,0.39,0.44,2025-01-14,2053,N20,nominal,2.0NRT,301.67,51.35,D
30.49014,-112.2343,335.61,0.39,0.44,2025-01-14,2053,N20,nominal,2.0NRT,299.53,3.95,D
30.59582,-111.78996,345.73,0.41,0.45,2025-01-14,2053,N20,nominal,2.0NRT,299.32,5.76,D
30.59221,-111.82439,353.53,0.41,0.45,2025-01-14,2053,N20,nominal,2.0NRT,302.08,8.67,D
30.59996,-111.79054,367,0.41,0.45,2025-01-14,2053,N20,high,2.0NRT,329.11,95.85,D
30.60041,-111.78624,352.24,0.42,0.45,2025-01-14,2053,N20,nominal,2.0NRT,318.47,95.85,D
30.62521,-111.90706,341.68,0.41,0.45,2025-01-14,2053,N20,nominal,2.0NRT,306.11,20.29,D
30.63024,-111.89912,353.29,0.41,0.45,2025-01-14,2053,N20,nominal,2.0NRT,302.77,23.32,D
30.62978,-111.90338,307.25,0.41,0.45,2025-01-14,2053,N20,low,2.0NRT,307.43,30.29,D
30.63436,-111.8997,334.32,0.41,0.45,2025-01-14,2053,N20,nominal,2.0NRT,295.99,23.32,D
30.65166,-112.42089,352.72,0.38,0.43,2025-01-14,2053,N20,nominal,2.0NRT,304.77,8.85,D
31.14504,-108.26041,330.58,0.34,0.56,2025-01-14,2053,N20,nominal,2.0NRT,295.53,2.16,D
31.14476,-108.26403,336.27,0.34,0.56,2025-01-14,2053,N20,nominal,2.0NRT,296.61,3.41,D
30.75446,-112.46336,334.02,0.38,0.43,2025-01-14,2053,N20,nominal,2.0NRT,301.48,1.61,D
30.78979,-112.6419,340.91,0.56,0.43,2025-01-14,2053,N20,nominal,2.0NRT,307.08,60.52,D
30.84055,-112.7971,345.56,0.55,0.43,2025-01-14,2053,N20,nominal,2.0NRT,304.4,14.22,D
31.66487,-103.84508,342.16,0.63,0.72,2025-01-14,2053,N20,nominal,2.0NRT,289.16,4.78,D
31.05451,-116.19925,344.72,0.41,0.37,2025-01-14,2053,N20,nominal,2.0NRT,302.95,5.99,D
32.32262,-104.01176,340.93,0.62,0.72,2025-01-14,2053,N20,nominal,2.0NRT,288.44,5.17,D
32.61174,-103.29833,346.02,0.69,0.74,2025-01-14,2053,N20,nominal,2.0NRT,288.48,8.08,D
32.61213,-103.29718,339.19,0.69,0.74,2025-01-14,2053,N20,nominal,2.0NRT,287.86,7.17,D
31.62165,-116.45207,333.27,0.4,0.37,2025-01-14,2055,N20,nominal,2.0NRT,302.74,4,D
32.96377,-105.72905,325.85,0.5,0.66,2025-01-14,2055,N20,nominal,2.0NRT,273.42,4.65,D
31.93263,-116.70663,332.98,0.4,0.37,2025-01-14,2055,N20,nominal,2.0NRT,298,59.38,D
32.46879,-114.88788,340.06,0.46,0.39,2025-01-14,2055,N20,nominal,2.0NRT,300.9,3.51,D
32.21442,-116.87108,335.08,0.4,0.37,2025-01-14,2055,N20,nominal,2.0NRT,298.88,3.09,D
32.58051,-115.32635,331.69,0.44,0.39,2025-01-14,2055,N20,nominal,2.0NRT,299.68,2.65,D
32.53509,-116.64391,343.29,0.4,0.37,2025-01-14,2055,N20,nominal,2.0NRT,295.86,20.29,D
32.53905,-116.64027,331.86,0.4,0.37,2025-01-14,2055,N20,nominal,2.0NRT,292.43,10.03,D
32.53846,-116.64458,347.26,0.4,0.37,2025-01-14,2055,N20,nominal,2.0NRT,307.9,20.29,D
32.54243,-116.64088,331.69,0.4,0.37,2025-01-14,2055,N20,nominal,2.0NRT,295.1,5.49,D
33.41734,-110.86116,339.99,0.51,0.49,2025-01-14,2055,N20,nominal,2.0NRT,297.85,8.96,D
33.41903,-110.85758,338.86,0.51,0.49,2025-01-14,2055,N20,nominal,2.0NRT,294.73,5.36,D
33.0897,-115.54185,345.52,0.44,0.38,2025-01-14,2055,N20,nominal,2.0NRT,301.56,10.25,D
33.09322,-115.54249,343.71,0.44,0.38,2025-01-14,2055,N20,nominal,2.0NRT,300.32,8.23,D
34.05054,-114.32414,346.9,0.51,0.41,2025-01-14,2055,N20,nominal,2.0NRT,293.65,33.14,D
34.0543,-114.32476,355.35,0.51,0.41,2025-01-14,2055,N20,nominal,2.0NRT,301.35,33.14,D
34.05368,-114.3302,299.75,0.51,0.41,2025-01-14,2055,N20,low,2.0NRT,300.43,26.79,D
33.7727,-117.02944,332.05,0.4,0.37,2025-01-14,2055,N20,nominal,2.0NRT,296.58,4.34,D
33.99024,-117.38667,329.71,0.4,0.37,2025-01-14,2055,N20,nominal,2.0NRT,295.75,10.35,D
35.5558,-115.47057,326.78,0.47,0.4,2025-01-14,2055,N20,nominal,2.0NRT,285.28,1.22,D
36.17708,-121.12147,330.56,0.4,0.37,2025-01-14,2055,N20,nominal,2.0NRT,295.21,3.41,D
36.17636,-121.12579,326.43,0.4,0.37,2025-01-14,2055,N20,nominal,2.0NRT,295.82,3.32,D
37.00998,-121.35536,336.15,0.39,0.37,2025-01-14,2055,N20,nominal,2.0NRT,293.98,3.74,D
37.2231,-120.34415,332.85,0.38,0.36,2025-01-14,2055,N20,nominal,2.0NRT,288.86,5.14,D
37.14508,-121.0303,327.99,0.39,0.36,2025-01-14,2055,N20,nominal,2.0NRT,288.47,2.87,D
37.16435,-121.01713,328.99,0.39,0.36,2025-01-14,2055,N20,nominal,2.0NRT,289.72,2.13,D
37.43853,-119.85114,328.38,0.38,0.36,2025-01-14,2055,N20,nominal,2.0NRT,288.52,1.75,D
37.53227,-120.04192,334.88,0.38,0.36,2025-01-14,2055,N20,nominal,2.0NRT,284.72,2.64,D
37.44258,-120.70757,328.17,0.39,0.36,2025-01-14,2055,N20,nominal,2.0NRT,289.01,2.81,D
37.52711,-121.22246,330.28,0.39,0.36,2025-01-14,2055,N20,nominal,2.0NRT,292.39,1.91,D
37.53041,-121.2233,333.15,0.39,0.36,2025-01-14,2055,N20,nominal,2.0NRT,292.05,5.25,D
37.58967,-121.1115,335.33,0.39,0.36,2025-01-14,2055,N20,nominal,2.0NRT,290.34,4.19,D
37.56916,-121.3014,345.68,0.39,0.36,2025-01-14,2055,N20,nominal,2.0NRT,292.34,6.79,D
37.57387,-121.29355,326.06,0.39,0.36,2025-01-14,2055,N20,nominal,2.0NRT,289.04,1.1,D
37.69307,-121.10502,331.54,0.39,0.36,2025-01-14,2055,N20,nominal,2.0NRT,287.95,2.81,D
37.71424,-121.16486,328.6,0.39,0.36,2025-01-14,2055,N20,nominal,2.0NRT,289.95,1.53,D
37.80797,-120.85692,329.02,0.39,0.36,2025-01-14,2055,N20,nominal,2.0NRT,289.13,2.58,D
37.76056,-121.21603,325.34,0.39,0.36,2025-01-14,2055,N20,nominal,2.0NRT,290.32,1.44,D
37.87169,-120.94978,332.15,0.39,0.36,2025-01-14,2055,N20,nominal,2.0NRT,289.75,6.76,D
37.871,-120.95412,336.38,0.39,0.36,2025-01-14,2055,N20,nominal,2.0NRT,290.03,6.76,D
37.86962,-120.96281,326.31,0.39,0.36,2025-01-14,2055,N20,nominal,2.0NRT,288.34,1.95,D
37.87618,-120.96448,328.72,0.39,0.36,2025-01-14,2055,N20,nominal,2.0NRT,287.9,5.22,D
37.88015,-120.96097,331.27,0.39,0.36,2025-01-14,2055,N20,nominal,2.0NRT,287.77,2.39,D
37.85748,-121.24968,328.3,0.39,0.36,2025-01-14,2055,N20,nominal,2.0NRT,288.09,1.64,D
37.89883,-121.68522,333.54,0.39,0.37,2025-01-14,2055,N20,nominal,2.0NRT,292.4,6.95,D
37.90214,-121.68609,349.93,0.39,0.37,2025-01-14,2055,N20,nominal,2.0NRT,295.86,6.95,D
38.22706,-120.59818,328.49,0.38,0.36,2025-01-14,2055,N20,nominal,2.0NRT,288.09,1.85,D
38.156,-121.66234,328.09,0.39,0.36,2025-01-14,2055,N20,nominal,2.0NRT,289.57,1.97,D
38.50634,-121.12349,344.56,0.39,0.36,2025-01-14,2055,N20,nominal,2.0NRT,291.74,5.81,D
38.39339,-122.04278,337.03,0.4,0.37,2025-01-14,2055,N20,nominal,2.0NRT,290.2,4.2,D
38.42439,-122.35394,340.57,0.4,0.37,2025-01-14,2055,N20,nominal,2.0NRT,290.29,4.92,D
38.89058,-120.93828,327.29,0.38,0.36,2025-01-14,2057,N20,nominal,2.0NRT,284.88,1.6,D
38.82747,-121.63324,328.19,0.39,0.36,2025-01-14,2057,N20,nominal,2.0NRT,293.05,7.37,D
39.62595,-116.06524,344.21,0.49,0.4,2025-01-14,2057,N20,nominal,2.0NRT,276.26,13.48,D
39.62523,-116.0715,340.27,0.49,0.4,2025-01-14,2057,N20,nominal,2.0NRT,275.39,13.48,D
38.83456,-122.19005,342.51,0.4,0.37,2025-01-14,2057,N20,nominal,2.0NRT,291.42,3.71,D
38.83711,-122.19547,342.37,0.4,0.37,2025-01-14,2057,N20,nominal,2.0NRT,291.97,7.41,D
39.21524,-119.91695,326.06,0.39,0.36,2025-01-14,2057,N20,nominal,2.0NRT,274.01,2.58,D
39.41989,-118.82635,339.86,0.4,0.37,2025-01-14,2057,N20,nominal,2.0NRT,287.3,4.54,D
38.86744,-122.66306,349.05,0.41,0.37,2025-01-14,2057,N20,nominal,2.0NRT,291.77,5.87,D
38.87079,-122.66399,332.8,0.41,0.37,2025-01-14,2057,N20,nominal,2.0NRT,289.57,2.75,D
39.0461,-121.82404,325.48,0.39,0.36,2025-01-14,2057,N20,nominal,2.0NRT,289.39,2.3,D
39.01744,-122.04066,329.32,0.39,0.37,2025-01-14,2057,N20,nominal,2.0NRT,290.53,7,D
39.0167,-122.04514,329.97,0.39,0.37,2025-01-14,2057,N20,nominal,2.0NRT,293.43,8.31,D
39.08202,-121.66637,328.91,0.39,0.36,2025-01-14,2057,N20,nominal,2.0NRT,289.08,2,D
39.12051,-121.67994,342.03,0.39,0.36,2025-01-14,2057,N20,nominal,2.0NRT,290.21,5.74,D
39.09078,-122.19572,350.11,0.4,0.37,2025-01-14,2057,N20,nominal,2.0NRT,295.66,29.8,D
39.09409,-122.19665,353.33,0.4,0.37,2025-01-14,2057,N20,nominal,2.0NRT,291.13,11.33,D
39.17616,-121.75988,330.72,0.39,0.36,2025-01-14,2057,N20,nominal,2.0NRT,290.95,3.89,D
39.2706,-122.01581,325.07,0.39,0.36,2025-01-14,2057,N20,nominal,2.0NRT,289.4,1.67,D
39.43217,-122.18137,327.58,0.39,0.37,2025-01-14,2057,N20,nominal,2.0NRT,284.92,5.73,D
39.46946,-122.01743,326.35,0.39,0.36,2025-01-14,2057,N20,low,2.0NRT,300.6,49.48,D
39.47223,-122.0167,338.04,0.39,0.36,2025-01-14,2057,N20,nominal,2.0NRT,284.74,8.91,D
39.2468,-123.46911,327.98,0.42,0.38,2025-01-14,2057,N20,nominal,2.0NRT,286.2,2.25,D
39.24932,-123.47498,331.46,0.42,0.38,2025-01-14,2057,N20,nominal,2.0NRT,287.89,5.48,D
39.24844,-123.47989,341.73,0.42,0.38,2025-01-14,2057,N20,nominal,2.0NRT,289.12,11.27,D
39.26801,-123.47038,334.95,0.42,0.38,2025-01-14,2057,N20,nominal,2.0NRT,288.93,5.83,D
39.2723,-123.46638,335.54,0.42,0.38,2025-01-14,2057,N20,nominal,2.0NRT,288.88,7.92,D
39.33812,-123.51376,337.41,0.42,0.38,2025-01-14,2057,N20,nominal,2.0NRT,288.47,6.01,D
39.70544,-122.18106,328.01,0.39,0.36,2025-01-14,2057,N20,nominal,2.0NRT,288.7,2.29,D
39.75251,-122.10442,328.92,0.39,0.36,2025-01-14,2057,N20,nominal,2.0NRT,285.2,3.61,D
39.8647,-122.02517,344.66,0.39,0.36,2025-01-14,2057,N20,nominal,2.0NRT,293.44,17.58,D
39.91634,-122.25111,325,0.39,0.36,2025-01-14,2057,N20,nominal,2.0NRT,288.48,1.09,D
39.92144,-122.26202,355.66,0.39,0.36,2025-01-14,2057,N20,nominal,2.0NRT,292.33,6.85,D
39.92069,-122.26655,326.49,0.39,0.36,2025-01-14,2057,N20,nominal,2.0NRT,289.09,6.85,D
40.05501,-123.26962,333.45,0.41,0.37,2025-01-14,2057,N20,nominal,2.0NRT,287.47,7.98,D
40.05416,-123.27445,331.73,0.41,0.37,2025-01-14,2057,N20,nominal,2.0NRT,287.36,7.98,D
40.49104,-123.73383,337.96,0.42,0.37,2025-01-14,2057,N20,nominal,2.0NRT,292.08,4.25,D
40.49441,-123.73482,334.48,0.42,0.37,2025-01-14,2057,N20,nominal,2.0NRT,290.02,4.25,D
40.4945,-123.73259,344.87,0.42,0.37,2025-01-14,2057,N20,nominal,2.0NRT,289.44,5.94,D
41.45984,-123.86962,337.53,0.41,0.37,2025-01-14,2057,N20,nominal,2.0NRT,293.9,7.36,D
41.46079,-123.86708,329.2,0.41,0.37,2025-01-14,2057,N20,nominal,2.0NRT,292.32,3.67,D
41.45989,-123.87213,325.52,0.41,0.37,2025-01-14,2057,N20,nominal,2.0NRT,288.73,3.67,D
41.9431,-121.56289,335.1,0.38,0.36,2025-01-14,2057,N20,nominal,2.0NRT,282.09,3.37,D
42.1319,-120.61314,326.68,0.39,0.36,2025-01-14,2057,N20,nominal,2.0NRT,278.51,1.5,D
42.30376,-119.96979,335.96,0.4,0.37,2025-01-14,2057,N20,nominal,2.0NRT,278.76,5.24,D
42.30311,-119.97453,344.01,0.4,0.37,2025-01-14,2057,N20,nominal,2.0NRT,278.68,5.24,D
41.87943,-123.37536,325.49,0.4,0.37,2025-01-14,2057,N20,nominal,2.0NRT,283.73,2.85,D
41.88607,-123.37724,329.07,0.4,0.37,2025-01-14,2057,N20,nominal,2.0NRT,283.89,5.77,D
42.35945,-122.61161,325.67,0.39,0.36,2025-01-14,2057,N20,nominal,2.0NRT,278.5,5.28,D
42.35871,-122.61623,341.05,0.39,0.36,2025-01-14,2057,N20,nominal,2.0NRT,281.32,5.28,D
42.36197,-122.61723,331.98,0.39,0.36,2025-01-14,2057,N20,nominal,2.0NRT,279.16,5.28,D
43.25076,-123.54996,327.34,0.39,0.36,2025-01-14,2057,N20,nominal,2.0NRT,289.99,9.38,D
44.70266,-117.78305,331.19,0.48,0.4,2025-01-14,2057,N20,nominal,2.0NRT,277.84,10.74,D
44.51029,-120.2787,334.72,0.4,0.37,2025-01-14,2057,N20,nominal,2.0NRT,281.99,5.13,D
44.51433,-120.27444,336.22,0.4,0.37,2025-01-14,2057,N20,nominal,2.0NRT,277.98,5.13,D
45.25793,-117.76974,326.83,0.48,0.4,2025-01-14,2057,N20,nominal,2.0NRT,276.07,17.06,D
45.25727,-117.77568,351.38,0.48,0.4,2025-01-14,2057,N20,nominal,2.0NRT,277.22,17.06,D
45.26094,-117.77644,340.49,0.48,0.4,2025-01-14,2057,N20,nominal,2.0NRT,280.26,17.06,D
45.26029,-117.78228,336.91,0.48,0.4,2025-01-14,2057,N20,nominal,2.0NRT,279.1,27.59,D
45.26013,-117.77295,333.67,0.48,0.4,2025-01-14,2057,N20,nominal,2.0NRT,277.24,19.44,D
45.2595,-117.77887,330.28,0.48,0.4,2025-01-14,2057,N20,nominal,2.0NRT,283.16,63.09,D
45.12323,-122.22293,334.44,0.38,0.36,2025-01-14,2057,N20,nominal,2.0NRT,275.42,3.09,D
46.22704,-113.48506,335.69,0.51,0.49,2025-01-14,2057,N20,nominal,2.0NRT,268.61,19.08,D
46.22659,-113.49153,355.45,0.51,0.49,2025-01-14,2057,N20,nominal,2.0NRT,276.82,19.08,D
46.54232,-112.05185,351.41,0.6,0.53,2025-01-14,2057,N20,nominal,2.0NRT,275.32,26.33,D
46.54188,-112.05957,325.08,0.6,0.53,2025-01-14,2057,N20,nominal,2.0NRT,272.64,11.33,D
46.56721,-112.1313,330.59,0.59,0.53,2025-01-14,2057,N20,nominal,2.0NRT,271.96,6.55,D
46.57212,-112.13123,355.13,0.59,0.53,2025-01-14,2057,N20,nominal,2.0NRT,272.08,19.51,D
46.5699,-112.13172,353.25,0.59,0.53,2025-01-14,2057,N20,nominal,2.0NRT,275.79,25.68,D
46.76279,-109.10471,351.48,0.42,0.61,2025-01-14,2057,N20,nominal,2.0NRT,272.3,13.48,D
46.76297,-109.09872,356.34,0.42,0.61,2025-01-14,2057,N20,low,2.0NRT,270.62,14.3,D
19.83275,-101.12228,328.34,0.73,0.76,2025-01-14,2053,N20,nominal,2.0NRT,295.47,4.27,D
19.82189,-103.46819,346.29,0.52,0.66,2025-01-14,2053,N20,nominal,2.0NRT,296.58,8.19,D
19.8395,-104.28792,332.85,0.46,0.63,2025-01-14,2053,N20,nominal,2.0NRT,299.24,3.51,D
20.57419,-101.16602,329.12,0.74,0.76,2025-01-14,2053,N20,nominal,2.0NRT,290.32,9.43,D
20.34811,-103.62369,328.43,0.51,0.66,2025-01-14,2053,N20,nominal,2.0NRT,297.03,3.45,D
20.57912,-101.16442,336.8,0.74,0.76,2025-01-14,2053,N20,nominal,2.0NRT,291.9,7.21,D
20.5786,-101.17162,332.11,0.74,0.76,2025-01-14,2053,N20,nominal,2.0NRT,293.39,7.21,D
20.39511,-103.57854,340.01,0.51,0.66,2025-01-14,2053,N20,nominal,2.0NRT,302.38,5.19,D
24.99677,-107.94537,337.96,0.6,0.53,2025-01-14,2053,N20,nominal,2.0NRT,298.95,6.23,D
24.99619,-107.95136,330.68,0.6,0.53,2025-01-14,2053,N20,nominal,2.0NRT,299.34,6.23,D
25.13323,-107.34805,338.67,0.33,0.55,2025-01-14,2053,N20,nominal,2.0NRT,305.04,2.05,D
25.10266,-107.89845,331.13,0.61,0.53,2025-01-14,2053,N20,nominal,2.0NRT,303.05,2.13,D
27.65472,-110.46067,341.68,0.46,0.47,2025-01-14,2055,N20,nominal,2.0NRT,302.77,8.91,D
36.3577,-76.81293,297.99,0.65,0.73,2025-01-15,0554,N20,nominal,2.0NRT,272.67,1.49,N
21.80329,-79.16432,299.78,0.69,0.75,2025-01-15,0559,N20,nominal,2.0NRT,288.32,2.28,N
21.8028,-79.1575,319.78,0.69,0.74,2025-01-15,0559,N20,nominal,2.0NRT,289.21,2.28,N
19.46772,-70.78684,303.38,0.57,0.43,2025-01-15,0559,N20,nominal,2.0NRT,290.37,0.78,N
19.51604,-71.33571,306.2,0.41,0.45,2025-01-15,0559,N20,nominal,2.0NRT,290.48,0.93,N
18.47119,-69.17622,301.67,0.46,0.39,2025-01-15,0559,N20,nominal,2.0NRT,290.74,0.65,N
18.00839,-66.65744,303.62,0.39,0.36,2025-01-15,0559,N20,nominal,2.0NRT,291.39,0.49,N
18.39967,-70.1027,303.3,0.51,0.41,2025-01-15,0559,N20,nominal,2.0NRT,292.89,1.23,N
18.57546,-72.32789,303.15,0.46,0.47,2025-01-15,0559,N20,nominal,2.0NRT,292.54,0.36,N
18.32989,-71.15408,320.25,0.39,0.44,2025-01-15,0601,N20,nominal,2.0NRT,293.03,1.74,N
18.33036,-71.15771,315.09,0.39,0.44,2025-01-15,0601,N20,nominal,2.0NRT,291.86,1.49,N
18.32589,-71.15466,316.28,0.39,0.44,2025-01-15,0601,N20,nominal,2.0NRT,292.23,1.07,N
17.94581,-76.95512,314.32,0.45,0.63,2025-01-15,0601,N20,nominal,2.0NRT,290.34,1.78,N
45.91718,-92.3671,335.59,0.48,0.48,2025-01-15,0733,N20,nominal,2.0NRT,252.52,7.05,N
34.32063,-86.21442,326.42,0.39,0.36,2025-01-15,0735,N20,nominal,2.0NRT,264.86,2.67,N
43.4938,-79.62476,295.73,0.47,0.4,2025-01-15,0735,N20,nominal,2.0NRT,263.99,1.01,N
35.53753,-101.9046,303.15,0.62,0.72,2025-01-15,0735,N20,nominal,2.0NRT,264.47,1.61,N
35.53734,-101.89764,302.52,0.62,0.72,2025-01-15,0735,N20,nominal,2.0NRT,266.22,1.61,N
43.27546,-79.79962,327.16,0.47,0.39,2025-01-15,0735,N20,nominal,2.0NRT,267.34,8.13,N
35.53979,-101.89809,309.54,0.62,0.72,2025-01-15,0735,N20,nominal,2.0NRT,266.28,2.06,N
43.27435,-79.79402,306.29,0.47,0.39,2025-01-15,0735,N20,nominal,2.0NRT,270.72,8.13,N
34.15222,-97.6738,296.64,0.35,0.56,2025-01-15,0735,N20,nominal,2.0NRT,269.96,0.48,N
43.26598,-79.80917,310.3,0.47,0.39,2025-01-15,0735,N20,nominal,2.0NRT,266.83,1.49,N
33.77061,-96.37191,298.19,0.58,0.52,2025-01-15,0735,N20,nominal,2.0NRT,271.83,1.26,N
43.26245,-79.81046,311.08,0.47,0.39,2025-01-15,0735,N20,nominal,2.0NRT,264.7,1.49,N
42.14658,-84.37805,325.95,0.38,0.36,2025-01-15,0735,N20,nominal,2.0NRT,259.25,2.48,N
33.77123,-96.37119,297.67,0.58,0.52,2025-01-15,0735,N20,nominal,2.0NRT,271.75,1.2,N
41.89253,-83.35699,295.16,0.39,0.36,2025-01-15,0735,N20,nominal,2.0NRT,262.91,0.87,N
33.21086,-91.43187,315.31,0.47,0.4,2025-01-15,0735,N20,nominal,2.0NRT,272.24,1.12,N
41.56883,-84.04364,324.81,0.39,0.36,2025-01-15,0735,N20,nominal,2.0NRT,263.17,2.09,N
32.27345,-86.36749,311.17,0.4,0.37,2025-01-15,0735,N20,nominal,2.0NRT,270.23,0.86,N
41.36819,-84.92149,334.7,0.38,0.36,2025-01-15,0735,N20,nominal,2.0NRT,262.36,5.78,N
31.62866,-82.98737,299.88,0.53,0.42,2025-01-15,0735,N20,nominal,2.0NRT,274.55,0.99,N
40.75343,-81.4426,324.98,0.45,0.39,2025-01-15,0735,N20,nominal,2.0NRT,257.73,2.49,N
31.43036,-84.69757,302.83,0.45,0.39,2025-01-15,0735,N20,nominal,2.0NRT,272.91,0.75,N
41.68266,-87.42402,328.24,0.41,0.37,2025-01-15,0735,N20,nominal,2.0NRT,265.39,2.99,N
32.8418,-94.71175,302.15,0.45,0.47,2025-01-15,0735,N20,nominal,2.0NRT,270.99,0.96,N
41.64404,-87.13999,328.74,0.41,0.37,2025-01-15,0735,N20,nominal,2.0NRT,265.83,2.13,N
32.45879,-97.03715,300.31,0.61,0.53,2025-01-15,0735,N20,nominal,2.0NRT,277.46,1.47,N
41.68333,-87.42896,303.5,0.41,0.37,2025-01-15,0735,N20,nominal,2.0NRT,259.07,2.99,N
32.21394,-101.85033,352.6,0.59,0.7,2025-01-15,0735,N20,nominal,2.0NRT,274.66,7.97,N
41.682,-87.41908,303.58,0.41,0.37,2025-01-15,0735,N20,nominal,2.0NRT,268.31,1.16,N
32.21366,-101.8517,342.78,0.58,0.7,2025-01-15,0737,N20,nominal,2.0NRT,272.37,7.73,N
41.67859,-87.41988,304.25,0.41,0.37,2025-01-15,0735,N20,nominal,2.0NRT,267.43,1.16,N
32.21426,-101.86436,299.06,0.59,0.7,2025-01-15,0737,N20,nominal,2.0NRT,272.85,1.3,N
41.64066,-87.14079,306.12,0.41,0.37,2025-01-15,0735,N20,nominal,2.0NRT,262.06,2.13,N
41.63728,-87.14162,340.27,0.41,0.37,2025-01-15,0735,N20,nominal,2.0NRT,270,10.4,N
32.21336,-101.84544,311.39,0.58,0.7,2025-01-15,0737,N20,nominal,2.0NRT,274.06,5.74,N
40.39215,-79.85452,334.36,0.52,0.41,2025-01-15,0735,N20,nominal,2.0NRT,265.67,9.81,N
32.18214,-101.8732,297.44,0.59,0.7,2025-01-15,0737,N20,nominal,2.0NRT,269.22,2.1,N
41.63323,-87.13757,334.03,0.41,0.37,2025-01-15,0735,N20,nominal,2.0NRT,263.64,5.04,N
32.17032,-101.89953,314.6,0.59,0.7,2025-01-15,0737,N20,nominal,2.0NRT,271.36,1.98,N
41.67178,-87.42151,295.91,0.41,0.37,2025-01-15,0735,N20,nominal,2.0NRT,258.48,0.7,N
32.07143,-101.87138,301.52,0.59,0.7,2025-01-15,0737,N20,nominal,2.0NRT,270.18,1.05,N
41.67435,-87.46684,299.5,0.41,0.37,2025-01-15,0735,N20,nominal,2.0NRT,261.17,0.75,N
32.01132,-101.02979,339.62,0.52,0.67,2025-01-15,0737,N20,nominal,2.0NRT,271.85,5.07,N
41.67369,-87.46189,298.69,0.41,0.37,2025-01-15,0735,N20,nominal,2.0NRT,260.1,0.85,N
31.98111,-100.57803,298.05,0.49,0.65,2025-01-15,0737,N20,nominal,2.0NRT,270.88,0.59,N
41.67302,-87.45693,296.09,0.41,0.37,2025-01-15,0735,N20,nominal,2.0NRT,259.36,0.85,N
32.02306,-101.80592,326.05,0.58,0.7,2025-01-15,0737,N20,nominal,2.0NRT,271.47,2.79,N
41.66961,-87.45775,300.51,0.41,0.37,2025-01-15,0735,N20,nominal,2.0NRT,258.01,0.85,N
31.9983,-101.83275,367,0.58,0.7,2025-01-15,0737,N20,high,2.0NRT,273.4,9.84,N
41.62714,-87.14408,297.5,0.41,0.37,2025-01-15,0735,N20,nominal,2.0NRT,264.3,0.87,N
32.02237,-101.80754,319.03,0.58,0.7,2025-01-15,0737,N20,nominal,2.0NRT,270.45,3.12,N
41.64191,-87.40832,328.22,0.41,0.37,2025-01-15,0735,N20,nominal,2.0NRT,268.67,3.75,N
31.99776,-101.83423,344.75,0.58,0.7,2025-01-15,0737,N20,nominal,2.0NRT,271.09,5.28,N
31.99745,-101.828,312,0.58,0.7,2025-01-15,0737,N20,nominal,2.0NRT,272.18,5.28,N
41.62455,-87.33124,303.58,0.41,0.37,2025-01-15,0735,N20,nominal,2.0NRT,262,1.1,N
31.65381,-104.10568,298.11,0.79,0.78,2025-01-15,0737,N20,nominal,2.0NRT,268.17,1.04,N
39.97496,-86.83942,321.68,0.39,0.36,2025-01-15,0735,N20,nominal,2.0NRT,252.63,3.05,N
39.46915,-84.38697,320.46,0.39,0.36,2025-01-15,0735,N20,nominal,2.0NRT,260.7,2.22,N
31.65212,-104.109,295.58,0.79,0.78,2025-01-15,0737,N20,nominal,2.0NRT,267.55,0.88,N
29.04997,-82.40742,307.12,0.42,0.45,2025-01-15,0737,N20,nominal,2.0NRT,273.85,1.4,N
36.35616,-76.81513,312.62,0.59,0.53,2025-01-15,0735,N20,nominal,2.0NRT,271.82,1.9,N
36.35461,-76.80875,308.82,0.6,0.53,2025-01-15,0735,N20,nominal,2.0NRT,271.71,1.9,N
28.67575,-82.02672,299.04,0.45,0.47,2025-01-15,0737,N20,nominal,2.0NRT,269.47,1.57,N
37.79403,-84.72326,322.61,0.39,0.36,2025-01-15,0735,N20,nominal,2.0NRT,261.35,2.15,N
22.18397,-80.53111,304.08,0.37,0.58,2025-01-15,0737,N20,nominal,2.0NRT,290.91,0.86,N
36.56165,-79.31657,297.09,0.43,0.46,2025-01-15,0735,N20,nominal,2.0NRT,270.26,0.53,N
22.68151,-83.03138,300.94,0.51,0.49,2025-01-15,0737,N20,nominal,2.0NRT,287.97,0.26,N
36.67944,-82.97749,311.97,0.45,0.39,2025-01-15,0735,N20,nominal,2.0NRT,266.16,1.55,N
22.67705,-83.03242,321.81,0.51,0.49,2025-01-15,0737,N20,nominal,2.0NRT,289.02,1.45,N
37.26884,-86.98631,331.68,0.39,0.36,2025-01-15,0735,N20,nominal,2.0NRT,268.99,3.24,N
22.67259,-83.03346,299.95,0.51,0.49,2025-01-15,0737,N20,nominal,2.0NRT,288.36,1.45,N
22.68002,-83.03465,301.57,0.51,0.49,2025-01-15,0737,N20,nominal,2.0NRT,288.06,1.04,N
37.24305,-88.86357,311.3,0.42,0.37,2025-01-15,0737,N20,nominal,2.0NRT,265.16,1.03,N
22.67904,-83.02979,312.83,0.51,0.49,2025-01-15,0737,N20,nominal,2.0NRT,288.52,1.04,N
37.24399,-88.86508,305.03,0.42,0.37,2025-01-15,0737,N20,nominal,2.0NRT,264.84,1.32,N
37.24057,-88.8658,315.05,0.42,0.37,2025-01-15,0737,N20,nominal,2.0NRT,265.24,1.32,N
22.67556,-83.03571,300.64,0.51,0.49,2025-01-15,0737,N20,nominal,2.0NRT,288.65,1.04,N
35.5043,-80.33037,296.05,0.41,0.45,2025-01-15,0737,N20,nominal,2.0NRT,272.13,0.64,N
22.67458,-83.03085,304.26,0.51,0.49,2025-01-15,0737,N20,nominal,2.0NRT,288.27,1.04,N
22.15843,-80.73751,322.56,0.36,0.58,2025-01-15,0737,N20,nominal,2.0NRT,289.7,1.73,N
37.16582,-90.69095,323.24,0.48,0.4,2025-01-15,0737,N20,nominal,2.0NRT,267.57,1.92,N
35.11763,-79.14658,302.66,0.48,0.48,2025-01-15,0737,N20,nominal,2.0NRT,272.02,0.89,N
21.80411,-79.15362,320.47,0.47,0.64,2025-01-15,0737,N20,nominal,2.0NRT,289.36,2.87,N
21.80511,-79.158,318.8,0.47,0.64,2025-01-15,0737,N20,nominal,2.0NRT,288.39,2.87,N
35.11538,-79.13652,311.62,0.48,0.48,2025-01-15,0737,N20,nominal,2.0NRT,272.77,2.62,N
35.34177,-80.82686,320.33,0.39,0.44,2025-01-15,0737,N20,nominal,2.0NRT,273.39,1.5,N
21.8031,-79.14921,311.16,0.47,0.64,2025-01-15,0737,N20,nominal,2.0NRT,288.97,2.28,N
20.65487,-77.05292,303.85,0.67,0.74,2025-01-15,0739,N20,nominal,2.0NRT,289.49,1.2,N
34.84212,-79.74077,308.55,0.45,0.47,2025-01-15,0737,N20,nominal,2.0NRT,269.76,1.11,N
34.83796,-79.74213,295.16,0.45,0.47,2025-01-15,0737,N20,nominal,2.0NRT,270.13,0.63,N
19.66512,-88.07173,309.03,0.45,0.39,2025-01-15,0739,N20,nominal,2.0NRT,291.36,0.89,N
35.93383,-86.37714,297.63,0.38,0.36,2025-01-15,0737,N20,nominal,2.0NRT,269.1,0.87,N
20.97494,-98.74378,298.91,0.57,0.52,2025-01-15,0739,N20,nominal,2.0NRT,283.24,0.97,N
21.04582,-101.78812,352.98,0.45,0.63,2025-01-15,0739,N20,nominal,2.0NRT,278.18,7.24,N
34.37793,-79.88792,298.46,0.45,0.47,2025-01-15,0737,N20,nominal,2.0NRT,273.34,0.87,N
20.59113,-97.78051,310.46,0.49,0.49,2025-01-15,0739,N20,nominal,2.0NRT,284.7,1.28,N
19.1919,-89.1343,309.24,0.41,0.37,2025-01-15,0739,N20,nominal,2.0NRT,292.77,1.66,N
35.93975,-89.71397,319.19,0.43,0.38,2025-01-15,0737,N20,nominal,2.0NRT,272.72,2.5,N
19.18849,-89.13494,316.66,0.41,0.37,2025-01-15,0739,N20,nominal,2.0NRT,292.81,1.6,N
35.93626,-89.71467,329.78,0.43,0.38,2025-01-15,0737,N20,nominal,2.0NRT,273.17,3.83,N
19.60383,-92.2925,330.18,0.39,0.36,2025-01-15,0739,N20,nominal,2.0NRT,294.91,5.62,N
19.60049,-92.29306,331.71,0.39,0.36,2025-01-15,0739,N20,nominal,2.0NRT,293.8,5.62,N
35.89152,-89.78235,331.58,0.43,0.38,2025-01-15,0737,N20,nominal,2.0NRT,271.84,3.11,N
19.60106,-92.29679,307.68,0.39,0.36,2025-01-15,0739,N20,nominal,2.0NRT,293.46,5.51,N
36.5206,-97.84267,304,0.37,0.58,2025-01-15,0737,N20,nominal,2.0NRT,267.96,1,N
20.52898,-100.92766,313.92,0.39,0.6,2025-01-15,0739,N20,nominal,2.0NRT,282.03,1.9,N
36.51838,-97.84264,301.99,0.37,0.58,2025-01-15,0737,N20,nominal,2.0NRT,267.11,1.26,N
20.52349,-100.92832,304.52,0.39,0.6,2025-01-15,0739,N20,nominal,2.0NRT,284.51,1.9,N
20.38767,-99.69301,316.76,0.33,0.55,2025-01-15,0739,N20,nominal,2.0NRT,282.84,1.41,N
35.67052,-89.96741,295.17,0.44,0.38,2025-01-15,0737,N20,nominal,2.0NRT,270.75,0.36,N
20.36313,-99.97829,297.44,0.34,0.56,2025-01-15,0739,N20,nominal,2.0NRT,279.78,0.4,N
35.64788,-89.93485,334.4,0.44,0.38,2025-01-15,0737,N20,nominal,2.0NRT,273.48,5.32,N
35.61476,-89.95614,298.02,0.44,0.38,2025-01-15,0737,N20,nominal,2.0NRT,264.31,0.52,N
19.29597,-92.16765,316.84,0.39,0.36,2025-01-15,0739,N20,nominal,2.0NRT,292.69,3.13,N
20.05045,-99.29567,312.49,0.61,0.53,2025-01-15,0739,N20,nominal,2.0NRT,278.84,3.12,N
35.61,-89.94723,324.31,0.44,0.38,2025-01-15,0737,N20,nominal,2.0NRT,272.06,2.88,N
35.79578,-91.74513,309.46,0.52,0.41,2025-01-15,0737,N20,nominal,2.0NRT,271.88,2,N
20.0498,-99.28977,308.76,0.61,0.53,2025-01-15,0739,N20,nominal,2.0NRT,282.07,2.64,N
20.04916,-99.28389,295.51,0.61,0.53,2025-01-15,0739,N20,nominal,2.0NRT,283.62,2.64,N
34.93832,-86.42291,317.32,0.39,0.36,2025-01-15,0737,N20,nominal,2.0NRT,270.16,1.5,N
34.50719,-84.62397,318.93,0.42,0.37,2025-01-15,0737,N20,nominal,2.0NRT,266.05,1.19,N
20.03314,-99.27367,298.89,0.61,0.53,2025-01-15,0739,N20,nominal,2.0NRT,279.5,1.6,N
20.34134,-103.80887,296.71,0.6,0.71,2025-01-15,0739,N20,nominal,2.0NRT,280.95,1.17,N
34.50732,-84.6217,315.08,0.42,0.38,2025-01-15,0737,N20,nominal,2.0NRT,266.06,1.74,N
34.30394,-84.41673,326.54,0.43,0.38,2025-01-15,0737,N20,nominal,2.0NRT,271.07,3.12,N
18.37023,-88.53207,311.44,0.44,0.39,2025-01-15,0739,N20,nominal,2.0NRT,292.86,1.17,N
18.36951,-88.52792,307.98,0.44,0.39,2025-01-15,0739,N20,nominal,2.0NRT,292.5,0.83,N
35.784,-97.2765,297.46,0.34,0.56,2025-01-15,0737,N20,nominal,2.0NRT,269.65,0.46,N
20.34173,-103.80612,300.12,0.6,0.71,2025-01-15,0739,N20,nominal,2.0NRT,280.85,1.07,N
34.64246,-87.09023,298.69,0.38,0.36,2025-01-15,0737,N20,nominal,2.0NRT,269.93,0.76,N
18.63848,-92.51025,303.36,0.39,0.36,2025-01-15,0739,N20,nominal,2.0NRT,291.97,0.48,N
34.63788,-87.08268,325.49,0.38,0.36,2025-01-15,0737,N20,nominal,2.0NRT,271.65,2.96,N
34.80537,-88.32301,297.7,0.39,0.36,2025-01-15,0737,N20,nominal,2.0NRT,270.75,0.86,N
19.46692,-101.02974,303.74,0.39,0.59,2025-01-15,0739,N20,nominal,2.0NRT,283.85,0.94,N
18.50579,-93.26225,309.5,0.41,0.37,2025-01-15,0739,N20,nominal,2.0NRT,291.84,0.67,N
35.04746,-90.16531,303.13,0.44,0.38,2025-01-15,0737,N20,nominal,2.0NRT,273.73,1.07,N
18.48984,-93.34413,315.85,0.41,0.37,2025-01-15,0739,N20,nominal,2.0NRT,292.2,1.3,N
18.48642,-93.34469,306.09,0.41,0.37,2025-01-15,0739,N20,nominal,2.0NRT,291.86,1.3,N
18.48526,-93.36078,320.7,0.41,0.37,2025-01-15,0739,N20,nominal,2.0NRT,291.66,2.6,N
18.4422,-93.16545,304.56,0.41,0.37,2025-01-15,0739,N20,nominal,2.0NRT,290.89,1.05,N
18.4213,-93.18848,330.09,0.41,0.37,2025-01-15,0739,N20,nominal,2.0NRT,292,2.62,N
18.83297,-96.39774,298.49,0.38,0.43,2025-01-15,0739,N20,nominal,2.0NRT,286.89,0.65,N
17.93056,-102.21017,324.79,0.44,0.63,2025-01-15,0739,N20,nominal,2.0NRT,291.61,3.3,N
32.85724,-117.03075,301.45,0.48,0.4,2025-01-15,0917,N20,nominal,2.0NRT,273.17,0.76,N
32.59845,-117.01349,303.86,0.47,0.4,2025-01-15,0917,N20,nominal,2.0NRT,277.49,1.13,N
32.59866,-117.01424,308.23,0.47,0.4,2025-01-15,0917,N20,nominal,2.0NRT,277.07,0.67,N
32.53973,-116.61377,309.64,0.45,0.39,2025-01-15,0917,N20,nominal,2.0NRT,278.8,1.72,N
32.53809,-116.6293,326.26,0.46,0.39,2025-01-15,0917,N20,nominal,2.0NRT,279.79,2.57,N
32.53615,-116.61442,316.37,0.45,0.39,2025-01-15,0917,N20,nominal,2.0NRT,280.61,1.72,N
32.53389,-116.62508,303.77,0.46,0.39,2025-01-15,0917,N20,nominal,2.0NRT,280.98,1.27,N
32.52763,-116.8634,329.04,0.47,0.39,2025-01-15,0917,N20,nominal,2.0NRT,280.92,3.2,N
32.37108,-117.0688,311.48,0.47,0.4,2025-01-15,0917,N20,nominal,2.0NRT,283.14,1.4,N
49.64634,-110.27163,305.37,0.42,0.37,2025-01-15,0913,N20,nominal,2.0NRT,270.08,1.02,N
31.98163,-116.81567,298.44,0.46,0.39,2025-01-15,0917,N20,nominal,2.0NRT,284.79,0.72,N
48.88537,-122.74255,297.89,0.43,0.62,2025-01-15,0913,N20,nominal,2.0NRT,275.51,1.24,N
31.94008,-116.71961,329.83,0.45,0.39,2025-01-15,0917,N20,nominal,2.0NRT,284.2,3.49,N
47.19841,-109.2615,319.36,0.39,0.36,2025-01-15,0913,N20,nominal,2.0NRT,265.92,2.01,N
31.93948,-116.71491,300.07,0.45,0.39,2025-01-15,0917,N20,nominal,2.0NRT,281.29,3.49,N
47.18276,-109.27181,327.11,0.39,0.36,2025-01-15,0913,N20,nominal,2.0NRT,266.48,4.36,N
31.93713,-116.72509,336.45,0.45,0.39,2025-01-15,0917,N20,nominal,2.0NRT,283.02,5.09,N
31.93653,-116.72039,338.19,0.45,0.39,2025-01-15,0917,N20,nominal,2.0NRT,283.7,3.49,N
47.18201,-109.2667,319.05,0.39,0.36,2025-01-15,0913,N20,nominal,2.0NRT,266.88,1.38,N
31.93417,-116.73048,353.8,0.45,0.39,2025-01-15,0917,N20,nominal,2.0NRT,289.24,12.26,N
47.18097,-109.28298,326.03,0.39,0.36,2025-01-15,0913,N20,nominal,2.0NRT,268.12,2.38,N
31.93357,-116.72581,344.43,0.45,0.39,2025-01-15,0917,N20,nominal,2.0NRT,285.52,12.26,N
47.18171,-109.28807,300.34,0.39,0.36,2025-01-15,0913,N20,nominal,2.0NRT,264.62,2.38,N
46.33178,-105.09399,323.17,0.43,0.38,2025-01-15,0913,N20,nominal,2.0NRT,267.68,2.48,N
31.93298,-116.72117,298.18,0.45,0.39,2025-01-15,0917,N20,nominal,2.0NRT,278.24,1.68,N
31.9312,-116.73589,324.27,0.45,0.39,2025-01-15,0917,N20,nominal,2.0NRT,291,30.27,N
47.0187,-110.76107,326.51,0.41,0.37,2025-01-15,0913,N20,nominal,2.0NRT,260.44,3.12,N
31.92942,-116.72191,330.45,0.45,0.39,2025-01-15,0917,N20,nominal,2.0NRT,280.91,1.68,N
46.77283,-109.10862,338.62,0.39,0.36,2025-01-15,0913,N20,nominal,2.0NRT,261.84,5.68,N
31.9306,-116.73116,319.98,0.45,0.39,2025-01-15,0917,N20,nominal,2.0NRT,287.6,12.26,N
46.76554,-109.10569,343.97,0.39,0.36,2025-01-15,0913,N20,nominal,2.0NRT,262.13,6.57,N
31.93001,-116.72651,298.94,0.45,0.39,2025-01-15,0917,N20,nominal,2.0NRT,277.61,12.26,N
46.5708,-112.13317,295.25,0.44,0.38,2025-01-15,0913,N20,nominal,2.0NRT,269.88,0.76,N
30.72739,-109.57414,320.72,0.48,0.4,2025-01-15,0917,N20,nominal,2.0NRT,270.65,2.61,N
46.52554,-113.5132,313.84,0.48,0.4,2025-01-15,0913,N20,nominal,2.0NRT,259.53,2.14,N
46.5212,-113.50782,325.68,0.48,0.4,2025-01-15,0913,N20,nominal,2.0NRT,265.31,5.45,N
31.84375,-116.58401,304.4,0.45,0.39,2025-01-15,0917,N20,nominal,2.0NRT,280.02,1.15,N
31.38993,-115.70257,303.72,0.41,0.37,2025-01-15,0917,N20,nominal,2.0NRT,271.47,1.64,N
46.52189,-113.51414,298.13,0.48,0.4,2025-01-15,0913,N20,nominal,2.0NRT,259.78,2.14,N
30.85153,-116.03284,333.54,0.42,0.38,2025-01-15,0917,N20,nominal,2.0NRT,276.23,3.77,N
46.52667,-113.51271,313.15,0.48,0.4,2025-01-15,0913,N20,nominal,2.0NRT,259.27,1.77,N
30.85275,-116.03486,327.24,0.42,0.38,2025-01-15,0917,N20,nominal,2.0NRT,275.83,4.59,N
46.52301,-113.51362,296.97,0.48,0.4,2025-01-15,0913,N20,nominal,2.0NRT,259.28,2.56,N
46.5223,-113.50729,319.75,0.48,0.4,2025-01-15,0913,N20,nominal,2.0NRT,263.58,2.56,N
28.92772,-110.82845,296.27,0.45,0.39,2025-01-15,0917,N20,nominal,2.0NRT,275.56,1.14,N
46.51865,-113.50824,324.87,0.48,0.4,2025-01-15,0913,N20,nominal,2.0NRT,261.95,2.56,N
28.92756,-110.82584,297.82,0.45,0.39,2025-01-15,0917,N20,nominal,2.0NRT,274.72,0.81,N
46.22661,-113.49493,335.41,0.48,0.4,2025-01-15,0913,N20,nominal,2.0NRT,268.71,3.88,N
28.96151,-111.33968,302.04,0.43,0.38,2025-01-15,0917,N20,nominal,2.0NRT,272.65,0.85,N
28.94212,-111.60645,302.12,0.42,0.38,2025-01-15,0917,N20,nominal,2.0NRT,270.61,0.72,N
46.22591,-113.48865,313.02,0.48,0.4,2025-01-15,0913,N20,nominal,2.0NRT,268.06,3.88,N
46.03946,-117.43875,327.06,0.46,0.47,2025-01-15,0913,N20,nominal,2.0NRT,269.51,3.92,N
25.49081,-103.39753,297.29,0.46,0.63,2025-01-15,0919,N20,nominal,2.0NRT,279.1,0.81,N
21.0507,-101.78725,295.28,0.72,0.76,2025-01-15,0919,N20,nominal,2.0NRT,277.46,5.07,N
46.04296,-117.43298,298.28,0.46,0.47,2025-01-15,0913,N20,nominal,2.0NRT,268.04,0.77,N
46.03911,-117.43996,333.87,0.46,0.47,2025-01-15,0913,N20,nominal,2.0NRT,270.37,3.53,N
21.04375,-101.78834,336.63,0.72,0.76,2025-01-15,0919,N20,nominal,2.0NRT,276.43,5.07,N
21.04942,-101.78548,312.03,0.72,0.76,2025-01-15,0919,N20,nominal,2.0NRT,277.71,2.78,N
45.26425,-117.78813,348.52,0.47,0.48,2025-01-15,0913,N20,nominal,2.0NRT,272.79,7.77,N
21.04255,-101.78689,333.72,0.72,0.76,2025-01-15,0919,N20,nominal,2.0NRT,276.2,7.41,N
45.26373,-117.78138,339.71,0.47,0.48,2025-01-15,0913,N20,nominal,2.0NRT,273.87,7.77,N
17.93341,-102.21252,302.82,0.79,0.78,2025-01-15,0921,N20,nominal,2.0NRT,289.24,2.27,N
45.25933,-117.78209,338.97,0.47,0.48,2025-01-15,0913,N20,nominal,2.0NRT,272.93,7.01,N
45.25882,-117.77542,302.39,0.47,0.48,2025-01-15,0913,N20,nominal,2.0NRT,270.07,3.06,N
45.23422,-119.04654,297.6,0.54,0.51,2025-01-15,0913,N20,nominal,2.0NRT,269.9,1.09,N
45.13897,-118.72016,329.45,0.52,0.5,2025-01-15,0913,N20,nominal,2.0NRT,265.5,5.48,N
44.70535,-117.78359,314.93,0.47,0.47,2025-01-15,0913,N20,nominal,2.0NRT,267.45,2.5,N
44.60376,-117.30473,298.67,0.44,0.46,2025-01-15,0913,N20,nominal,2.0NRT,268.95,1.24,N
43.55876,-109.82889,320.85,0.38,0.36,2025-01-15,0913,N20,nominal,2.0NRT,262.17,5.06,N
43.54826,-109.82704,325.13,0.38,0.36,2025-01-15,0913,N20,nominal,2.0NRT,262.13,3.99,N
43.54319,-109.83829,325.3,0.38,0.36,2025-01-15,0913,N20,nominal,2.0NRT,264.31,5.16,N
43.25158,-123.55439,340.39,0.44,0.62,2025-01-15,0915,N20,nominal,2.0NRT,275.99,3.96,N
41.89104,-123.38763,323.91,0.42,0.61,2025-01-15,0915,N20,nominal,2.0NRT,276.45,1.63,N
41.88537,-123.38828,302.45,0.42,0.61,2025-01-15,0915,N20,nominal,2.0NRT,275.55,1.63,N
41.88501,-123.37901,316.95,0.42,0.61,2025-01-15,0915,N20,nominal,2.0NRT,276.74,1.63,N
41.87941,-123.38163,325.03,0.42,0.61,2025-01-15,0915,N20,nominal,2.0NRT,276.73,3.2,N
41.18801,-123.85435,295.43,0.44,0.62,2025-01-15,0915,N20,nominal,2.0NRT,280.25,0.44,N
36.19713,-95.81231,297.59,0.66,0.73,2025-01-15,0915,N20,nominal,2.0NRT,272.25,1.35,N
36.19339,-95.8157,299.33,0.66,0.73,2025-01-15,0915,N20,nominal,2.0NRT,271.7,1.3,N
38.79874,-106.578,332.03,0.49,0.4,2025-01-15,0915,N20,nominal,2.0NRT,247.12,5.67,N
38.79515,-106.57918,328.06,0.49,0.4,2025-01-15,0915,N20,nominal,2.0NRT,247.13,3.1,N
40.49649,-123.74007,297.38,0.43,0.62,2025-01-15,0915,N20,nominal,2.0NRT,283.45,0.64,N
39.92595,-122.2675,297.13,0.35,0.57,2025-01-15,0915,N20,nominal,2.0NRT,276.16,1.02,N
39.86497,-122.02913,310.35,0.34,0.56,2025-01-15,0915,N20,nominal,2.0NRT,274.65,1.18,N
39.86473,-122.02505,309.21,0.34,0.56,2025-01-15,0915,N20,nominal,2.0NRT,275.77,1.18,N
39.46952,-122.01962,300.43,0.34,0.56,2025-01-15,0915,N20,nominal,2.0NRT,275.76,0.51,N
39.14061,-121.63917,297.39,0.32,0.55,2025-01-15,0915,N20,nominal,2.0NRT,275.3,0.44,N
35.5387,-101.89774,324.42,0.32,0.55,2025-01-15,0915,N20,nominal,2.0NRT,267.1,1.83,N
38.07248,-122.14059,306.98,0.34,0.56,2025-01-15,0915,N20,nominal,2.0NRT,287.9,1.38,N
37.95227,-122.4012,295.87,0.35,0.56,2025-01-15,0915,N20,nominal,2.0NRT,284.04,0.76,N
37.74497,-122.13478,327.45,0.33,0.55,2025-01-15,0915,N20,nominal,2.0NRT,278.88,2.13,N
37.74469,-122.13052,297.29,0.33,0.55,2025-01-15,0915,N20,nominal,2.0NRT,279.03,1.67,N
37.45371,-121.93355,297.24,0.32,0.55,2025-01-15,0915,N20,nominal,2.0NRT,276.03,0.54,N
37.45498,-121.93324,300.2,0.32,0.55,2025-01-15,0915,N20,nominal,2.0NRT,275.36,0.73,N
35.51626,-113.31662,313.08,0.39,0.36,2025-01-15,0915,N20,nominal,2.0NRT,263.28,1.56,N
34.35059,-111.06409,324.93,0.4,0.37,2025-01-15,0917,N20,nominal,2.0NRT,271.48,2.63,N
34.33827,-111.0869,307.66,0.4,0.37,2025-01-15,0917,N20,nominal,2.0NRT,269.57,0.79,N
31.98265,-100.57516,296.76,0.47,0.64,2025-01-15,0917,N20,nominal,2.0NRT,270.74,0.68,N
32.01432,-101.02577,308.07,0.44,0.62,2025-01-15,0917,N20,nominal,2.0NRT,272.38,0.99,N
32.00884,-101.02788,303.89,0.44,0.62,2025-01-15,0917,N20,nominal,2.0NRT,270.18,0.99,N
32.21266,-101.84369,367,0.39,0.59,2025-01-15,0917,N20,high,2.0NRT,276.69,3.73,N
32.21368,-101.84772,304.8,0.39,0.59,2025-01-15,0917,N20,nominal,2.0NRT,270.51,3.73,N
32.21144,-101.8615,305.19,0.39,0.59,2025-01-15,0917,N20,nominal,2.0NRT,271.73,0.86,N
32.18406,-101.86652,325.49,0.39,0.59,2025-01-15,0917,N20,nominal,2.0NRT,271.21,1.78,N
32.18195,-101.86604,323.2,0.39,0.59,2025-01-15,0917,N20,nominal,2.0NRT,271.35,1.72,N
32.16587,-101.89338,312.85,0.39,0.59,2025-01-15,0917,N20,nominal,2.0NRT,271.35,2.19,N
32.06731,-101.86648,325.5,0.39,0.6,2025-01-15,0917,N20,nominal,2.0NRT,268.46,2.06,N
32.9613,-105.73206,313.36,0.46,0.47,2025-01-15,0917,N20,nominal,2.0NRT,261.12,1.54,N
32.06537,-101.86678,296.88,0.39,0.6,2025-01-15,0917,N20,nominal,2.0NRT,267.03,0.46,N
32.02065,-101.80309,318.31,0.4,0.6,2025-01-15,0917,N20,nominal,2.0NRT,267.01,1.39,N
31.99826,-101.82865,367,0.4,0.6,2025-01-15,0917,N20,high,2.0NRT,271.83,9.39,N
31.99723,-101.82458,313.55,0.4,0.6,2025-01-15,0917,N20,nominal,2.0NRT,269.52,6.63,N
32.07148,-102.58806,295.57,0.36,0.57,2025-01-15,0917,N20,nominal,2.0NRT,269.3,0.52,N
34.60987,-117.34006,297.09,0.51,0.41,2025-01-15,0917,N20,nominal,2.0NRT,270.52,0.74,N
31.91187,-103.49633,296.93,0.32,0.55,2025-01-15,0917,N20,nominal,2.0NRT,269.99,0.54,N
33.42149,-110.8625,322.93,0.41,0.37,2025-01-15,0917,N20,nominal,2.0NRT,273.33,2.63,N
33.41814,-110.8633,327.74,0.41,0.37,2025-01-15,0917,N20,nominal,2.0NRT,274.18,7.95,N
31.55462,-102.20195,295.82,0.39,0.59,2025-01-15,0917,N20,nominal,2.0NRT,269.81,0.65,N
34.43119,-118.64765,303.57,0.39,0.44,2025-01-15,0917,N20,nominal,2.0NRT,279.34,0.55,N
31.36669,-101.78005,298.66,0.41,0.61,2025-01-15,0917,N20,nominal,2.0NRT,268.53,0.61,N
34.33496,-118.51978,314.84,0.39,0.44,2025-01-15,0917,N20,nominal,2.0NRT,279.31,1.18,N
34.32205,-118.51352,299.66,0.39,0.44,2025-01-15,0917,N20,nominal,2.0NRT,278.92,0.2,N
34.3145,-119.26984,301.91,0.42,0.46,2025-01-15,0917,N20,nominal,2.0NRT,284.71,0.51,N
34.15233,-118.19493,311.93,0.56,0.43,2025-01-15,0917,N20,nominal,2.0NRT,279.91,1.98,N
33.79559,-117.47585,307.22,0.51,0.41,2025-01-15,0917,N20,nominal,2.0NRT,277.07,1.37,N
31.96496,-106.58464,298.69,0.43,0.46,2025-01-15,0917,N20,nominal,2.0NRT,270.72,0.77,N
33.85349,-118.33535,304.2,0.56,0.43,2025-01-15,0917,N20,nominal,2.0NRT,284.54,1.75,N
31.28958,-103.67413,308.23,0.32,0.55,2025-01-15,0917,N20,nominal,2.0NRT,269.26,0.85,N
33.81477,-118.23704,295.21,0.56,0.43,2025-01-15,0917,N20,nominal,2.0NRT,282.4,1.08,N
31.2899,-103.67613,296.25,0.32,0.55,2025-01-15,0917,N20,nominal,2.0NRT,268.42,0.66,N
33.71571,-117.71208,303.71,0.52,0.42,2025-01-15,0917,N20,nominal,2.0NRT,282.84,1.07,N
33.61313,-117.8234,302.12,0.53,0.42,2025-01-15,0917,N20,nominal,2.0NRT,279.22,1.05,N
33.49316,-117.61616,299.27,0.51,0.41,2025-01-15,0917,N20,nominal,2.0NRT,277.88,0.74,N
19.418,-155.27922,303.45,0.66,0.73,2025-01-15,1104,N20,nominal,2.0NRT,290.01,2.2,N
19.41751,-155.27322,300.42,0.66,0.73,2025-01-15,1104,N20,nominal,2.0NRT,290.24,2.2,N
19.41175,-155.28598,315.29,0.66,0.73,2025-01-15,1104,N20,nominal,2.0NRT,296.25,4.92,N
19.41127,-155.28011,315.34,0.66,0.73,2025-01-15,1104,N20,nominal,2.0NRT,297.03,4.36,N
19.41076,-155.27391,307.94,0.66,0.73,2025-01-15,1104,N20,nominal,2.0NRT,295.12,4.36,N
19.4055,-155.29277,310.81,0.66,0.73,2025-01-15,1104,N20,nominal,2.0NRT,286.85,4.92,N
46.52385,-113.51969,297.98,0.71,0.75,2025-01-15,1053,N20,nominal,2.0NRT,263.78,2.75,N
19.40504,-155.28714,315,0.66,0.73,2025-01-15,1104,N20,nominal,2.0NRT,294.81,4.92,N
46.52036,-113.51023,304.42,0.71,0.75,2025-01-15,1053,N20,nominal,2.0NRT,262.73,2.75,N
19.40453,-155.28094,302.48,0.66,0.73,2025-01-15,1104,N20,nominal,2.0NRT,291.21,4.36,N
46.52168,-113.51759,311.04,0.71,0.75,2025-01-15,1053,N20,nominal,2.0NRT,263.16,2.76,N
46.22787,-113.49513,314.94,0.73,0.76,2025-01-15,1053,N20,nominal,2.0NRT,266.45,4.21,N
19.40252,-155.28882,304.05,0.66,0.73,2025-01-15,1104,N20,nominal,2.0NRT,289.02,3.58,N
48.88733,-122.73609,298.93,0.48,0.48,2025-01-15,1053,N20,nominal,2.0NRT,278.72,1.62,N
46.04215,-117.44155,319.41,0.5,0.66,2025-01-15,1053,N20,nominal,2.0NRT,270.2,2.94,N
46.03984,-117.43435,298.55,0.5,0.66,2025-01-15,1053,N20,nominal,2.0NRT,268.59,2.13,N
45.26686,-117.77943,337.25,0.51,0.66,2025-01-15,1053,N20,nominal,2.0NRT,271.67,4.8,N
45.26392,-117.77744,322.34,0.51,0.66,2025-01-15,1053,N20,nominal,2.0NRT,271.33,3.48,N
45.26714,-117.78757,295.31,0.51,0.66,2025-01-15,1053,N20,nominal,2.0NRT,269.77,2.93,N
45.26555,-117.78259,316.48,0.51,0.66,2025-01-15,1053,N20,nominal,2.0NRT,269.85,2.93,N
45.26226,-117.77225,295.01,0.51,0.66,2025-01-15,1053,N20,nominal,2.0NRT,269.42,3.48,N
45.25986,-117.78582,322.92,0.51,0.66,2025-01-15,1053,N20,nominal,2.0NRT,270.04,2.93,N
45.25829,-117.78089,328.77,0.51,0.66,2025-01-15,1053,N20,nominal,2.0NRT,270.78,3.48,N
45.2614,-117.79064,303.68,0.51,0.66,2025-01-15,1053,N20,nominal,2.0NRT,269.74,2.93,N
45.13956,-118.71762,331.95,0.47,0.64,2025-01-15,1053,N20,nominal,2.0NRT,267.19,3.47,N
42.19645,-123.59398,318.8,0.34,0.56,2025-01-15,1055,N20,nominal,2.0NRT,276.14,1.19,N
41.88792,-123.37674,325.77,0.35,0.57,2025-01-15,1055,N20,nominal,2.0NRT,276.35,2.42,N
41.88873,-123.37968,302.12,0.35,0.57,2025-01-15,1055,N20,nominal,2.0NRT,274.71,2.42,N
41.88265,-123.37794,352.53,0.35,0.57,2025-01-15,1055,N20,nominal,2.0NRT,276.67,2.42,N
41.88351,-123.38107,299.04,0.35,0.57,2025-01-15,1055,N20,nominal,2.0NRT,274.69,2.42,N
41.88626,-123.37678,324.86,0.35,0.57,2025-01-15,1055,N20,nominal,2.0NRT,276.15,2.37,N
41.88708,-123.37981,302.9,0.35,0.57,2025-01-15,1055,N20,nominal,2.0NRT,274.68,2.37,N
41.88097,-123.37786,352,0.35,0.57,2025-01-15,1055,N20,nominal,2.0NRT,277.02,2.37,N
41.88184,-123.3811,298.83,0.35,0.57,2025-01-15,1055,N20,nominal,2.0NRT,274.43,2.37,N
40.49538,-123.73314,299.13,0.37,0.58,2025-01-15,1055,N20,nominal,2.0NRT,284.11,0.67,N
39.86776,-122.02752,320.78,0.47,0.64,2025-01-15,1055,N20,nominal,2.0NRT,275.23,2.84,N
39.92468,-122.2672,297.99,0.45,0.63,2025-01-15,1055,N20,nominal,2.0NRT,278.38,1.17,N
19.41388,-155.28143,322.25,0.52,0.67,2025-01-15,1244,N20,nominal,2.0NRT,302.7,4.59,N
19.41513,-155.287,311.75,0.52,0.67,2025-01-15,1244,N20,nominal,2.0NRT,294.35,4.59,N
19.41271,-155.27628,310.09,0.53,0.67,2025-01-15,1244,N20,nominal,2.0NRT,297.3,6.29,N
19.409,-155.28796,321.63,0.52,0.67,2025-01-15,1244,N20,nominal,2.0NRT,301.02,4.59,N
19.41025,-155.29347,310.92,0.52,0.67,2025-01-15,1244,N20,nominal,2.0NRT,287.94,5.29,N
19.40782,-155.28275,314.63,0.52,0.67,2025-01-15,1244,N20,nominal,2.0NRT,298.48,4.59,N
19.40419,-155.29472,300.41,0.52,0.67,2025-01-15,1244,N20,nominal,2.0NRT,285.75,1.66,N
19.40296,-155.28932,304.87,0.52,0.67,2025-01-15,1244,N20,nominal,2.0NRT,291.19,2.67,N
33.12333,-79.55309,348.55,0.73,0.76,2025-01-15,1713,N20,nominal,2.0NRT,286.31,24.01,D
33.1255,-79.5457,356.84,0.73,0.76,2025-01-15,1713,N20,low,2.0NRT,278.24,24.01,D
33.12557,-79.54595,344.73,0.73,0.76,2025-01-15,1713,N20,nominal,2.0NRT,277,27.29,D
33.12336,-79.55331,349.2,0.73,0.76,2025-01-15,1713,N20,nominal,2.0NRT,285.38,38.04,D
34.64358,-77.51228,333.41,0.51,0.66,2025-01-15,1713,N20,nominal,2.0NRT,281.15,3.38,D
34.4425,-78.228,326.57,0.57,0.69,2025-01-15,1713,N20,nominal,2.0NRT,277.72,3.23,D
35.11718,-79.14596,330.27,0.61,0.71,2025-01-15,1713,N20,nominal,2.0NRT,277.08,4.46,D
35.1875,-79.11987,354.89,0.61,0.71,2025-01-15,1713,N20,nominal,2.0NRT,277.04,8.55,D
36.12857,-77.27277,343.65,0.46,0.63,2025-01-15,1713,N20,nominal,2.0NRT,280.6,5.63,D
39.93824,-76.81279,326.93,0.34,0.56,2025-01-15,1715,N20,nominal,2.0NRT,276.44,1.91,D
39.94091,-76.81383,326.03,0.34,0.56,2025-01-15,1715,N20,nominal,2.0NRT,270.98,1.43,D
18.24945,-70.40701,326.67,0.46,0.64,2025-01-15,1711,N20,low,2.0NRT,298.38,3.32,D
18.24854,-70.41127,339.7,0.46,0.64,2025-01-15,1711,N20,nominal,2.0NRT,300.32,3.32,D
18.25522,-70.40822,329.85,0.46,0.64,2025-01-15,1711,N20,nominal,2.0NRT,298.9,3.32,D
18.42653,-71.20957,338.95,0.52,0.67,2025-01-15,1711,N20,nominal,2.0NRT,298.57,3.99,D
18.42776,-71.21169,349.44,0.52,0.67,2025-01-15,1711,N20,nominal,2.0NRT,297.98,6.99,D
18.70041,-70.25058,336.1,0.44,0.63,2025-01-15,1711,N20,nominal,2.0NRT,294.08,6.32,D
18.69965,-70.25412,349.69,0.44,0.63,2025-01-15,1711,N20,nominal,2.0NRT,295.99,6.32,D
18.41512,-72.9836,334.96,0.67,0.74,2025-01-15,1711,N20,nominal,2.0NRT,296.06,5.71,D
18.86369,-71.14088,345.62,0.5,0.66,2025-01-15,1711,N20,nominal,2.0NRT,296.21,5.55,D
18.86253,-71.14617,327.75,0.5,0.66,2025-01-15,1711,N20,nominal,2.0NRT,296.86,5.55,D
19.12063,-70.03017,332.85,0.42,0.61,2025-01-15,1711,N20,nominal,2.0NRT,294.89,4.61,D
19.12008,-70.02882,345.82,0.42,0.61,2025-01-15,1711,N20,nominal,2.0NRT,295.07,4.28,D
18.32739,-71.19289,345.18,0.68,0.74,2025-01-15,1849,N20,nominal,2.0NRT,300.86,6.84,D
18.35654,-71.2544,336.39,0.68,0.74,2025-01-15,1849,N20,nominal,2.0NRT,297.85,9.64,D
18.35597,-71.26089,342.4,0.68,0.74,2025-01-15,1849,N20,nominal,2.0NRT,301.71,11.7,D
18.3576,-71.25678,351.68,0.68,0.74,2025-01-15,1849,N20,nominal,2.0NRT,298.06,15.05,D
18.28951,-73.42329,332.28,0.49,0.65,2025-01-15,1849,N20,nominal,2.0NRT,296.64,3.63,D
18.29217,-73.42455,331.49,0.49,0.65,2025-01-15,1849,N20,nominal,2.0NRT,295.72,2.81,D
18.08143,-77.84643,332.38,0.49,0.49,2025-01-15,1849,N20,nominal,2.0NRT,296.72,2.87,D
18.86155,-71.14238,336.19,0.7,0.75,2025-01-15,1849,N20,nominal,2.0NRT,296.34,4.85,D
18.86882,-72.0517,367,0.61,0.71,2025-01-15,1849,N20,high,2.0NRT,301.44,18.4,D
18.41209,-77.69167,339.77,0.51,0.49,2025-01-15,1849,N20,nominal,2.0NRT,296.92,4.34,D
19.16166,-72.52896,338.74,0.57,0.69,2025-01-15,1849,N20,nominal,2.0NRT,297.96,4.41,D
19.32996,-72.49155,336.92,0.58,0.7,2025-01-15,1849,N20,nominal,2.0NRT,298.83,2.81,D
19.33638,-72.49208,351.79,0.58,0.7,2025-01-15,1849,N20,nominal,2.0NRT,298.86,8.44,D
19.33586,-72.49815,353.98,0.58,0.69,2025-01-15,1849,N20,nominal,2.0NRT,300.64,8.44,D
17.85317,-88.24759,328.67,0.48,0.4,2025-01-15,1849,N20,nominal,2.0NRT,298.09,2.59,D
18.0846,-88.75426,344.02,0.51,0.41,2025-01-15,1849,N20,nominal,2.0NRT,301.57,20.32,D
20.01822,-77.61037,341.95,0.54,0.51,2025-01-15,1849,N20,nominal,2.0NRT,299.47,8.49,D
20.15654,-76.97605,337.2,0.6,0.53,2025-01-15,1849,N20,nominal,2.0NRT,297.64,3.56,D
20.15916,-76.9787,336.88,0.6,0.53,2025-01-15,1849,N20,nominal,2.0NRT,297.89,6.46,D
20.1836,-77.07339,337.01,0.59,0.53,2025-01-15,1849,N20,nominal,2.0NRT,297.57,5.59,D
20.18845,-77.07394,338.4,0.59,0.53,2025-01-15,1849,N20,nominal,2.0NRT,298.68,6.97,D
20.18784,-77.07959,329.68,0.59,0.53,2025-01-15,1849,N20,nominal,2.0NRT,297.78,4.36,D
20.19988,-77.14914,340.6,0.58,0.52,2025-01-15,1849,N20,nominal,2.0NRT,296.04,6.88,D
17.89344,-92.48699,344.27,0.57,0.52,2025-01-15,1849,N20,nominal,2.0NRT,292.83,10.18,D
17.89242,-92.49226,328.26,0.57,0.52,2025-01-15,1849,N20,nominal,2.0NRT,292.15,8.13,D
20.39705,-75.99841,343.03,0.35,0.57,2025-01-15,1849,N20,nominal,2.0NRT,297.76,3.66,D
17.89818,-93.18073,352.76,0.64,0.54,2025-01-15,1849,N20,nominal,2.0NRT,291.02,12.09,D
17.89893,-93.18252,341.99,0.64,0.54,2025-01-15,1849,N20,nominal,2.0NRT,291.25,9.9,D
20.38421,-76.91404,351.76,0.61,0.53,2025-01-15,1849,N20,nominal,2.0NRT,297.2,15.07,D
20.45336,-77.00985,334.27,0.6,0.53,2025-01-15,1849,N20,nominal,2.0NRT,295.51,16.67,D
20.45273,-77.01561,347.84,0.6,0.53,2025-01-15,1849,N20,nominal,2.0NRT,298.73,16.67,D
20.45104,-77.01257,352.3,0.6,0.53,2025-01-15,1849,N20,nominal,2.0NRT,297.22,19.62,D
20.45045,-77.01833,329.76,0.6,0.53,2025-01-15,1849,N20,nominal,2.0NRT,296.79,9.95,D
20.50656,-76.81148,339.35,0.62,0.54,2025-01-15,1849,N20,nominal,2.0NRT,298.61,6.06,D
19.02255,-88.37886,327.45,0.47,0.4,2025-01-15,1849,N20,nominal,2.0NRT,300.47,2.6,D
20.71239,-77.97763,351.35,0.52,0.5,2025-01-15,1851,N20,nominal,2.0NRT,301.27,11.06,D
20.76174,-77.61133,352.38,0.55,0.51,2025-01-15,1851,N20,nominal,2.0NRT,299.08,13,D
18.44072,-93.1629,331.62,0.62,0.54,2025-01-15,1851,N20,nominal,2.0NRT,292.28,5.07,D
19.18636,-89.13211,333.62,0.51,0.41,2025-01-15,1851,N20,nominal,2.0NRT,296.83,3.25,D
19.1901,-89.13285,344.14,0.51,0.41,2025-01-15,1851,N20,nominal,2.0NRT,301.69,8.33,D
19.18685,-89.13464,340.72,0.51,0.41,2025-01-15,1851,N20,nominal,2.0NRT,301.02,7.2,D
20.79073,-77.80833,335.92,0.54,0.51,2025-01-15,1851,N20,nominal,2.0NRT,298.2,4.65,D
19.19144,-89.13059,327.39,0.51,0.41,2025-01-15,1851,N20,nominal,2.0NRT,299.31,3.68,D
19.19058,-89.13538,337.71,0.51,0.41,2025-01-15,1851,N20,nominal,2.0NRT,299.89,5.92,D
18.43821,-93.16341,336.61,0.62,0.54,2025-01-15,1851,N20,nominal,2.0NRT,293.07,3.76,D
20.95022,-76.98355,349.55,0.61,0.53,2025-01-15,1851,N20,nominal,2.0NRT,298.68,12.65,D
20.92879,-77.82462,337.02,0.54,0.51,2025-01-15,1851,N20,nominal,2.0NRT,297.28,5.71,D
20.9259,-78.19175,331.6,0.51,0.49,2025-01-15,1851,N20,nominal,2.0NRT,297.46,9.87,D
20.92535,-78.19666,348.52,0.51,0.49,2025-01-15,1851,N20,nominal,2.0NRT,299.03,9.87,D
20.9248,-78.20157,338.83,0.51,0.49,2025-01-15,1851,N20,nominal,2.0NRT,299.24,5.95,D
21.07726,-78.34426,331.59,0.5,0.49,2025-01-15,1851,N20,nominal,2.0NRT,293.04,2.61,D
19.35865,-90.48569,340.91,0.4,0.44,2025-01-15,1851,N20,nominal,2.0NRT,299.85,3.75,D
19.42272,-90.64085,332.86,0.41,0.45,2025-01-15,1851,N20,nominal,2.0NRT,298.29,1.69,D
19.47284,-90.48125,331.94,0.4,0.44,2025-01-15,1851,N20,nominal,2.0NRT,301.06,4.03,D
19.47216,-90.48498,329.08,0.4,0.44,2025-01-15,1851,N20,nominal,2.0NRT,299.79,2.4,D
18.43507,-96.26352,328.04,0.49,0.65,2025-01-15,1851,N20,nominal,2.0NRT,289,8.74,D
18.43998,-96.26943,325.47,0.49,0.65,2025-01-15,1851,N20,nominal,2.0NRT,287.2,12.66,D
18.44095,-96.26491,356.44,0.49,0.65,2025-01-15,1851,N20,low,2.0NRT,288.95,8.74,D
18.22565,-97.18262,333.77,0.57,0.69,2025-01-15,1851,N20,nominal,2.0NRT,295.22,3.52,D
18.43777,-96.26858,350.32,0.49,0.65,2025-01-15,1851,N20,nominal,2.0NRT,289.98,18.14,D
18.43877,-96.26408,356.18,0.49,0.65,2025-01-15,1851,N20,low,2.0NRT,289.28,18.02,D
19.36572,-92.00768,336.54,0.5,0.49,2025-01-15,1851,N20,nominal,2.0NRT,292.63,3.47,D
19.39138,-92.04243,341.86,0.5,0.49,2025-01-15,1851,N20,nominal,2.0NRT,292.65,7.87,D
19.39582,-92.04339,340.02,0.5,0.49,2025-01-15,1851,N20,nominal,2.0NRT,293.77,7.87,D
18.52415,-96.36886,327.1,0.5,0.66,2025-01-15,1851,N20,nominal,2.0NRT,292.29,3.13,D
19.437,-92.03571,332.44,0.5,0.49,2025-01-15,1851,N20,nominal,2.0NRT,292.99,3.63,D
19.44561,-92.08642,341.54,0.5,0.49,2025-01-15,1851,N20,nominal,2.0NRT,294.57,19.03,D
20.05486,-89.19748,340.22,0.5,0.41,2025-01-15,1851,N20,nominal,2.0NRT,297.95,7.73,D
20.05343,-89.19493,333.61,0.5,0.41,2025-01-15,1851,N20,nominal,2.0NRT,298.91,6.73,D
20.05714,-89.19565,333.18,0.5,0.41,2025-01-15,1851,N20,nominal,2.0NRT,297.3,6.73,D
20.0563,-89.20034,327.85,0.5,0.41,2025-01-15,1851,N20,nominal,2.0NRT,297.3,8.53,D
20.06084,-89.19637,345.89,0.5,0.41,2025-01-15,1851,N20,nominal,2.0NRT,297.51,22.91,D
20.06,-89.20108,335.29,0.5,0.41,2025-01-15,1851,N20,nominal,2.0NRT,304.11,25.12,D
20.06454,-89.19711,345.47,0.5,0.41,2025-01-15,1851,N20,nominal,2.0NRT,296.73,22.91,D
20.06371,-89.20181,341.61,0.5,0.41,2025-01-15,1851,N20,nominal,2.0NRT,295.51,25.12,D
19.52097,-92.18896,342.74,0.51,0.49,2025-01-15,1851,N20,nominal,2.0NRT,292.31,7.1,D
19.60005,-92.29384,353.99,0.52,0.5,2025-01-15,1851,N20,nominal,2.0NRT,292.91,11.97,D
19.22911,-96.38625,326.65,0.48,0.65,2025-01-15,1851,N20,nominal,2.0NRT,290.79,2.39,D
18.72451,-99.16216,328.13,0.75,0.77,2025-01-15,1851,N20,nominal,2.0NRT,293.55,5.83,D
18.72343,-99.16277,331.6,0.75,0.77,2025-01-15,1851,N20,nominal,2.0NRT,293.73,7.17,D
19.5084,-96.40788,326.4,0.48,0.65,2025-01-15,1851,N20,nominal,2.0NRT,290.1,2.62,D
22.19145,-80.99351,331.59,0.54,0.42,2025-01-15,1851,N20,nominal,2.0NRT,296.01,3.77,D
19.15672,-98.26971,335.7,0.65,0.73,2025-01-15,1851,N20,nominal,2.0NRT,299.26,5.48,D
22.31172,-80.30472,330.83,0.39,0.44,2025-01-15,1851,N20,nominal,2.0NRT,292.71,2.67,D
19.17313,-98.31788,333.12,0.65,0.73,2025-01-15,1851,N20,nominal,2.0NRT,298.73,7.07,D
19.15495,-98.27116,328.17,0.65,0.73,2025-01-15,1851,N20,low,2.0NRT,299.57,4.72,D
19.17111,-98.3191,331.57,0.65,0.73,2025-01-15,1851,N20,nominal,2.0NRT,300.61,4.81,D
22.36486,-80.48459,330.09,0.39,0.44,2025-01-15,1851,N20,nominal,2.0NRT,293.11,1.62,D
19.2765,-98.33932,328.4,0.65,0.73,2025-01-15,1851,N20,nominal,2.0NRT,296.27,2.62,D
22.6337,-79.65711,338.91,0.43,0.46,2025-01-15,1851,N20,nominal,2.0NRT,292.49,4.33,D
22.63374,-79.65659,346.29,0.43,0.46,2025-01-15,1851,N20,nominal,2.0NRT,293.58,5.97,D
22.55996,-80.37709,339.55,0.39,0.44,2025-01-15,1851,N20,nominal,2.0NRT,296.42,3.67,D
22.5658,-80.39729,338.1,0.39,0.44,2025-01-15,1851,N20,nominal,2.0NRT,297.97,3.09,D
22.56983,-80.39785,333.35,0.39,0.44,2025-01-15,1851,N20,nominal,2.0NRT,295.71,3.09,D
22.71835,-80.92445,330.14,0.55,0.43,2025-01-15,1851,N20,nominal,2.0NRT,297.08,6.37,D
22.89477,-80.85201,345.49,0.56,0.43,2025-01-15,1851,N20,nominal,2.0NRT,297.84,14.13,D
19.66155,-99.32462,367,0.74,0.76,2025-01-15,1851,N20,high,2.0NRT,297.1,21.7,D
19.61538,-99.76282,327.92,0.79,0.78,2025-01-15,1851,N20,nominal,2.0NRT,296.39,2.97,D
19.6622,-99.32401,367,0.74,0.76,2025-01-15,1851,N20,high,2.0NRT,296.76,25.81,D
22.72285,-83.65141,329.09,0.42,0.37,2025-01-15,1851,N20,nominal,2.0NRT,294.74,2.02,D
19.81014,-99.2177,335.08,0.72,0.76,2025-01-15,1851,N20,nominal,2.0NRT,295.7,5.96,D
19.81084,-99.21923,335.64,0.72,0.76,2025-01-15,1851,N20,nominal,2.0NRT,295.54,6.34,D
20.04619,-99.28851,331.45,0.72,0.75,2025-01-15,1851,N20,nominal,2.0NRT,293.35,5.79,D
19.95003,-99.69291,334.89,0.77,0.77,2025-01-15,1851,N20,nominal,2.0NRT,296.14,6.03,D
20.04695,-99.28991,329.21,0.72,0.75,2025-01-15,1851,N20,nominal,2.0NRT,293.49,5.58,D
19.94839,-99.69315,333.66,0.77,0.77,2025-01-15,1851,N20,nominal,2.0NRT,295.51,8.16,D
21.51222,-98.4045,326.46,0.58,0.7,2025-01-15,1851,N20,nominal,2.0NRT,289.04,4.52,D
26.00651,-81.0915,331.71,0.39,0.44,2025-01-15,1851,N20,nominal,2.0NRT,290.76,3.69,D
26.01055,-81.09206,337.81,0.39,0.44,2025-01-15,1851,N20,nominal,2.0NRT,292.19,3.69,D
26.00737,-81.09106,339.44,0.39,0.44,2025-01-15,1851,N20,nominal,2.0NRT,292.56,4.26,D
26.01141,-81.09163,342.43,0.39,0.44,2025-01-15,1851,N20,nominal,2.0NRT,292.75,4.26,D
26.0159,-81.08824,335.98,0.39,0.44,2025-01-15,1851,N20,nominal,2.0NRT,292.21,3.4,D
26.02662,-81.06568,325.58,0.4,0.44,2025-01-15,1851,N20,nominal,2.0NRT,290.34,1.79,D
26.33979,-81.03496,327.2,0.4,0.44,2025-01-15,1851,N20,nominal,2.0NRT,286.55,1.59,D
23.59635,-98.2873,339.83,0.51,0.66,2025-01-15,1851,N20,nominal,2.0NRT,288.49,6.65,D
26.9846,-81.17516,345.12,0.4,0.44,2025-01-15,1851,N20,nominal,2.0NRT,278.24,3.73,D
26.99408,-81.16415,347.18,0.4,0.44,2025-01-15,1851,N20,nominal,2.0NRT,283.31,8.73,D
26.99364,-81.16819,337.4,0.4,0.44,2025-01-15,1851,N20,nominal,2.0NRT,282.6,8.73,D
26.9986,-81.16068,332.23,0.4,0.44,2025-01-15,1851,N20,nominal,2.0NRT,275.63,2.08,D
27.00903,-81.1785,335.81,0.4,0.44,2025-01-15,1851,N20,nominal,2.0NRT,284.28,3.92,D
27.20654,-80.46764,348.67,0.44,0.46,2025-01-15,1851,N20,nominal,2.0NRT,301.09,53,D
29.20401,-82.99808,348.69,0.51,0.41,2025-01-15,1853,N20,nominal,2.0NRT,280.78,9.9,D
29.20338,-83.0033,327.24,0.51,0.41,2025-01-15,1853,N20,nominal,2.0NRT,278.51,3.16,D
29.20778,-82.99865,325.95,0.51,0.41,2025-01-15,1853,N20,nominal,2.0NRT,278.94,4.75,D
30.63929,-84.44817,331.12,0.45,0.39,2025-01-15,1853,N20,nominal,2.0NRT,279.43,8.24,D
30.52817,-86.09922,328.47,0.4,0.37,2025-01-15,1853,N20,nominal,2.0NRT,288.65,3.3,D
29.99983,-90.40553,340.18,0.43,0.38,2025-01-15,1853,N20,nominal,2.0NRT,295.22,13.6,D
29.99868,-90.40411,341.84,0.43,0.38,2025-01-15,1853,N20,nominal,2.0NRT,296.19,14.5,D
30.51015,-88.21375,335.05,0.38,0.36,2025-01-15,1853,N20,nominal,2.0NRT,292.37,10.11,D
30.51343,-88.21443,336.34,0.38,0.36,2025-01-15,1853,N20,nominal,2.0NRT,286.22,10.11,D
31.36605,-81.74287,341.09,0.42,0.45,2025-01-15,1853,N20,nominal,2.0NRT,281.68,6.22,D
31.17699,-84.43559,334.16,0.46,0.39,2025-01-15,1853,N20,nominal,2.0NRT,286.17,4.78,D
31.15768,-84.64683,334.62,0.45,0.39,2025-01-15,1853,N20,nominal,2.0NRT,285.27,3,D
31.5238,-81.58183,330.71,0.43,0.46,2025-01-15,1853,N20,nominal,2.0NRT,278.45,4.62,D
31.50873,-81.72552,332.68,0.42,0.45,2025-01-15,1853,N20,nominal,2.0NRT,274.66,4.35,D
31.52801,-81.58239,335.49,0.43,0.46,2025-01-15,1853,N20,nominal,2.0NRT,276.84,4.62,D
31.40458,-82.85614,339,0.55,0.43,2025-01-15,1853,N20,nominal,2.0NRT,289.96,7.95,D
31.40471,-82.85772,341.4,0.55,0.43,2025-01-15,1853,N20,nominal,2.0NRT,290.64,6.48,D
31.31951,-83.65112,326.48,0.5,0.41,2025-01-15,1853,N20,nominal,2.0NRT,288.82,2.63,D
31.31513,-83.94563,338.39,0.49,0.4,2025-01-15,1853,N20,nominal,2.0NRT,288.33,5.27,D
31.34576,-84.09467,343.51,0.48,0.4,2025-01-15,1853,N20,nominal,2.0NRT,284.43,8.31,D
31.34514,-84.09969,347.82,0.48,0.4,2025-01-15,1853,N20,nominal,2.0NRT,288.38,6.48,D
31.3488,-84.10027,325.2,0.48,0.4,2025-01-15,1853,N20,nominal,2.0NRT,285.44,6.48,D
31.54693,-82.44144,338.37,0.39,0.44,2025-01-15,1853,N20,nominal,2.0NRT,287.71,9.61,D
31.54648,-82.44547,325.3,0.39,0.44,2025-01-15,1853,N20,nominal,2.0NRT,293.68,9.54,D
31.54829,-82.44232,338.12,0.39,0.44,2025-01-15,1853,N20,nominal,2.0NRT,287.99,5.03,D
31.51464,-83.18913,337.11,0.53,0.42,2025-01-15,1853,N20,nominal,2.0NRT,286.46,7.99,D
31.50588,-83.33401,346.9,0.52,0.42,2025-01-15,1853,N20,nominal,2.0NRT,283.15,15.65,D
31.50969,-83.33462,348.97,0.52,0.42,2025-01-15,1853,N20,nominal,2.0NRT,285.58,15.65,D
31.58742,-83.39304,336.53,0.52,0.41,2025-01-15,1853,N20,nominal,2.0NRT,282.5,4.08,D
31.80463,-82.15619,334.87,0.4,0.44,2025-01-15,1853,N20,nominal,2.0NRT,289.78,10.36,D
31.66007,-83.49532,331.18,0.51,0.41,2025-01-15,1853,N20,nominal,2.0NRT,273.75,3.38,D
31.48199,-85.79407,343.17,0.42,0.37,2025-01-15,1853,N20,nominal,2.0NRT,286.44,5.87,D
31.66074,-84.50102,329.21,0.46,0.39,2025-01-15,1853,N20,nominal,2.0NRT,289.27,3.18,D
31.48955,-85.9729,338.03,0.41,0.37,2025-01-15,1853,N20,nominal,2.0NRT,276.52,11.35,D
31.88189,-84.30185,336.96,0.47,0.4,2025-01-15,1853,N20,nominal,2.0NRT,289.44,5.89,D
32.03427,-83.24477,326.61,0.53,0.42,2025-01-15,1853,N20,nominal,2.0NRT,285.56,2.73,D
32.03364,-83.2504,326.01,0.53,0.42,2025-01-15,1853,N20,nominal,2.0NRT,285.91,3.24,D
32.06252,-83.20292,331.2,0.54,0.42,2025-01-15,1853,N20,nominal,2.0NRT,288.9,20.23,D
32.0357,-83.73679,334.3,0.5,0.41,2025-01-15,1853,N20,nominal,2.0NRT,287.92,23.32,D
32.03507,-83.74212,328.56,0.5,0.41,2025-01-15,1853,N20,nominal,2.0NRT,287.66,51.76,D
32.03946,-83.73739,349.33,0.5,0.41,2025-01-15,1853,N20,nominal,2.0NRT,289.63,23.32,D
32.04385,-83.73265,339.67,0.51,0.41,2025-01-15,1853,N20,nominal,2.0NRT,286.76,13.54,D
32.04321,-83.73798,352.94,0.5,0.41,2025-01-15,1853,N20,nominal,2.0NRT,292.06,13.54,D
32.04396,-83.73523,348.45,0.51,0.41,2025-01-15,1853,N20,nominal,2.0NRT,291.89,18.62,D
32.04335,-83.74057,330.24,0.51,0.41,2025-01-15,1853,N20,nominal,2.0NRT,286.95,7.18,D
31.84161,-85.47003,339.93,0.43,0.38,2025-01-15,1853,N20,nominal,2.0NRT,282.94,4.65,D
32.34166,-82.18399,341.53,0.41,0.45,2025-01-15,1853,N20,nominal,2.0NRT,283.88,6.36,D
32.31742,-82.8419,343.18,0.56,0.43,2025-01-15,1853,N20,nominal,2.0NRT,287.41,6.78,D
32.32137,-82.84248,351.43,0.56,0.43,2025-01-15,1853,N20,nominal,2.0NRT,291.32,35.28,D
32.32533,-82.84306,346.37,0.56,0.43,2025-01-15,1853,N20,nominal,2.0NRT,295.04,35.28,D
32.4206,-81.98544,339.52,0.42,0.45,2025-01-15,1853,N20,nominal,2.0NRT,278.59,11.11,D
32.32928,-82.84365,343.18,0.56,0.43,2025-01-15,1853,N20,nominal,2.0NRT,293,21.24,D
32.33323,-82.84425,336.76,0.56,0.43,2025-01-15,1853,N20,nominal,2.0NRT,286.63,21.24,D
32.48295,-82.05177,353.88,0.42,0.45,2025-01-15,1853,N20,nominal,2.0NRT,283.2,7.47,D
32.26796,-84.27576,336.54,0.48,0.4,2025-01-15,1853,N20,nominal,2.0NRT,275.92,5.95,D
32.27164,-84.27633,329.56,0.48,0.4,2025-01-15,1853,N20,nominal,2.0NRT,273.68,2.88,D
32.03633,-86.52855,325.65,0.4,0.37,2025-01-15,1853,N20,nominal,2.0NRT,284.02,1.92,D
32.0397,-86.5292,340.84,0.4,0.37,2025-01-15,1853,N20,nominal,2.0NRT,286.77,3.38,D
32.03912,-86.53343,331.69,0.4,0.37,2025-01-15,1853,N20,nominal,2.0NRT,285.91,3.38,D
32.03853,-86.53767,333.91,0.4,0.37,2025-01-15,1853,N20,nominal,2.0NRT,286.1,3.72,D
32.38389,-83.98526,332.1,0.5,0.41,2025-01-15,1853,N20,nominal,2.0NRT,277.24,6.52,D
32.72939,-80.68446,325.3,0.5,0.49,2025-01-15,1853,N20,nominal,2.0NRT,276.48,3.28,D
32.7322,-81.31741,325.19,0.46,0.47,2025-01-15,1853,N20,nominal,2.0NRT,284.12,2.06,D
32.66719,-82.03954,331.88,0.42,0.45,2025-01-15,1853,N20,nominal,2.0NRT,282.19,1.56,D
32.7335,-81.31697,332.09,0.46,0.47,2025-01-15,1853,N20,nominal,2.0NRT,284.13,2.91,D
32.66876,-82.03989,345.88,0.42,0.45,2025-01-15,1853,N20,nominal,2.0NRT,284.71,6.39,D
32.66831,-82.0444,339.44,0.42,0.45,2025-01-15,1853,N20,nominal,2.0NRT,285.66,15.43,D
32.67292,-82.04047,343.25,0.42,0.45,2025-01-15,1853,N20,nominal,2.0NRT,283.36,6.39,D
32.67247,-82.04496,352.43,0.42,0.45,2025-01-15,1853,N20,nominal,2.0NRT,291.63,15.43,D
32.63422,-82.50579,347.08,0.39,0.44,2025-01-15,1853,N20,nominal,2.0NRT,285.02,11.04,D
32.63826,-82.50637,341.67,0.39,0.44,2025-01-15,1853,N20,nominal,2.0NRT,281.58,10.27,D
32.28971,-85.67828,335,0.43,0.38,2025-01-15,1853,N20,nominal,2.0NRT,288.18,5.93,D
32.69709,-82.37706,329.84,0.4,0.44,2025-01-15,1853,N20,nominal,2.0NRT,270.66,2.35,D
32.70116,-82.37766,345.47,0.4,0.44,2025-01-15,1853,N20,nominal,2.0NRT,272.16,5.77,D
32.71833,-82.48789,352.07,0.4,0.44,2025-01-15,1853,N20,nominal,2.0NRT,278.33,16.64,D
32.72239,-82.48847,342.85,0.4,0.44,2025-01-15,1853,N20,nominal,2.0NRT,273.17,6.18,D
32.67515,-82.95571,344.5,0.56,0.43,2025-01-15,1853,N20,nominal,2.0NRT,271.83,13.08,D
32.72236,-82.49156,340.11,0.4,0.44,2025-01-15,1853,N20,nominal,2.0NRT,270.48,3.73,D
32.67417,-82.95692,330.62,0.56,0.43,2025-01-15,1853,N20,nominal,2.0NRT,271.74,4.6,D
32.67812,-82.9575,330.19,0.56,0.43,2025-01-15,1853,N20,nominal,2.0NRT,270.2,4.6,D
32.27169,-86.36601,326.8,0.41,0.37,2025-01-15,1853,N20,nominal,2.0NRT,288.68,2.15,D
32.42724,-85.88455,328.29,0.42,0.38,2025-01-15,1853,N20,nominal,2.0NRT,288.39,2.58,D
32.57245,-84.92495,327.97,0.45,0.39,2025-01-15,1853,N20,nominal,2.0NRT,280.45,0.95,D
32.71841,-84.27145,329.09,0.49,0.4,2025-01-15,1853,N20,nominal,2.0NRT,283.86,2.52,D
32.7221,-84.27205,325.78,0.49,0.4,2025-01-15,1853,N20,nominal,2.0NRT,283.74,2.52,D
33.06046,-81.1929,339.15,0.47,0.48,2025-01-15,1853,N20,nominal,2.0NRT,276.34,3.73,D
33.06047,-81.19511,341.09,0.47,0.48,2025-01-15,1853,N20,nominal,2.0NRT,276.23,4.93,D
33.05508,-81.85211,342.48,0.43,0.46,2025-01-15,1853,N20,nominal,2.0NRT,271.79,7.67,D
30.61008,-96.98973,332.71,0.6,0.53,2025-01-15,1853,N20,nominal,2.0NRT,285.61,3.2,D
33.03567,-82.65127,350.95,0.39,0.44,2025-01-15,1853,N20,nominal,2.0NRT,287.6,18.64,D
33.0397,-82.65186,356.11,0.39,0.44,2025-01-15,1853,N20,low,2.0NRT,279.57,18.64,D
33.14697,-81.87406,346.98,0.43,0.46,2025-01-15,1853,N20,nominal,2.0NRT,276.33,7.43,D
32.79951,-85.9435,341.93,0.42,0.38,2025-01-15,1853,N20,nominal,2.0NRT,285.64,3.93,D
32.80296,-85.94414,341.88,0.42,0.38,2025-01-15,1853,N20,nominal,2.0NRT,288.67,14.36,D
33.28016,-82.39292,355.58,0.41,0.45,2025-01-15,1853,N20,nominal,2.0NRT,276.33,12.35,D
33.27973,-82.39729,337.15,0.41,0.45,2025-01-15,1853,N20,nominal,2.0NRT,273.62,12.35,D
33.28426,-82.39358,331.37,0.41,0.45,2025-01-15,1853,N20,nominal,2.0NRT,271.55,8.05,D
33.28836,-82.39423,342.8,0.41,0.45,2025-01-15,1853,N20,nominal,2.0NRT,274.87,8.05,D
30.68983,-97.96167,367,0.34,0.56,2025-01-15,1853,N20,high,2.0NRT,293.68,8.64,D
30.68901,-97.96513,343.48,0.34,0.56,2025-01-15,1853,N20,nominal,2.0NRT,292.69,5.53,D
31.07175,-96.38543,330.02,0.54,0.51,2025-01-15,1853,N20,nominal,2.0NRT,283.5,3.09,D
30.74239,-97.82925,326.4,0.33,0.55,2025-01-15,1853,N20,nominal,2.0NRT,289.76,1.72,D
31.03338,-96.62372,329.08,0.56,0.51,2025-01-15,1853,N20,nominal,2.0NRT,280.62,4.03,D
33.37008,-82.24869,325.48,0.41,0.45,2025-01-15,1853,N20,nominal,2.0NRT,266.68,3.06,D
31.08304,-96.87345,327.06,0.57,0.52,2025-01-15,1853,N20,nominal,2.0NRT,284.31,2.89,D
31.34986,-96.16827,329.12,0.52,0.5,2025-01-15,1853,N20,nominal,2.0NRT,289.53,3.38,D
31.4507,-95.74599,328.05,0.49,0.48,2025-01-15,1853,N20,nominal,2.0NRT,289.06,4.92,D
31.44963,-95.75097,325.64,0.49,0.48,2025-01-15,1853,N20,nominal,2.0NRT,289.06,2.54,D
33.55278,-82.55331,341.61,0.4,0.44,2025-01-15,1853,N20,nominal,2.0NRT,268.37,5.56,D
33.07607,-86.74988,328.55,0.4,0.37,2025-01-15,1853,N20,nominal,2.0NRT,287.24,2.89,D
33.08925,-86.8052,328.93,0.4,0.37,2025-01-15,1853,N20,nominal,2.0NRT,291.06,2.68,D
33.61946,-82.54501,336.02,0.4,0.44,2025-01-15,1853,N20,nominal,2.0NRT,267.32,4.37,D
33.62354,-82.54559,353.46,0.4,0.44,2025-01-15,1853,N20,nominal,2.0NRT,275.77,12.3,D
33.6231,-82.54995,330.65,0.4,0.44,2025-01-15,1853,N20,nominal,2.0NRT,267.08,12.3,D
33.62719,-82.5505,342.51,0.4,0.44,2025-01-15,1853,N20,nominal,2.0NRT,269,12.3,D
33.62674,-82.55486,329.13,0.4,0.44,2025-01-15,1853,N20,nominal,2.0NRT,267.97,7.18,D
31.33539,-96.73308,330.77,0.56,0.51,2025-01-15,1853,N20,nominal,2.0NRT,289.07,2.8,D
33.64988,-82.68973,349.47,0.4,0.44,2025-01-15,1853,N20,nominal,2.0NRT,266.08,6.38,D
33.10528,-87.13557,327.71,0.4,0.37,2025-01-15,1853,N20,nominal,2.0NRT,288.81,1.9,D
33.27312,-86.1348,339.05,0.42,0.38,2025-01-15,1853,N20,nominal,2.0NRT,284.51,5.94,D
33.27655,-86.13548,334.44,0.42,0.38,2025-01-15,1853,N20,nominal,2.0NRT,283.75,4.06,D
33.27596,-86.13995,335.27,0.42,0.38,2025-01-15,1853,N20,nominal,2.0NRT,287.42,4.06,D
31.76177,-95.1093,329.52,0.44,0.46,2025-01-15,1853,N20,nominal,2.0NRT,289.23,2.3,D
33.96682,-79.8369,356.32,0.58,0.52,2025-01-15,1853,N20,nominal,2.0NRT,276.39,15.35,D
32.05803,-94.07551,337.61,0.38,0.44,2025-01-15,1853,N20,nominal,2.0NRT,289.21,3.37,D
32.05695,-94.07424,337.52,0.38,0.43,2025-01-15,1853,N20,nominal,2.0NRT,288.2,2.27,D
32.40407,-92.37553,328.35,0.47,0.4,2025-01-15,1853,N20,nominal,2.0NRT,285.83,4.32,D
32.28543,-93.10221,331.34,0.51,0.41,2025-01-15,1853,N20,nominal,2.0NRT,284.45,3.49,D
33.22802,-87.51138,331.3,0.39,0.36,2025-01-15,1853,N20,nominal,2.0NRT,289.51,2.4,D
33.23525,-87.50855,334.18,0.39,0.36,2025-01-15,1853,N20,nominal,2.0NRT,288.52,4.37,D
33.87446,-82.6325,339.58,0.4,0.44,2025-01-15,1853,N20,nominal,2.0NRT,278.35,12.97,D
33.874,-82.63689,326.33,0.4,0.44,2025-01-15,1853,N20,nominal,2.0NRT,283.95,12.97,D
33.62317,-84.90543,326.15,0.47,0.39,2025-01-15,1853,N20,nominal,2.0NRT,284.25,2.54,D
31.87213,-95.58378,338.97,0.47,0.47,2025-01-15,1853,N20,nominal,2.0NRT,288.95,3.39,D
34.13726,-80.35703,326.34,0.54,0.51,2025-01-15,1853,N20,nominal,2.0NRT,275.94,7.64,D
31.74696,-96.26299,344.33,0.51,0.5,2025-01-15,1853,N20,nominal,2.0NRT,288.29,8.55,D
31.74581,-96.2682,341.92,0.51,0.5,2025-01-15,1853,N20,nominal,2.0NRT,291.33,8.55,D
32.27859,-93.78233,328.52,0.55,0.43,2025-01-15,1853,N20,nominal,2.0NRT,288.71,2.89,D
32.64453,-91.88488,335.63,0.45,0.39,2025-01-15,1853,N20,nominal,2.0NRT,288.53,4.42,D
31.78169,-96.36378,340.96,0.52,0.5,2025-01-15,1855,N20,nominal,2.0NRT,290.14,5.68,D
33.58042,-86.0869,329.43,0.42,0.38,2025-01-15,1855,N20,nominal,2.0NRT,286.59,3.9,D
34.40427,-77.82159,336.64,0.38,0.59,2025-01-15,1855,N20,nominal,2.0NRT,281.32,3.09,D
34.16503,-81.06689,329.07,0.49,0.49,2025-01-15,1855,N20,nominal,2.0NRT,283.37,10.69,D
34.1695,-81.06754,353.25,0.49,0.49,2025-01-15,1855,N20,nominal,2.0NRT,286.63,10.69,D
33.32832,-88.42654,331.2,0.38,0.36,2025-01-15,1855,N20,nominal,2.0NRT,289.43,2.9,D
34.443,-78.23079,326.85,0.36,0.57,2025-01-15,1855,N20,nominal,2.0NRT,272.84,1.46,D
33.24105,-89.30356,334.96,0.39,0.36,2025-01-15,1855,N20,nominal,2.0NRT,291.36,5.56,D
33.2404,-89.30766,341.91,0.39,0.36,2025-01-15,1855,N20,nominal,2.0NRT,294.86,10.44,D
33.23975,-89.31176,329.74,0.39,0.36,2025-01-15,1855,N20,nominal,2.0NRT,286.22,10.44,D
33.24434,-89.30428,327.34,0.39,0.36,2025-01-15,1855,N20,nominal,2.0NRT,285.96,5.56,D
33.24369,-89.30839,344.64,0.39,0.36,2025-01-15,1855,N20,nominal,2.0NRT,286.4,10.44,D
34.04833,-83.3419,339.22,0.56,0.43,2025-01-15,1855,N20,nominal,2.0NRT,279.38,4.99,D
34.21437,-82.07109,354.27,0.43,0.46,2025-01-15,1855,N20,nominal,2.0NRT,295.65,22.88,D
34.07726,-83.4438,328.15,0.55,0.43,2025-01-15,1855,N20,nominal,2.0NRT,284.09,3.7,D
33.43936,-88.56875,331.16,0.38,0.36,2025-01-15,1855,N20,nominal,2.0NRT,290.58,1.78,D
32.3418,-94.79349,341.13,0.41,0.45,2025-01-15,1855,N20,nominal,2.0NRT,288.37,5.8,D
34.31434,-81.87334,343.86,0.45,0.47,2025-01-15,1855,N20,nominal,2.0NRT,287.31,10.16,D
34.31388,-81.87825,353.9,0.45,0.47,2025-01-15,1855,N20,nominal,2.0NRT,293.91,18.37,D
34.3025,-84.41421,327.29,0.5,0.41,2025-01-15,1855,N20,nominal,2.0NRT,280.76,3.95,D
34.74303,-80.26708,342.75,0.55,0.51,2025-01-15,1855,N20,nominal,2.0NRT,282.88,6.99,D
34.74398,-80.26923,338.55,0.55,0.51,2025-01-15,1855,N20,nominal,2.0NRT,283.32,7.02,D
34.62258,-83.09374,327.61,0.39,0.44,2025-01-15,1855,N20,nominal,2.0NRT,280.16,1.74,D
32.47358,-96.71127,327.33,0.52,0.5,2025-01-15,1855,N20,nominal,2.0NRT,289.81,2.59,D
33.91364,-89.13976,326.38,0.38,0.36,2025-01-15,1855,N20,nominal,2.0NRT,287.79,1.31,D
31.93582,-99.35597,355.24,0.38,0.59,2025-01-15,1855,N20,nominal,2.0NRT,275.73,16.82,D
31.93391,-99.36373,342.98,0.38,0.59,2025-01-15,1855,N20,nominal,2.0NRT,276.85,8.31,D
35.10463,-79.13486,356,0.32,0.55,2025-01-15,1855,N20,low,2.0NRT,282.45,9.33,D
31.93676,-99.35215,355.99,0.38,0.59,2025-01-15,1855,N20,low,2.0NRT,274.66,14.93,D
31.93487,-99.35984,355.99,0.38,0.59,2025-01-15,1855,N20,low,2.0NRT,276.68,16.82,D
35.11021,-79.12831,351.8,0.33,0.55,2025-01-15,1855,N20,nominal,2.0NRT,279.15,6.52,D
35.10945,-79.139,345.04,0.32,0.55,2025-01-15,1855,N20,nominal,2.0NRT,280.2,11.33,D
35.1092,-79.14251,352.57,0.32,0.55,2025-01-15,1855,N20,nominal,2.0NRT,281.3,8.45,D
31.94197,-99.35395,330.02,0.38,0.59,2025-01-15,1855,N20,nominal,2.0NRT,270.06,6.58,D
31.94008,-99.36163,338.59,0.38,0.59,2025-01-15,1855,N20,nominal,2.0NRT,273.79,8,D
35.10996,-79.13187,356.26,0.32,0.55,2025-01-15,1855,N20,low,2.0NRT,281.26,6.52,D
31.94103,-99.35777,356.29,0.38,0.59,2025-01-15,1855,N20,low,2.0NRT,274.52,8,D
34.08586,-88.74709,332.41,0.38,0.36,2025-01-15,1855,N20,nominal,2.0NRT,284.6,2.24,D
32.49088,-98.00999,334.22,0.62,0.54,2025-01-15,1855,N20,nominal,2.0NRT,287.13,6.42,D
33.16867,-95.15784,335.54,0.42,0.45,2025-01-15,1855,N20,nominal,2.0NRT,289.68,4.2,D
33.00552,-96.04451,332.19,0.47,0.48,2025-01-15,1855,N20,nominal,2.0NRT,289.29,2.21,D
33.4229,-94.32259,345.72,0.56,0.43,2025-01-15,1855,N20,nominal,2.0NRT,289.07,8.89,D
34.63785,-87.08438,331.27,0.4,0.37,2025-01-15,1855,N20,nominal,2.0NRT,287.73,2.6,D
34.36212,-89.12547,329.68,0.38,0.36,2025-01-15,1855,N20,nominal,2.0NRT,286.05,2.76,D
35.00171,-84.88135,327.75,0.48,0.4,2025-01-15,1855,N20,nominal,2.0NRT,281.03,3.07,D
33.18318,-96.39091,339.95,0.49,0.48,2025-01-15,1855,N20,nominal,2.0NRT,288.37,5.32,D
31.99232,-101.82223,343.81,0.53,0.67,2025-01-15,1855,N20,nominal,2.0NRT,288.55,7.27,D
33.51818,-95.54511,329.31,0.43,0.46,2025-01-15,1855,N20,nominal,2.0NRT,286.14,2.53,D
33.5149,-95.54676,328.35,0.43,0.46,2025-01-15,1855,N20,nominal,2.0NRT,287.66,2.88,D
31.99302,-101.82372,348.35,0.53,0.67,2025-01-15,1855,N20,nominal,2.0NRT,289.42,5.27,D
34.7945,-88.85425,328.46,0.38,0.36,2025-01-15,1855,N20,nominal,2.0NRT,283.58,2.73,D
32.50173,-100.3622,329.39,0.42,0.61,2025-01-15,1855,N20,nominal,2.0NRT,289.57,3.4,D
32.50063,-100.36655,333.69,0.42,0.61,2025-01-15,1855,N20,nominal,2.0NRT,291.96,3.4,D
32.49956,-100.36504,348.21,0.42,0.61,2025-01-15,1855,N20,nominal,2.0NRT,291.5,5,D
32.20943,-101.84138,367,0.52,0.67,2025-01-15,1855,N20,high,2.0NRT,292.49,8.13,D
35.68976,-82.51533,346.7,0.43,0.46,2025-01-15,1855,N20,nominal,2.0NRT,283.11,19.05,D
35.69397,-82.51582,354.77,0.43,0.46,2025-01-15,1855,N20,nominal,2.0NRT,283.26,15.37,D
32.20987,-101.8456,347.11,0.52,0.67,2025-01-15,1855,N20,nominal,2.0NRT,292.09,5.12,D
32.21577,-101.84769,337.43,0.52,0.67,2025-01-15,1855,N20,nominal,2.0NRT,291.76,5.12,D
32.45716,-101.47022,329.45,0.49,0.65,2025-01-15,1855,N20,nominal,2.0NRT,293.04,2.19,D
35.14663,-88.21453,328.05,0.39,0.36,2025-01-15,1855,N20,nominal,2.0NRT,284.65,2.74,D
32.4351,-101.70935,335.06,0.51,0.66,2025-01-15,1855,N20,nominal,2.0NRT,293.77,5.33,D
32.43373,-101.71449,349,0.51,0.66,2025-01-15,1855,N20,nominal,2.0NRT,294.62,5.33,D
32.71459,-100.69308,337.2,0.44,0.62,2025-01-15,1855,N20,nominal,2.0NRT,288.75,3.8,D
35.98643,-83.61848,327.46,0.57,0.43,2025-01-15,1855,N20,nominal,2.0NRT,279.26,2.28,D
36.08984,-82.88515,337.4,0.41,0.45,2025-01-15,1855,N20,nominal,2.0NRT,281.3,4.96,D
35.7006,-86.36639,327.12,0.43,0.38,2025-01-15,1855,N20,nominal,2.0NRT,280.83,2.51,D
34.14964,-95.64923,355.36,0.42,0.45,2025-01-15,1855,N20,nominal,2.0NRT,287.54,13.49,D
34.21602,-95.71506,325.06,0.43,0.46,2025-01-15,1855,N20,nominal,2.0NRT,285.38,1.81,D
35.91929,-86.5823,327.16,0.43,0.38,2025-01-15,1855,N20,nominal,2.0NRT,279.2,5.27,D
33.17576,-100.76116,328.98,0.43,0.62,2025-01-15,1855,N20,nominal,2.0NRT,287.34,3.04,D
33.18233,-100.75883,352.55,0.43,0.62,2025-01-15,1855,N20,nominal,2.0NRT,286.48,19.28,D
33.18119,-100.76319,350.93,0.43,0.62,2025-01-15,1855,N20,nominal,2.0NRT,294.13,19.28,D
33.18005,-100.76752,355.61,0.43,0.62,2025-01-15,1855,N20,nominal,2.0NRT,289.36,17.92,D
34.93872,-92.94061,327.86,0.46,0.39,2025-01-15,1855,N20,nominal,2.0NRT,273.3,3.45,D
36.62469,-81.09525,336.59,0.52,0.5,2025-01-15,1855,N20,nominal,2.0NRT,276.29,5.47,D
33.86506,-98.78535,344.41,0.32,0.54,2025-01-15,1855,N20,nominal,2.0NRT,290.67,8.2,D
33.86584,-98.78204,356.38,0.32,0.54,2025-01-15,1855,N20,low,2.0NRT,288.58,10.32,D
35.64678,-89.93371,333.19,0.39,0.36,2025-01-15,1855,N20,nominal,2.0NRT,284.16,4.95,D
35.30937,-92.57738,326.36,0.44,0.39,2025-01-15,1855,N20,nominal,2.0NRT,279.98,3.01,D
35.30918,-92.58027,327.21,0.44,0.38,2025-01-15,1855,N20,nominal,2.0NRT,280.36,3.02,D
35.94408,-88.76121,327.69,0.39,0.36,2025-01-15,1855,N20,nominal,2.0NRT,280.92,3.76,D
34.45925,-97.53396,332.09,0.53,0.5,2025-01-15,1855,N20,nominal,2.0NRT,287.45,5.36,D
36.6146,-86.7744,327.44,0.43,0.38,2025-01-15,1855,N20,nominal,2.0NRT,280.56,2.09,D
34.88442,-98.03269,325.84,0.55,0.51,2025-01-15,1855,N20,nominal,2.0NRT,288.23,2.35,D
36.78154,-87.70409,327.86,0.4,0.37,2025-01-15,1855,N20,nominal,2.0NRT,278.73,3.89,D
35.99812,-92.87563,331.78,0.44,0.39,2025-01-15,1855,N20,nominal,2.0NRT,281.03,2.44,D
35.94959,-93.75403,340.68,0.48,0.4,2025-01-15,1855,N20,nominal,2.0NRT,279.57,5.36,D
35.37747,-97.39507,331.88,0.49,0.49,2025-01-15,1855,N20,nominal,2.0NRT,285.47,2.26,D
36.00293,-95.62,336.59,0.39,0.44,2025-01-15,1855,N20,nominal,2.0NRT,280.42,4.09,D
36.7337,-91.93251,328.25,0.41,0.37,2025-01-15,1855,N20,nominal,2.0NRT,279.76,3.17,D
36.74118,-91.92979,327.99,0.41,0.37,2025-01-15,1855,N20,nominal,2.0NRT,280.38,2.65,D
36.74203,-91.92854,327.99,0.41,0.37,2025-01-15,1855,N20,nominal,2.0NRT,279.31,2.76,D
36.28872,-95.6797,330.73,0.39,0.44,2025-01-15,1855,N20,nominal,2.0NRT,282.83,1.66,D
37.10644,-91.58717,328.08,0.4,0.37,2025-01-15,1855,N20,nominal,2.0NRT,278.64,2.02,D
36.11346,-96.9146,336.79,0.45,0.47,2025-01-15,1855,N20,nominal,2.0NRT,284.23,3.86,D
37.25758,-91.92777,331.77,0.41,0.37,2025-01-15,1855,N20,nominal,2.0NRT,278.52,4.27,D
36.52597,-95.96523,337.68,0.39,0.44,2025-01-15,1855,N20,nominal,2.0NRT,284.1,6.9,D
36.52509,-95.96948,330.64,0.39,0.44,2025-01-15,1855,N20,nominal,2.0NRT,287.57,6.9,D
36.52288,-95.96703,352.55,0.39,0.44,2025-01-15,1855,N20,nominal,2.0NRT,288.53,12.14,D
37.47312,-92.70635,331.61,0.42,0.38,2025-01-15,1855,N20,nominal,2.0NRT,276.67,3.21,D
36.2614,-98.94402,328.05,0.57,0.52,2025-01-15,1855,N20,nominal,2.0NRT,283.75,4.12,D
36.47157,-98.8288,325.49,0.56,0.51,2025-01-15,1855,N20,nominal,2.0NRT,281.38,2.7,D
36.70057,-105.25774,334.55,0.61,0.71,2025-01-15,1855,N20,nominal,2.0NRT,268.64,9.7,D
38.36352,-99.39535,325.95,0.54,0.51,2025-01-15,1855,N20,nominal,2.0NRT,278.27,2.29,D
41.63926,-87.14104,327.6,0.46,0.39,2025-01-15,1857,N20,nominal,2.0NRT,273.11,9.78,D
41.61729,-87.32728,330.57,0.45,0.39,2025-01-15,1857,N20,nominal,2.0NRT,273.11,10.15,D
41.66922,-87.46201,333.9,0.45,0.39,2025-01-15,1857,N20,nominal,2.0NRT,270.38,5.96,D
41.67278,-87.46276,341.51,0.45,0.39,2025-01-15,1857,N20,nominal,2.0NRT,269.77,5.96,D
41.6808,-87.42573,328.48,0.45,0.39,2025-01-15,1857,N20,nominal,2.0NRT,274.22,4.18,D
41.48057,-90.83054,325.27,0.38,0.36,2025-01-15,1857,N20,nominal,2.0NRT,274.08,1.84,D
39.00772,-104.96749,355.9,0.5,0.66,2025-01-15,1857,N20,low,2.0NRT,275.5,22.7,D
39.01487,-104.9652,334.43,0.5,0.66,2025-01-15,1857,N20,nominal,2.0NRT,271.68,23.75,D
39.01329,-104.97059,354.07,0.5,0.66,2025-01-15,1857,N20,nominal,2.0NRT,283.38,34.68,D
39.01167,-104.97616,350.9,0.51,0.66,2025-01-15,1857,N20,nominal,2.0NRT,275.43,34.68,D
41.61469,-94.39378,329.51,0.43,0.38,2025-01-15,1857,N20,nominal,2.0NRT,269.51,2.97,D
42.50967,-88.87914,327.16,0.42,0.37,2025-01-15,1857,N20,nominal,2.0NRT,270.15,1.89,D
43.12328,-88.18653,325.52,0.44,0.38,2025-01-15,1857,N20,nominal,2.0NRT,271.12,2.36,D
43.13589,-89.83253,326.1,0.4,0.37,2025-01-15,1857,N20,nominal,2.0NRT,270.81,1.96,D
42.05899,-98.33675,326.89,0.39,0.44,2025-01-15,1857,N20,nominal,2.0NRT,272.89,4.34,D
42.97302,-96.49759,327.21,0.48,0.4,2025-01-15,1857,N20,nominal,2.0NRT,275.54,3.47,D
42.68713,-97.92915,351.38,0.55,0.43,2025-01-15,1857,N20,nominal,2.0NRT,277.94,24.79,D
42.68576,-97.93555,329.1,0.55,0.43,2025-01-15,1857,N20,nominal,2.0NRT,275.99,24.79,D
42.39217,-105.35387,336.69,0.42,0.61,2025-01-15,1857,N20,nominal,2.0NRT,273.16,4.55,D
42.3974,-105.35674,330.96,0.42,0.61,2025-01-15,1857,N20,nominal,2.0NRT,273.56,4.31,D
42.3964,-105.3562,344.73,0.42,0.61,2025-01-15,1857,N20,nominal,2.0NRT,274.03,8.68,D
44.45051,-103.65438,341.74,0.61,0.53,2025-01-15,1857,N20,nominal,2.0NRT,275.16,81.9,D
32.43883,-101.70936,336.34,0.45,0.63,2025-01-15,2036,N20,nominal,2.0NRT,291.87,3.67,D
32.43856,-101.71416,337.04,0.45,0.63,2025-01-15,2036,N20,nominal,2.0NRT,294.16,3.93,D
31.11441,-115.93278,330.54,0.42,0.38,2025-01-15,2036,N20,nominal,2.0NRT,299.46,3.28,D
31.11858,-115.92918,331.98,0.42,0.38,2025-01-15,2036,N20,nominal,2.0NRT,301.04,3.39,D
31.11781,-115.93362,341.3,0.42,0.38,2025-01-15,2036,N20,nominal,2.0NRT,305.42,5.84,D
33.17906,-100.76232,351.21,0.52,0.66,2025-01-15,2036,N20,nominal,2.0NRT,290.81,12.39,D
33.17849,-100.7736,350.94,0.51,0.66,2025-01-15,2036,N20,nominal,2.0NRT,289.96,11.58,D
33.17873,-100.76348,344.2,0.52,0.67,2025-01-15,2036,N20,nominal,2.0NRT,289.89,10.43,D
33.17822,-100.77473,345.87,0.52,0.66,2025-01-15,2036,N20,nominal,2.0NRT,289.55,5.84,D
33.86546,-98.78529,336.45,0.68,0.74,2025-01-15,2036,N20,nominal,2.0NRT,288.34,8.49,D
33.86638,-98.7804,355.06,0.68,0.74,2025-01-15,2036,N20,nominal,2.0NRT,287.89,13.27,D
32.23742,-116.92881,328.27,0.44,0.39,2025-01-15,2036,N20,nominal,2.0NRT,298.57,2.05,D
32.23835,-116.92686,329.44,0.44,0.38,2025-01-15,2036,N20,nominal,2.0NRT,300.66,2.09,D
32.57715,-115.30673,335.96,0.4,0.37,2025-01-15,2036,N20,nominal,2.0NRT,298.6,6.24,D
32.65965,-115.57307,335.35,0.4,0.37,2025-01-15,2036,N20,nominal,2.0NRT,300.13,1.84,D
33.4183,-110.86186,328.33,0.44,0.38,2025-01-15,2036,N20,nominal,2.0NRT,296.44,1.7,D
32.96868,-115.6031,347.26,0.4,0.37,2025-01-15,2036,N20,nominal,2.0NRT,304.42,13.93,D
32.96938,-115.59888,367,0.4,0.37,2025-01-15,2036,N20,low,2.0NRT,325.43,115.69,D
33.09557,-115.47462,332.94,0.4,0.37,2025-01-15,2036,N20,low,2.0NRT,307.26,14.73,D
33.09888,-115.4754,340.52,0.4,0.37,2025-01-15,2036,N20,nominal,2.0NRT,303.38,14.73,D
33.25125,-115.50005,347.58,0.4,0.37,2025-01-15,2036,N20,nominal,2.0NRT,298.64,3.26,D
33.25457,-115.50079,335.46,0.4,0.37,2025-01-15,2036,N20,nominal,2.0NRT,298.71,1.19,D
34.05981,-114.31596,350.8,0.38,0.36,2025-01-15,2036,N20,nominal,2.0NRT,301.39,8.3,D
34.05855,-114.32419,332.2,0.38,0.36,2025-01-15,2036,N20,nominal,2.0NRT,298.16,1.82,D
34.06309,-114.31668,341.99,0.38,0.36,2025-01-15,2036,N20,nominal,2.0NRT,300.39,5.84,D
35.53736,-101.89117,344.98,0.46,0.64,2025-01-15,2036,N20,nominal,2.0NRT,285.42,3.53,D
35.53539,-101.89426,344.59,0.46,0.64,2025-01-15,2036,N20,nominal,2.0NRT,285.95,4.88,D
33.84814,-118.332,326.73,0.48,0.4,2025-01-15,2036,N20,nominal,2.0NRT,299.36,1.09,D
34.154,-118.19427,326.76,0.47,0.39,2025-01-15,2036,N20,nominal,2.0NRT,298.87,1.79,D
35.22288,-111.88638,325.33,0.42,0.38,2025-01-15,2036,N20,low,2.0NRT,300.07,39.87,D
35.22227,-111.89109,336.33,0.42,0.38,2025-01-15,2036,N20,nominal,2.0NRT,305.74,39.87,D
36.83173,-98.50616,327.69,0.73,0.76,2025-01-15,2038,N20,nominal,2.0NRT,282.88,5.62,D
36.86769,-99.19356,344.56,0.67,0.74,2025-01-15,2038,N20,nominal,2.0NRT,281.58,6.33,D
36.86854,-99.19477,345.19,0.67,0.74,2025-01-15,2038,N20,nominal,2.0NRT,280.51,7.63,D
35.25465,-119.29119,325.53,0.5,0.41,2025-01-15,2038,N20,nominal,2.0NRT,297.34,1.93,D
37.37533,-105.10733,339.62,0.32,0.54,2025-01-15,2038,N20,nominal,2.0NRT,277.51,4.65,D
36.11575,-121.07339,339.65,0.39,0.44,2025-01-15,2038,N20,nominal,2.0NRT,299.02,7.2,D
36.17413,-121.12279,333.41,0.39,0.44,2025-01-15,2038,N20,nominal,2.0NRT,294.58,4.28,D
36.17325,-121.12697,332.45,0.39,0.44,2025-01-15,2038,N20,nominal,2.0NRT,296.56,4.28,D
36.17804,-121.12406,338.71,0.39,0.44,2025-01-15,2038,N20,nominal,2.0NRT,295.14,4.28,D
36.17715,-121.12831,334.02,0.39,0.44,2025-01-15,2038,N20,nominal,2.0NRT,297.05,4.28,D
39.0047,-104.96936,330.27,0.34,0.56,2025-01-15,2038,N20,nominal,2.0NRT,275.46,3.06,D
39.00961,-104.97343,334.46,0.34,0.56,2025-01-15,2038,N20,nominal,2.0NRT,276.66,19.63,D
39.00985,-104.96961,356.44,0.34,0.56,2025-01-15,2038,N20,low,2.0NRT,280.89,19.63,D
39.01499,-104.96984,343.25,0.34,0.56,2025-01-15,2038,N20,nominal,2.0NRT,289.21,19.63,D
39.01476,-104.97366,355.12,0.34,0.56,2025-01-15,2038,N20,nominal,2.0NRT,279.56,19.63,D
39.01523,-104.96596,356.1,0.34,0.56,2025-01-15,2038,N20,low,2.0NRT,277.49,32.52,D
39.02038,-104.96619,349.43,0.34,0.56,2025-01-15,2038,N20,nominal,2.0NRT,283.09,34.85,D
39.02014,-104.97014,342.93,0.34,0.56,2025-01-15,2038,N20,nominal,2.0NRT,283.27,27.51,D
39.01991,-104.97389,346.1,0.34,0.56,2025-01-15,2038,N20,nominal,2.0NRT,282.67,27.51,D
39.02063,-104.96217,356.31,0.34,0.56,2025-01-15,2038,N20,low,2.0NRT,281.09,34.85,D
39.02553,-104.96642,326.07,0.34,0.56,2025-01-15,2038,N20,nominal,2.0NRT,285.59,34.85,D
39.02506,-104.97401,335.01,0.34,0.56,2025-01-15,2038,N20,nominal,2.0NRT,277.26,27.51,D
39.02577,-104.96254,356.05,0.34,0.56,2025-01-15,2038,N20,low,2.0NRT,278.33,34.85,D
39.02529,-104.97023,356.05,0.34,0.56,2025-01-15,2038,N20,low,2.0NRT,282.9,27.51,D
39.03068,-104.96659,354.72,0.34,0.56,2025-01-15,2038,N20,nominal,2.0NRT,279.66,16.78,D
37.89788,-121.68668,338.23,0.39,0.44,2025-01-15,2038,N20,nominal,2.0NRT,291.49,3.4,D
40.1416,-104.45808,336.14,0.37,0.58,2025-01-15,2038,N20,nominal,2.0NRT,283.81,2.28,D
40.14136,-104.4625,340.93,0.37,0.58,2025-01-15,2038,N20,nominal,2.0NRT,285.09,2.28,D
38.47104,-121.7515,329.01,0.57,0.43,2025-01-15,2038,N20,nominal,2.0NRT,290.09,4.13,D
38.47001,-121.7524,330.62,0.57,0.43,2025-01-15,2038,N20,nominal,2.0NRT,290.31,4.21,D
39.62598,-116.07434,330.86,0.38,0.36,2025-01-15,2038,N20,nominal,2.0NRT,284.13,18.66,D
39.62924,-116.07517,333.1,0.38,0.36,2025-01-15,2038,N20,nominal,2.0NRT,283.36,18.66,D
39.62857,-116.07957,346.97,0.38,0.36,2025-01-15,2038,N20,nominal,2.0NRT,283.01,23.41,D
38.46926,-122.39546,329.02,0.41,0.45,2025-01-15,2038,N20,nominal,2.0NRT,291.84,2.37,D
40.57486,-108.76727,329.13,0.44,0.46,2025-01-15,2038,N20,nominal,2.0NRT,272.92,9.46,D
38.99871,-121.57711,328.9,0.54,0.42,2025-01-15,2038,N20,nominal,2.0NRT,289.31,2.97,D
38.86837,-122.66348,330.67,0.41,0.45,2025-01-15,2038,N20,nominal,2.0NRT,290.33,3.76,D
39.01797,-122.03948,327.97,0.57,0.43,2025-01-15,2038,N20,nominal,2.0NRT,287.78,5.72,D
39.12125,-121.67841,341.97,0.55,0.42,2025-01-15,2038,N20,nominal,2.0NRT,290.08,7.08,D
39.18234,-121.51641,332.25,0.54,0.42,2025-01-15,2038,N20,nominal,2.0NRT,290.68,11.73,D
39.18134,-121.51115,340.17,0.54,0.42,2025-01-15,2038,N20,nominal,2.0NRT,288.45,4.85,D
39.1801,-121.5172,325.97,0.54,0.42,2025-01-15,2038,N20,nominal,2.0NRT,288.53,3.07,D
39.18386,-121.51845,327.07,0.54,0.42,2025-01-15,2038,N20,nominal,2.0NRT,289.71,3.25,D
39.52137,-120.06736,330.1,0.46,0.39,2025-01-15,2038,N20,nominal,2.0NRT,274.69,4.41,D
39.52488,-120.06855,332.96,0.46,0.39,2025-01-15,2038,N20,nominal,2.0NRT,274.34,3.7,D
39.47025,-122.01665,335.91,0.56,0.43,2025-01-15,2038,N20,nominal,2.0NRT,290.3,8.11,D
39.6373,-121.88167,328.32,0.55,0.42,2025-01-15,2038,N20,nominal,2.0NRT,289.14,5.04,D
39.29195,-123.58931,326.58,0.45,0.47,2025-01-15,2038,N20,nominal,2.0NRT,286.33,2.71,D
39.29112,-123.59109,328.58,0.45,0.47,2025-01-15,2038,N20,nominal,2.0NRT,285.94,2.57,D
39.6891,-121.81451,327.91,0.54,0.42,2025-01-15,2038,N20,nominal,2.0NRT,289.01,2.05,D
42.35897,-105.33214,328.89,0.34,0.56,2025-01-15,2038,N20,nominal,2.0NRT,274.11,2.94,D
42.39413,-105.35718,346.08,0.34,0.56,2025-01-15,2038,N20,nominal,2.0NRT,275.39,7.12,D
40.02901,-123.24643,353.93,0.41,0.45,2025-01-15,2038,N20,nominal,2.0NRT,293.23,11.56,D
40.03414,-123.24259,336.65,0.41,0.45,2025-01-15,2038,N20,nominal,2.0NRT,286.94,7.32,D
40.03298,-123.24803,337.37,0.41,0.45,2025-01-15,2038,N20,nominal,2.0NRT,288.17,11.56,D
40.02855,-123.24452,340.05,0.41,0.45,2025-01-15,2038,N20,nominal,2.0NRT,292.58,13.93,D
40.03251,-123.24613,351.68,0.41,0.45,2025-01-15,2038,N20,nominal,2.0NRT,289.55,13.93,D
40.3505,-122.20665,325.04,0.55,0.42,2025-01-15,2038,N20,nominal,2.0NRT,288.33,4.26,D
40.31409,-122.38319,329.05,0.56,0.43,2025-01-15,2038,N20,nominal,2.0NRT,289.15,3.9,D
42.22246,-120.00421,326.7,0.43,0.38,2025-01-15,2040,N20,nominal,2.0NRT,280.11,2.24,D
42.22676,-120.00026,326.19,0.43,0.38,2025-01-15,2040,N20,nominal,2.0NRT,280.99,4.24,D
42.22585,-120.00535,332.32,0.43,0.38,2025-01-15,2040,N20,nominal,2.0NRT,281.31,6.07,D
42.22494,-120.01043,328.04,0.43,0.38,2025-01-15,2040,N20,nominal,2.0NRT,279.71,6.07,D
42.22402,-120.01553,347.63,0.43,0.38,2025-01-15,2040,N20,nominal,2.0NRT,293.1,20.76,D
42.2231,-120.02066,338.25,0.43,0.38,2025-01-15,2040,N20,nominal,2.0NRT,281.54,20.76,D
42.22924,-120.00646,337.27,0.43,0.38,2025-01-15,2040,N20,nominal,2.0NRT,282.19,6.07,D
42.22833,-120.01154,354.49,0.43,0.38,2025-01-15,2040,N20,nominal,2.0NRT,285.49,6.07,D
42.22742,-120.01665,347.28,0.43,0.38,2025-01-15,2040,N20,nominal,2.0NRT,284.16,20.76,D
42.22873,-120.00307,334.88,0.43,0.38,2025-01-15,2040,N20,nominal,2.0NRT,281.41,5.79,D
42.2278,-120.00815,335.05,0.43,0.38,2025-01-15,2040,N20,nominal,2.0NRT,281.28,5.79,D
42.22687,-120.01323,355.65,0.43,0.38,2025-01-15,2040,N20,nominal,2.0NRT,288.2,23.26,D
42.22593,-120.01833,350.22,0.43,0.38,2025-01-15,2040,N20,nominal,2.0NRT,289.69,23.26,D
42.2312,-120.00926,349.48,0.43,0.38,2025-01-15,2040,N20,nominal,2.0NRT,283.96,5.79,D
42.23026,-120.01434,343.39,0.43,0.38,2025-01-15,2040,N20,nominal,2.0NRT,280.2,23.26,D
41.81328,-122.72423,334.9,0.54,0.42,2025-01-15,2040,N20,nominal,2.0NRT,281.75,4.26,D
41.87891,-123.37591,341.98,0.38,0.43,2025-01-15,2040,N20,nominal,2.0NRT,287.42,5.01,D
41.88285,-123.377,325.29,0.38,0.43,2025-01-15,2040,N20,nominal,2.0NRT,287.49,3.29,D
42.29339,-121.44332,327.8,0.47,0.4,2025-01-15,2040,N20,nominal,2.0NRT,280.38,3.35,D
42.29367,-121.44545,328.3,0.47,0.4,2025-01-15,2040,N20,nominal,2.0NRT,281.66,3.19,D
44.29147,-103.39767,331.36,0.45,0.63,2025-01-15,2040,N20,nominal,2.0NRT,276.13,8.36,D
42.12489,-123.16698,343.29,0.56,0.43,2025-01-15,2040,N20,nominal,2.0NRT,283.07,9.57,D
44.45193,-103.65653,356.32,0.43,0.62,2025-01-15,2040,N20,low,2.0NRT,275.45,24.71,D
44.45749,-103.66246,347.6,0.43,0.62,2025-01-15,2040,N20,nominal,2.0NRT,274.97,24.71,D
42.36676,-122.61385,348.51,0.52,0.42,2025-01-15,2040,N20,nominal,2.0NRT,285.37,8.29,D
44.03216,-120.57687,327.85,0.42,0.38,2025-01-15,2040,N20,nominal,2.0NRT,276.58,4.79,D
44.20609,-120.54243,335.68,0.42,0.38,2025-01-15,2040,N20,nominal,2.0NRT,281.23,8.95,D
44.51031,-120.2729,328.96,0.41,0.37,2025-01-15,2040,N20,nominal,2.0NRT,280.82,3.21,D
44.51364,-120.2741,334.18,0.41,0.37,2025-01-15,2040,N20,nominal,2.0NRT,283.36,3.21,D
45.25957,-117.77985,328.23,0.38,0.36,2025-01-15,2040,N20,nominal,2.0NRT,276.47,6.83,D
45.26356,-117.776,325.8,0.38,0.36,2025-01-15,2040,N20,nominal,2.0NRT,275.45,5.41,D
45.2621,-117.78564,340.13,0.38,0.36,2025-01-15,2040,N20,nominal,2.0NRT,276.25,4.44,D
46.15636,-112.70149,336.5,0.51,0.41,2025-01-15,2040,N20,nominal,2.0NRT,276.68,84.41,D
46.17096,-112.6717,328.53,0.51,0.41,2025-01-15,2040,N20,nominal,2.0NRT,276.17,28.37,D
46.19933,-112.6575,325.48,0.51,0.41,2025-01-15,2040,N20,nominal,2.0NRT,273.51,2.57,D
46.20313,-112.65787,328.52,0.51,0.41,2025-01-15,2040,N20,nominal,2.0NRT,277.92,43.87,D
46.20281,-112.6591,328.06,0.51,0.41,2025-01-15,2040,N20,nominal,2.0NRT,276.19,18.87,D
46.77956,-109.06371,344.83,0.49,0.49,2025-01-15,2040,N20,nominal,2.0NRT,276.32,6.17,D
46.80228,-122.31373,327.34,0.43,0.38,2025-01-15,2040,N20,nominal,2.0NRT,278.58,2.08,D
17.75088,-101.61882,332.53,0.62,0.54,2025-01-15,2031,N20,nominal,2.0NRT,296.39,8.13,D
18.50357,-96.13802,330.73,0.73,0.76,2025-01-15,2031,N20,nominal,2.0NRT,288.02,5.64,D
17.93248,-102.20376,331.66,0.57,0.52,2025-01-15,2031,N20,nominal,2.0NRT,300.21,7.86,D
18.50849,-96.14013,348.4,0.73,0.76,2025-01-15,2031,N20,nominal,2.0NRT,289.3,12.76,D
19.05448,-96.30283,327.72,0.72,0.76,2025-01-15,2031,N20,nominal,2.0NRT,288.03,5.24,D
18.64301,-102.76803,333.04,0.54,0.51,2025-01-15,2031,N20,nominal,2.0NRT,302.92,5.08,D
18.64926,-102.7542,341.81,0.54,0.51,2025-01-15,2031,N20,nominal,2.0NRT,302.25,12.11,D
18.83589,-102.07005,332.08,0.6,0.53,2025-01-15,2031,N20,low,2.0NRT,304,2.5,D
18.71632,-103.6531,349.47,0.47,0.48,2025-01-15,2031,N20,nominal,2.0NRT,300.24,6.18,D
18.99836,-102.71346,340.37,0.55,0.51,2025-01-15,2031,N20,nominal,2.0NRT,309.34,8.01,D
19.284,-102.62903,348.42,0.56,0.51,2025-01-15,2031,N20,nominal,2.0NRT,309.66,28.04,D
19.15816,-103.77154,367,0.47,0.48,2025-01-15,2031,N20,high,2.0NRT,309.45,15.6,D
19.2853,-102.63108,353.55,0.56,0.51,2025-01-15,2031,N20,nominal,2.0NRT,308.51,25.42,D
19.1591,-103.76998,351,0.47,0.48,2025-01-15,2031,N20,nominal,2.0NRT,309.04,10.24,D
19.15855,-103.77479,339.77,0.47,0.48,2025-01-15,2031,N20,nominal,2.0NRT,305.47,5,D
19.74768,-98.59702,340.27,0.53,0.67,2025-01-15,2031,N20,nominal,2.0NRT,301.32,7.76,D
19.74723,-98.60203,328.19,0.52,0.67,2025-01-15,2031,N20,low,2.0NRT,299.75,6.94,D
19.21896,-103.71449,331.75,0.47,0.48,2025-01-15,2031,N20,low,2.0NRT,306.16,2.21,D
19.37266,-103.54769,331.91,0.49,0.49,2025-01-15,2031,N20,nominal,2.0NRT,299.28,2.66,D
19.82136,-99.8992,340.47,0.43,0.62,2025-01-15,2031,N20,nominal,2.0NRT,298.04,3.75,D
19.69544,-101.28555,350.84,0.35,0.57,2025-01-15,2031,N20,nominal,2.0NRT,302.18,4.2,D
19.74405,-101.12255,367,0.36,0.57,2025-01-15,2031,N20,high,2.0NRT,304.04,6.37,D
19.74441,-101.1191,349.54,0.36,0.57,2025-01-15,2031,N20,nominal,2.0NRT,300.77,6.37,D
19.49642,-103.44662,340.6,0.5,0.49,2025-01-15,2031,N20,nominal,2.0NRT,300.56,10.41,D
19.49582,-103.45168,337.27,0.5,0.49,2025-01-15,2031,N20,nominal,2.0NRT,301.22,10.41,D
19.80895,-101.11098,337.68,0.36,0.57,2025-01-15,2031,N20,nominal,2.0NRT,303.17,3.59,D
19.88258,-100.42355,339.33,0.4,0.6,2025-01-15,2031,N20,nominal,2.0NRT,303.14,5.83,D
19.83635,-100.94542,367,0.37,0.58,2025-01-15,2031,N20,high,2.0NRT,305.95,8.3,D
19.84558,-100.96062,343.63,0.37,0.58,2025-01-15,2031,N20,nominal,2.0NRT,303.8,3.58,D
19.8552,-100.91891,344.86,0.37,0.58,2025-01-15,2031,N20,nominal,2.0NRT,304.27,3.59,D
19.86053,-100.91947,367,0.37,0.58,2025-01-15,2031,N20,high,2.0NRT,305.27,3.59,D
20.04939,-99.2881,338.92,0.48,0.64,2025-01-15,2031,N20,nominal,2.0NRT,298.69,4.65,D
19.8594,-101.70851,367,0.33,0.55,2025-01-15,2031,N20,high,2.0NRT,301.5,12.55,D
19.85907,-101.71164,367,0.33,0.55,2025-01-15,2031,N20,high,2.0NRT,303.43,14.98,D
19.86479,-101.70593,367,0.33,0.55,2025-01-15,2031,N20,high,2.0NRT,302.64,12.55,D
20.04,-102.38927,334.42,0.59,0.53,2025-01-15,2031,N20,nominal,2.0NRT,304.42,3.62,D
20.18716,-101.67859,339.77,0.33,0.55,2025-01-15,2031,N20,nominal,2.0NRT,305.2,2.43,D
20.16783,-102.19588,330.63,0.61,0.54,2025-01-15,2031,N20,low,2.0NRT,303.95,3.17,D
20.2525,-101.50005,342.09,0.34,0.56,2025-01-15,2031,N20,nominal,2.0NRT,305.15,5.84,D
20.25216,-101.5032,332.61,0.34,0.56,2025-01-15,2031,N20,nominal,2.0NRT,306.2,6.2,D
20.2544,-101.50244,350.72,0.34,0.56,2025-01-15,2031,N20,nominal,2.0NRT,305.39,6.13,D
20.27859,-101.5215,336.47,0.34,0.56,2025-01-15,2031,N20,nominal,2.0NRT,305.39,2.59,D
20.29558,-101.55966,353.53,0.34,0.56,2025-01-15,2031,N20,nominal,2.0NRT,304.65,5.91,D
20.33279,-101.45107,331.96,0.35,0.56,2025-01-15,2031,N20,nominal,2.0NRT,301.8,0.94,D
20.45438,-100.51425,347.65,0.4,0.6,2025-01-15,2031,N20,nominal,2.0NRT,306.26,4.95,D
20.45439,-100.51495,345.86,0.4,0.6,2025-01-15,2031,N20,nominal,2.0NRT,306.83,7.13,D
20.2828,-102.51665,336.75,0.59,0.53,2025-01-15,2031,N20,nominal,2.0NRT,301.16,5.22,D
20.43772,-101.14824,336.71,0.36,0.58,2025-01-15,2031,N20,nominal,2.0NRT,301.44,2.22,D
19.99656,-105.42101,333.61,0.57,0.43,2025-01-15,2031,N20,nominal,2.0NRT,306.62,12.57,D
20.52513,-100.92125,336.11,0.38,0.58,2025-01-15,2031,N20,nominal,2.0NRT,306.14,2.5,D
20.5771,-100.45811,367,0.4,0.6,2025-01-15,2031,N20,high,2.0NRT,300.07,7.83,D
20.52279,-100.92083,334.51,0.38,0.58,2025-01-15,2031,N20,nominal,2.0NRT,304.8,2.8,D
20.57693,-100.45736,348.88,0.4,0.6,2025-01-15,2031,N20,nominal,2.0NRT,299.3,5.27,D
20.58536,-100.77975,341.31,0.39,0.59,2025-01-15,2031,N20,nominal,2.0NRT,303.82,2.82,D
20.67486,-99.95041,341.24,0.44,0.62,2025-01-15,2031,N20,nominal,2.0NRT,303.35,3.15,D
20.60059,-100.84829,340.12,0.38,0.59,2025-01-15,2031,N20,nominal,2.0NRT,301.67,3.23,D
20.57408,-101.16988,367,0.36,0.58,2025-01-15,2031,N20,high,2.0NRT,301.08,5.08,D
20.57972,-101.16695,355.12,0.36,0.58,2025-01-15,2031,N20,nominal,2.0NRT,302.81,5.08,D
20.57937,-101.17044,340.31,0.36,0.58,2025-01-15,2031,N20,nominal,2.0NRT,302.66,5.08,D
20.34708,-103.70113,330.32,0.49,0.49,2025-01-15,2031,N20,nominal,2.0NRT,305,6.83,D
20.34652,-103.70589,339.26,0.49,0.49,2025-01-15,2031,N20,nominal,2.0NRT,304.17,8.02,D
20.34957,-103.7048,355.19,0.49,0.49,2025-01-15,2031,N20,nominal,2.0NRT,304.05,12.35,D
20.68218,-100.76086,337.02,0.39,0.59,2025-01-15,2031,N20,nominal,2.0NRT,301.59,2.98,D
20.50145,-103.25452,332.72,0.53,0.5,2025-01-15,2031,N20,low,2.0NRT,305.34,2.65,D
20.50087,-103.25677,332.39,0.53,0.5,2025-01-15,2031,N20,nominal,2.0NRT,304.07,1.78,D
20.6299,-103.87856,342.48,0.48,0.48,2025-01-15,2031,N20,nominal,2.0NRT,304.91,6,D
20.89067,-101.55697,338.86,0.35,0.56,2025-01-15,2031,N20,nominal,2.0NRT,304.53,3.5,D
20.8871,-101.55706,334.3,0.35,0.56,2025-01-15,2031,N20,nominal,2.0NRT,302.87,3.77,D
20.71642,-103.66386,330.38,0.5,0.49,2025-01-15,2031,N20,nominal,2.0NRT,304.97,1.42,D
20.93645,-101.89312,331.25,0.33,0.55,2025-01-15,2031,N20,low,2.0NRT,303.17,2.27,D
20.73258,-103.91847,336.83,0.48,0.48,2025-01-15,2031,N20,nominal,2.0NRT,305.96,4.04,D
20.81443,-104.02072,336.6,0.48,0.48,2025-01-15,2031,N20,nominal,2.0NRT,306.18,3.08,D
20.69459,-105.20039,341.39,0.4,0.44,2025-01-15,2031,N20,nominal,2.0NRT,301.44,4.11,D
20.7268,-105.17288,340.54,0.4,0.44,2025-01-15,2031,N20,nominal,2.0NRT,302.55,4.45,D
20.88779,-104.00482,341.61,0.48,0.48,2025-01-15,2031,N20,nominal,2.0NRT,306.37,3.06,D
21.11779,-104.61742,349.7,0.44,0.46,2025-01-15,2031,N20,nominal,2.0NRT,306.63,7.34,D
21.50121,-102.41905,340.92,0.62,0.54,2025-01-15,2031,N20,nominal,2.0NRT,304.31,6.32,D
21.87562,-98.70008,367,0.54,0.68,2025-01-15,2031,N20,high,2.0NRT,291.81,18.19,D
21.87302,-98.70316,356.07,0.54,0.68,2025-01-15,2031,N20,nominal,2.0NRT,292.48,9.53,D
21.8793,-98.70367,325.72,0.54,0.68,2025-01-15,2031,N20,nominal,2.0NRT,290.05,9.53,D
21.32727,-104.62434,346.67,0.44,0.46,2025-01-15,2031,N20,nominal,2.0NRT,306.33,16.47,D
21.76468,-100.99528,330.07,0.38,0.59,2025-01-15,2031,N20,nominal,2.0NRT,297.37,1.5,D
21.77011,-100.99582,367,0.38,0.59,2025-01-15,2031,N20,high,2.0NRT,298.25,7.47,D
21.76975,-100.99957,345.07,0.38,0.59,2025-01-15,2031,N20,nominal,2.0NRT,301.4,7.47,D
21.68994,-102.06419,355.37,0.33,0.55,2025-01-15,2031,N20,nominal,2.0NRT,303.29,5.74,D
21.68893,-102.0649,352.39,0.33,0.55,2025-01-15,2031,N20,nominal,2.0NRT,304,5.58,D
22.06472,-98.23729,325.94,0.58,0.7,2025-01-15,2031,N20,nominal,2.0NRT,293.26,4.99,D
21.68262,-103.80492,338.78,0.5,0.49,2025-01-15,2031,N20,low,2.0NRT,308.79,3.71,D
22.31588,-99.05984,344.51,0.52,0.67,2025-01-15,2031,N20,nominal,2.0NRT,293.32,7.61,D
22.58747,-99.46141,334.78,0.49,0.65,2025-01-15,2031,N20,nominal,2.0NRT,289.94,4.81,D
22.57544,-100.9832,330.56,0.39,0.6,2025-01-15,2033,N20,nominal,2.0NRT,300.5,2.48,D
22.91172,-98.56161,367,0.57,0.69,2025-01-15,2033,N20,high,2.0NRT,295.55,24.69,D
22.93457,-101.01861,330.16,0.4,0.6,2025-01-15,2033,N20,nominal,2.0NRT,300.11,3.7,D
22.9067,-102.31473,343.03,0.33,0.55,2025-01-15,2033,N20,nominal,2.0NRT,306.01,3.46,D
22.94287,-102.20854,331.47,0.33,0.55,2025-01-15,2033,N20,low,2.0NRT,303.99,1.33,D
22.93149,-102.42322,345.02,0.32,0.55,2025-01-15,2033,N20,nominal,2.0NRT,306.11,4.07,D
22.93136,-102.42413,338.41,0.32,0.55,2025-01-15,2033,N20,nominal,2.0NRT,305.92,3.59,D
22.64353,-105.60754,336.42,0.4,0.44,2025-01-15,2033,N20,nominal,2.0NRT,304.45,1.98,D
23.02604,-102.68844,341.08,0.62,0.54,2025-01-15,2033,N20,nominal,2.0NRT,303.61,11.68,D
23.02541,-102.6945,340.28,0.62,0.54,2025-01-15,2033,N20,nominal,2.0NRT,305.37,10.13,D
23.02238,-102.69023,349.22,0.62,0.54,2025-01-15,2033,N20,nominal,2.0NRT,305.13,21.64,D
23.93978,-99.10113,326.74,0.54,0.68,2025-01-15,2033,N20,nominal,2.0NRT,288.68,3.02,D
24.07386,-103.57262,335.02,0.56,0.51,2025-01-15,2033,N20,nominal,2.0NRT,303.09,4.16,D
24.29331,-107.38075,333.62,0.5,0.41,2025-01-15,2033,N20,nominal,2.0NRT,300.48,4.95,D
25.29753,-108.52361,331.4,0.46,0.39,2025-01-15,2033,N20,nominal,2.0NRT,296.18,4.68,D
27.27007,-112.88973,334.54,0.39,0.36,2025-01-15,2033,N20,nominal,2.0NRT,304.19,2.04,D
30.70977,-97.31403,367,0.79,0.78,2025-01-15,2036,N20,high,2.0NRT,295.21,37.47,D
30.70948,-97.32249,339.06,0.79,0.78,2025-01-15,2036,N20,nominal,2.0NRT,286.8,37.47,D
30.71701,-97.31448,367,0.79,0.78,2025-01-15,2036,N20,high,2.0NRT,291.11,37.47,D
30.71135,-97.31452,367,0.79,0.78,2025-01-15,2036,N20,high,2.0NRT,294.78,82.01,D
30.71111,-97.32298,338.11,0.79,0.78,2025-01-15,2036,N20,nominal,2.0NRT,289.86,61.9,D
30.84262,-107.24255,329.99,0.41,0.45,2025-01-15,2036,N20,nominal,2.0NRT,292.02,2.29,D
31.11664,-108.22995,335.49,0.55,0.42,2025-01-15,2036,N20,nominal,2.0NRT,287.41,4.25,D
31.13734,-108.22149,355.23,0.55,0.42,2025-01-15,2036,N20,nominal,2.0NRT,283.9,14.78,D
31.9334,-99.35741,335.44,0.61,0.71,2025-01-15,2036,N20,nominal,2.0NRT,284.51,9.51,D
31.93971,-99.36427,348.1,0.61,0.71,2025-01-15,2036,N20,nominal,2.0NRT,293.06,59.95,D
31.94026,-99.35099,356.43,0.61,0.71,2025-01-15,2036,N20,low,2.0NRT,283.74,30.12,D
31.93998,-99.3577,356.45,0.61,0.71,2025-01-15,2036,N20,low,2.0NRT,287.12,30.12,D
30.75755,-112.4577,341.62,0.39,0.36,2025-01-15,2036,N20,nominal,2.0NRT,304.33,10.2,D
30.76085,-112.45835,346.84,0.39,0.36,2025-01-15,2036,N20,nominal,2.0NRT,304.21,10.2,D
31.99437,-101.82403,336.79,0.44,0.62,2025-01-15,2036,N20,nominal,2.0NRT,290.8,2.85,D
32.06865,-101.86025,348.22,0.44,0.62,2025-01-15,2036,N20,nominal,2.0NRT,287.25,6.05,D
32.06839,-101.86494,347.97,0.43,0.62,2025-01-15,2036,N20,nominal,2.0NRT,289.17,6.05,D
32.17274,-102.26334,336.21,0.41,0.61,2025-01-15,2036,N20,nominal,2.0NRT,291.45,2.38,D
40.49366,-123.72859,328.15,0.78,0.78,2025-01-15,2220,N20,nominal,2.0NRT,287.11,4.59,D
41.45614,-123.85335,328.79,0.77,0.77,2025-01-15,2220,N20,nominal,2.0NRT,286.51,7.74,D
41.45855,-123.86328,329.52,0.77,0.77,2025-01-15,2220,N20,nominal,2.0NRT,287.16,6.34,D
19.34707,-72.5346,314.18,0.49,0.65,2025-01-16,0540,N20,nominal,2.0NRT,289.46,1.33,N
19.34645,-72.52764,300.78,0.49,0.65,2025-01-16,0540,N20,nominal,2.0NRT,289.71,1.33,N
19.34504,-72.53262,325.88,0.49,0.65,2025-01-16,0540,N20,nominal,2.0NRT,289.98,2.55,N
18.28139,-71.16989,354.16,0.39,0.59,2025-01-16,0540,N20,nominal,2.0NRT,291.42,5.53,N
18.28101,-71.16618,325.95,0.39,0.59,2025-01-16,0540,N20,nominal,2.0NRT,291.67,5.53,N
18.28056,-71.16893,367,0.39,0.59,2025-01-16,0540,N20,high,2.0NRT,292.92,6.08,N
18.28016,-71.16524,308.8,0.39,0.59,2025-01-16,0540,N20,nominal,2.0NRT,291.17,6.08,N
18.32058,-71.80935,295.63,0.43,0.62,2025-01-16,0540,N20,nominal,2.0NRT,284.6,0.38,N
31.71553,-92.05611,295.63,0.58,0.52,2025-01-16,0718,N20,nominal,2.0NRT,274.47,0.62,N
31.45616,-95.74784,310.59,0.48,0.65,2025-01-16,0718,N20,nominal,2.0NRT,274.4,2.59,N
31.45048,-95.75344,320.6,0.48,0.65,2025-01-16,0718,N20,nominal,2.0NRT,272.95,3.46,N
30.61934,-91.17535,304.77,0.5,0.49,2025-01-16,0718,N20,nominal,2.0NRT,274.88,1.17,N
30.48614,-91.18391,297.58,0.5,0.49,2025-01-16,0718,N20,nominal,2.0NRT,283.8,1.02,N
30.48564,-91.17864,297.78,0.5,0.49,2025-01-16,0718,N20,nominal,2.0NRT,286.02,1.02,N
30.48414,-91.18086,300.51,0.5,0.49,2025-01-16,0718,N20,nominal,2.0NRT,286.55,2.15,N
30.33588,-94.41368,296.82,0.39,0.59,2025-01-16,0718,N20,nominal,2.0NRT,275.95,0.37,N
30.24342,-93.27734,303.83,0.33,0.55,2025-01-16,0718,N20,nominal,2.0NRT,286.93,1.04,N
30.18542,-93.3261,301.45,0.33,0.55,2025-01-16,0718,N20,nominal,2.0NRT,284.84,0.9,N
30.18057,-93.33016,297.12,0.33,0.56,2025-01-16,0718,N20,nominal,2.0NRT,285.2,1.3,N
30.18001,-93.32319,299.44,0.33,0.55,2025-01-16,0718,N20,nominal,2.0NRT,283.43,0.9,N
30.11357,-93.30022,299.39,0.33,0.55,2025-01-16,0718,N20,nominal,2.0NRT,278.17,0.46,N
30.04956,-93.33923,298.86,0.33,0.55,2025-01-16,0718,N20,nominal,2.0NRT,279.66,0.61,N
30.04416,-93.33633,295.16,0.33,0.55,2025-01-16,0718,N20,nominal,2.0NRT,279.11,0.61,N
30.07044,-94.07648,297.48,0.37,0.58,2025-01-16,0718,N20,nominal,2.0NRT,280.66,0.96,N
29.96638,-93.89443,296.51,0.36,0.57,2025-01-16,0718,N20,nominal,2.0NRT,283.31,1.08,N
29.89182,-93.96723,298.51,0.36,0.57,2025-01-16,0718,N20,nominal,2.0NRT,280.92,1.11,N
29.88779,-93.96755,297.2,0.36,0.57,2025-01-16,0718,N20,nominal,2.0NRT,280.92,0.63,N
29.88247,-93.96813,295.12,0.36,0.57,2025-01-16,0718,N20,nominal,2.0NRT,282.22,0.63,N
29.86091,-93.96664,296.26,0.36,0.57,2025-01-16,0718,N20,nominal,2.0NRT,283.76,0.71,N
29.76327,-93.87908,302.36,0.36,0.57,2025-01-16,0718,N20,nominal,2.0NRT,279.03,1.05,N
29.75827,-93.88343,311.81,0.36,0.57,2025-01-16,0718,N20,nominal,2.0NRT,282,1.85,N
29.75771,-93.87592,295.36,0.36,0.57,2025-01-16,0718,N20,nominal,2.0NRT,279,1.05,N
29.75897,-93.88206,313.25,0.36,0.57,2025-01-16,0718,N20,nominal,2.0NRT,282.74,1.74,N
29.75866,-93.87832,296.51,0.36,0.57,2025-01-16,0718,N20,nominal,2.0NRT,279.84,0.87,N
29.75835,-93.8746,301.11,0.36,0.57,2025-01-16,0718,N20,nominal,2.0NRT,279.07,0.87,N
29.72664,-95.12463,299.81,0.42,0.61,2025-01-16,0718,N20,nominal,2.0NRT,283.69,1.11,N
29.71743,-95.23799,296.04,0.43,0.62,2025-01-16,0718,N20,nominal,2.0NRT,276.79,1.06,N
29.70692,-95.25262,298.81,0.43,0.62,2025-01-16,0718,N20,nominal,2.0NRT,277.68,1.01,N
29.57681,-98.03581,310.17,0.63,0.72,2025-01-16,0718,N20,nominal,2.0NRT,275.44,2.29,N
29.37338,-94.92637,297.48,0.41,0.61,2025-01-16,0718,N20,nominal,2.0NRT,281.78,1.31,N
29.37245,-94.9136,295.29,0.41,0.6,2025-01-16,0718,N20,nominal,2.0NRT,281.33,1.25,N
29.0687,-95.75847,295.81,0.46,0.63,2025-01-16,0718,N20,nominal,2.0NRT,280.56,1.4,N
29.0955,-96.884,298.22,0.53,0.67,2025-01-16,0718,N20,nominal,2.0NRT,277.24,0.94,N
28.99305,-97.85118,300.2,0.61,0.71,2025-01-16,0718,N20,nominal,2.0NRT,276.25,0.98,N
28.9947,-97.8504,303.31,0.61,0.71,2025-01-16,0718,N20,nominal,2.0NRT,276.2,1.35,N
28.70451,-96.5456,303.15,0.51,0.66,2025-01-16,0718,N20,nominal,2.0NRT,279.64,0.96,N
28.69872,-96.55145,299.33,0.51,0.66,2025-01-16,0718,N20,nominal,2.0NRT,279.94,0.96,N
28.70431,-96.54641,308.98,0.51,0.66,2025-01-16,0718,N20,nominal,2.0NRT,279.47,1.72,N
28.69855,-96.55223,299.2,0.51,0.66,2025-01-16,0718,N20,nominal,2.0NRT,279.1,0.83,N
28.69819,-96.54693,297.56,0.51,0.66,2025-01-16,0718,N20,nominal,2.0NRT,281.83,1.61,N
24.66805,-78.0099,300.84,0.48,0.48,2025-01-16,0720,N20,nominal,2.0NRT,285.41,1.45,N
24.66853,-78.01093,300.58,0.48,0.48,2025-01-16,0720,N20,nominal,2.0NRT,285.45,1.63,N
23.08472,-81.27145,308.54,0.5,0.41,2025-01-16,0720,N20,nominal,2.0NRT,288.28,1.58,N
23.14274,-81.71672,301.94,0.48,0.4,2025-01-16,0720,N20,nominal,2.0NRT,288.84,0.83,N
21.96247,-78.6898,307.25,0.49,0.49,2025-01-16,0720,N20,nominal,2.0NRT,288.01,0.85,N
21.9589,-78.68804,308.78,0.49,0.49,2025-01-16,0720,N20,nominal,2.0NRT,288.2,1.22,N
22.18621,-80.52952,309.7,0.57,0.43,2025-01-16,0720,N20,nominal,2.0NRT,289.35,1.48,N
21.80975,-79.15697,317.39,0.47,0.47,2025-01-16,0720,N20,nominal,2.0NRT,288.74,2.44,N
21.80888,-79.15255,300.5,0.47,0.47,2025-01-16,0720,N20,nominal,2.0NRT,288.54,0.83,N
22.55154,-83.36271,300.42,0.42,0.38,2025-01-16,0720,N20,nominal,2.0NRT,287.88,0.47,N
22.40726,-83.32368,297.95,0.42,0.38,2025-01-16,0720,N20,nominal,2.0NRT,287.8,0.42,N
19.34651,-72.5329,307.04,0.69,0.74,2025-01-16,0720,N20,nominal,2.0NRT,289.2,1.06,N
19.34539,-72.52824,300.43,0.69,0.74,2025-01-16,0720,N20,nominal,2.0NRT,289.43,1.06,N
20.94544,-89.66476,306.5,0.48,0.4,2025-01-16,0720,N20,nominal,2.0NRT,292.34,1.01,N
20.06485,-89.19824,305.38,0.45,0.39,2025-01-16,0722,N20,nominal,2.0NRT,292.07,0.75,N
20.0619,-89.20304,302.71,0.45,0.39,2025-01-16,0722,N20,nominal,2.0NRT,292.05,0.6,N
20.06131,-89.19879,304.68,0.45,0.39,2025-01-16,0722,N20,nominal,2.0NRT,292.36,1.21,N
20.05363,-89.19567,302.58,0.45,0.39,2025-01-16,0722,N20,nominal,2.0NRT,291.27,0.83,N
19.19361,-89.13618,307.44,0.44,0.38,2025-01-16,0722,N20,nominal,2.0NRT,290.82,1.3,N
19.19303,-89.13205,307.1,0.44,0.38,2025-01-16,0722,N20,nominal,2.0NRT,291.07,1.3,N
19.19011,-89.13673,316.07,0.44,0.38,2025-01-16,0722,N20,nominal,2.0NRT,291.82,1.3,N
19.18952,-89.1326,314.71,0.44,0.38,2025-01-16,0722,N20,nominal,2.0NRT,291.64,1.3,N
19.52348,-92.19109,344.05,0.42,0.45,2025-01-16,0722,N20,nominal,2.0NRT,292.17,12.93,N
19.45193,-92.09155,307.95,0.42,0.45,2025-01-16,0722,N20,nominal,2.0NRT,290.91,6.97,N
19.45145,-92.08759,310.38,0.42,0.45,2025-01-16,0722,N20,nominal,2.0NRT,291.37,6.97,N
19.44731,-92.08817,342.57,0.42,0.45,2025-01-16,0722,N20,nominal,2.0NRT,294.95,6.97,N
19.44779,-92.09214,314.91,0.42,0.45,2025-01-16,0722,N20,nominal,2.0NRT,291.34,6.97,N
19.43693,-92.03748,325.59,0.41,0.45,2025-01-16,0722,N20,nominal,2.0NRT,291.2,2.22,N
19.3975,-92.04543,339.31,0.41,0.45,2025-01-16,0722,N20,nominal,2.0NRT,292.41,5.47,N
19.39337,-92.04601,330.74,0.41,0.45,2025-01-16,0722,N20,nominal,2.0NRT,291.2,5.47,N
20.03397,-99.27791,307.74,0.62,0.72,2025-01-16,0722,N20,nominal,2.0NRT,277.49,3.4,N
19.64088,-98.97135,299.98,0.59,0.7,2025-01-16,0722,N20,nominal,2.0NRT,279.37,1.08,N
18.64786,-92.17271,305.72,0.41,0.45,2025-01-16,0722,N20,nominal,2.0NRT,287.42,1.25,N
18.65697,-93.33579,305.36,0.49,0.48,2025-01-16,0722,N20,nominal,2.0NRT,291.68,1.58,N
18.42077,-93.19167,334.2,0.47,0.48,2025-01-16,0722,N20,nominal,2.0NRT,288.44,3.73,N
18.87509,-97.66319,298.28,0.47,0.64,2025-01-16,0722,N20,nominal,2.0NRT,282.14,1.16,N
18.32954,-93.36283,302.04,0.48,0.48,2025-01-16,0722,N20,nominal,2.0NRT,288.86,2.12,N
18.14156,-92.8285,303.13,0.44,0.46,2025-01-16,0722,N20,nominal,2.0NRT,290.46,0.45,N
17.89748,-92.49651,303.68,0.42,0.45,2025-01-16,0722,N20,nominal,2.0NRT,290.74,1.26,N
17.89698,-92.49255,314.85,0.42,0.45,2025-01-16,0722,N20,nominal,2.0NRT,290.83,1.26,N
17.89282,-92.49311,301.98,0.42,0.45,2025-01-16,0722,N20,nominal,2.0NRT,290.54,1.26,N
17.87852,-92.49287,300.75,0.42,0.45,2025-01-16,0722,N20,nominal,2.0NRT,290.61,0.9,N
17.94429,-93.28215,325.38,0.47,0.48,2025-01-16,0722,N20,nominal,2.0NRT,290.49,2.37,N
17.90603,-93.18851,301.56,0.46,0.47,2025-01-16,0722,N20,nominal,2.0NRT,290.14,1.47,N
17.9055,-93.18414,311.09,0.46,0.47,2025-01-16,0722,N20,nominal,2.0NRT,289.87,1.47,N
17.90167,-93.18909,324.18,0.46,0.47,2025-01-16,0722,N20,nominal,2.0NRT,290.31,16.27,N
17.90114,-93.18472,352.05,0.46,0.47,2025-01-16,0722,N20,nominal,2.0NRT,294.73,16.27,N
17.9006,-93.18036,321.63,0.46,0.47,2025-01-16,0722,N20,nominal,2.0NRT,289.03,7.28,N
17.90221,-93.19347,302.46,0.46,0.47,2025-01-16,0722,N20,nominal,2.0NRT,290.41,1.23,N
17.89785,-93.19403,305.83,0.46,0.47,2025-01-16,0722,N20,nominal,2.0NRT,289.85,1.23,N
17.89731,-93.1897,315.58,0.46,0.47,2025-01-16,0722,N20,nominal,2.0NRT,289.01,16.27,N
17.89678,-93.18533,313.01,0.46,0.47,2025-01-16,0722,N20,nominal,2.0NRT,289.76,16.27,N
17.89242,-93.18592,339,0.46,0.47,2025-01-16,0722,N20,nominal,2.0NRT,290.63,7.38,N
17.89349,-93.19464,302.15,0.46,0.47,2025-01-16,0722,N20,nominal,2.0NRT,289.64,2.83,N
17.89295,-93.19028,312.55,0.46,0.47,2025-01-16,0722,N20,nominal,2.0NRT,290.44,7.38,N
17.93716,-93.63203,300.39,0.5,0.49,2025-01-16,0722,N20,nominal,2.0NRT,289.27,1.64,N
17.92817,-93.63325,316.85,0.5,0.49,2025-01-16,0722,N20,nominal,2.0NRT,289.58,2.88,N
17.85456,-93.12889,302.46,0.46,0.47,2025-01-16,0722,N20,nominal,2.0NRT,288.21,2.04,N
17.85404,-93.12457,304.56,0.46,0.47,2025-01-16,0722,N20,nominal,2.0NRT,287.58,1.39,N
17.85352,-93.12024,304.45,0.46,0.47,2025-01-16,0722,N20,nominal,2.0NRT,288.8,1.39,N
17.853,-93.11593,303,0.46,0.47,2025-01-16,0722,N20,nominal,2.0NRT,288.48,1.88,N
17.92515,-93.76385,305.41,0.51,0.49,2025-01-16,0722,N20,nominal,2.0NRT,290.08,0.97,N
17.92459,-93.75907,302.21,0.51,0.49,2025-01-16,0722,N20,nominal,2.0NRT,290.6,0.97,N
17.85022,-93.12952,310.32,0.46,0.47,2025-01-16,0722,N20,nominal,2.0NRT,288.83,1.42,N
17.8497,-93.12516,316.09,0.46,0.47,2025-01-16,0722,N20,nominal,2.0NRT,288.88,3.62,N
17.84918,-93.12083,319.05,0.46,0.47,2025-01-16,0722,N20,nominal,2.0NRT,288.41,3.62,N
17.84866,-93.11651,309,0.46,0.47,2025-01-16,0722,N20,nominal,2.0NRT,286.98,1.91,N
17.84536,-93.12576,329.84,0.46,0.47,2025-01-16,0722,N20,nominal,2.0NRT,288.88,3.62,N
17.84484,-93.12141,347.13,0.46,0.47,2025-01-16,0722,N20,nominal,2.0NRT,289.88,3.62,N
17.84432,-93.11708,328.45,0.46,0.47,2025-01-16,0722,N20,nominal,2.0NRT,286.61,1.91,N
17.84641,-93.13451,302.9,0.46,0.47,2025-01-16,0722,N20,nominal,2.0NRT,287.87,1.42,N
17.84588,-93.1301,316.04,0.46,0.47,2025-01-16,0722,N20,nominal,2.0NRT,288.6,1.42,N
17.8438,-93.11276,302.18,0.46,0.47,2025-01-16,0722,N20,nominal,2.0NRT,284.19,1.91,N
17.8566,-93.12285,301.78,0.46,0.47,2025-01-16,0722,N20,nominal,2.0NRT,288.44,1.03,N
17.85281,-93.12775,306.63,0.46,0.47,2025-01-16,0722,N20,nominal,2.0NRT,287.58,1.88,N
17.85226,-93.12342,307.78,0.46,0.47,2025-01-16,0722,N20,nominal,2.0NRT,288.13,1.03,N
17.85171,-93.11913,307.29,0.46,0.47,2025-01-16,0722,N20,nominal,2.0NRT,288.39,1.03,N
17.84793,-93.12402,327.94,0.46,0.47,2025-01-16,0722,N20,nominal,2.0NRT,288.5,3.78,N
17.84737,-93.11968,324.83,0.46,0.47,2025-01-16,0722,N20,nominal,2.0NRT,287.05,3.78,N
17.84847,-93.12834,313.67,0.46,0.47,2025-01-16,0722,N20,nominal,2.0NRT,288.03,1.68,N
17.84682,-93.11537,312.39,0.46,0.47,2025-01-16,0722,N20,nominal,2.0NRT,286.16,1.78,N
17.84358,-93.12459,340.49,0.46,0.47,2025-01-16,0722,N20,nominal,2.0NRT,289.22,3.78,N
17.84304,-93.12026,334.94,0.46,0.47,2025-01-16,0722,N20,nominal,2.0NRT,287.75,3.78,N
17.9235,-93.76183,309.6,0.51,0.49,2025-01-16,0722,N20,nominal,2.0NRT,290.32,1.62,N
17.84469,-93.13331,307.58,0.46,0.47,2025-01-16,0722,N20,nominal,2.0NRT,287.26,1.68,N
17.84414,-93.12893,313.1,0.46,0.47,2025-01-16,0722,N20,nominal,2.0NRT,288.54,1.68,N
17.84249,-93.11594,314.35,0.46,0.47,2025-01-16,0722,N20,nominal,2.0NRT,284.6,1.78,N
17.83925,-93.12517,320.69,0.46,0.47,2025-01-16,0722,N20,nominal,2.0NRT,287.74,1.97,N
17.8387,-93.12083,326.92,0.46,0.47,2025-01-16,0722,N20,nominal,2.0NRT,287.17,1.97,N
17.84035,-93.13389,300.29,0.46,0.47,2025-01-16,0722,N20,nominal,2.0NRT,288.2,0.93,N
17.8398,-93.12953,305.07,0.46,0.47,2025-01-16,0722,N20,nominal,2.0NRT,287.07,0.93,N
17.83815,-93.1165,318.19,0.46,0.47,2025-01-16,0722,N20,nominal,2.0NRT,287.22,2.44,N
17.83491,-93.12576,301.56,0.46,0.47,2025-01-16,0722,N20,nominal,2.0NRT,286.4,1.97,N
46.39388,-95.61322,302.7,0.58,0.7,2025-01-16,0713,N20,nominal,2.0NRT,266.14,2.95,N
46.39386,-95.60544,315.49,0.58,0.7,2025-01-16,0713,N20,nominal,2.0NRT,268.73,3.35,N
40.15389,-74.77059,314.45,0.54,0.42,2025-01-16,0713,N20,nominal,2.0NRT,265.83,1.69,N
40.13772,-74.80938,295.17,0.54,0.42,2025-01-16,0713,N20,nominal,2.0NRT,265.51,0.37,N
39.94041,-76.81526,320.54,0.45,0.39,2025-01-16,0716,N20,nominal,2.0NRT,266.41,2.38,N
41.63438,-93.21987,316.02,0.42,0.61,2025-01-16,0716,N20,nominal,2.0NRT,267.66,1.36,N
41.63169,-93.21741,300.3,0.42,0.61,2025-01-16,0716,N20,nominal,2.0NRT,268.02,1.8,N
41.48059,-90.83537,336.98,0.62,0.54,2025-01-16,0716,N20,nominal,2.0NRT,266.9,8.52,N
41.36843,-92.90633,297.99,0.4,0.6,2025-01-16,0716,N20,nominal,2.0NRT,268.06,0.92,N
39.74777,-95.93126,302.92,0.56,0.69,2025-01-16,0716,N20,nominal,2.0NRT,268.23,1.15,N
39.74651,-95.92999,303.11,0.56,0.69,2025-01-16,0716,N20,nominal,2.0NRT,268.01,1.11,N
39.57982,-94.78699,302.44,0.49,0.65,2025-01-16,0716,N20,nominal,2.0NRT,267.78,1.06,N
39.58849,-95.60533,305.38,0.54,0.68,2025-01-16,0716,N20,nominal,2.0NRT,270.07,1.82,N
38.76271,-84.99895,301.76,0.46,0.39,2025-01-16,0716,N20,nominal,2.0NRT,269.14,1.32,N
38.71986,-85.07842,303.65,0.46,0.39,2025-01-16,0716,N20,nominal,2.0NRT,265.94,1.39,N
39.17815,-90.2028,299.06,0.55,0.51,2025-01-16,0716,N20,nominal,2.0NRT,266.65,1.16,N
38.65591,-97.04252,305.25,0.64,0.72,2025-01-16,0716,N20,nominal,2.0NRT,269.53,2.02,N
36.35495,-76.81045,296.54,0.51,0.41,2025-01-16,0716,N20,nominal,2.0NRT,270.32,1.46,N
36.35384,-76.80488,295.11,0.51,0.41,2025-01-16,0716,N20,nominal,2.0NRT,268.46,0.97,N
38.00993,-90.0852,307.1,0.53,0.5,2025-01-16,0716,N20,nominal,2.0NRT,269.89,1.21,N
37.96737,-90.07838,308.57,0.52,0.5,2025-01-16,0716,N20,nominal,2.0NRT,270.76,1.98,N
37.24659,-88.87022,298.78,0.44,0.46,2025-01-16,0716,N20,nominal,2.0NRT,268.12,1.26,N
37.24613,-88.86526,302.76,0.44,0.46,2025-01-16,0716,N20,nominal,2.0NRT,268.78,1.26,N
36.57918,-85.88571,297.48,0.47,0.4,2025-01-16,0716,N20,nominal,2.0NRT,267.65,0.82,N
36.57375,-86.08432,295.83,0.48,0.4,2025-01-16,0716,N20,nominal,2.0NRT,267.54,0.51,N
35.88735,-83.52348,295.35,0.4,0.37,2025-01-16,0716,N20,nominal,2.0NRT,267.32,0.55,N
35.69389,-82.51838,326.64,0.39,0.36,2025-01-16,0716,N20,nominal,2.0NRT,271.97,6.77,N
35.34428,-80.82927,309.75,0.39,0.36,2025-01-16,0716,N20,nominal,2.0NRT,269.23,1.08,N
35.34097,-80.83009,313.5,0.39,0.36,2025-01-16,0716,N20,nominal,2.0NRT,266.31,1.08,N
35.34026,-80.82583,304.8,0.39,0.36,2025-01-16,0716,N20,nominal,2.0NRT,267.36,1.08,N
35.93581,-86.37588,295.36,0.49,0.4,2025-01-16,0716,N20,nominal,2.0NRT,269.23,0.78,N
34.84182,-79.7429,295.45,0.42,0.38,2025-01-16,0716,N20,nominal,2.0NRT,266.03,0.8,N
34.83762,-79.7393,297.94,0.42,0.38,2025-01-16,0716,N20,nominal,2.0NRT,269.74,0.95,N
35.71548,-86.82102,304.75,0.51,0.41,2025-01-16,0716,N20,nominal,2.0NRT,268.14,1.25,N
35.93683,-89.71329,307.2,0.48,0.48,2025-01-16,0716,N20,nominal,2.0NRT,272.5,0.96,N
34.37578,-79.88825,311.73,0.42,0.38,2025-01-16,0716,N20,nominal,2.0NRT,270.33,1.57,N
35.65063,-89.93752,307.27,0.49,0.48,2025-01-16,0716,N20,nominal,2.0NRT,272.81,1.75,N
35.65014,-89.93211,308.95,0.49,0.48,2025-01-16,0716,N20,nominal,2.0NRT,273.26,1.75,N
35.79501,-91.7494,306.85,0.62,0.54,2025-01-16,0716,N20,nominal,2.0NRT,270.86,2.23,N
35.24915,-86.94241,295.47,0.51,0.41,2025-01-16,0716,N20,nominal,2.0NRT,269.11,0.5,N
35.71226,-92.82858,297.73,0.35,0.57,2025-01-16,0716,N20,nominal,2.0NRT,272.23,1.09,N
34.62115,-83.09492,308.01,0.39,0.36,2025-01-16,0716,N20,nominal,2.0NRT,269.18,0.97,N
34.22419,-82.20297,316.09,0.38,0.36,2025-01-16,0716,N20,nominal,2.0NRT,269.44,0.81,N
35.04518,-90.16443,297.37,0.49,0.49,2025-01-16,0716,N20,nominal,2.0NRT,270.49,1.04,N
34.80556,-88.32465,298.58,0.39,0.44,2025-01-16,0716,N20,nominal,2.0NRT,271.05,0.97,N
34.30534,-84.41536,321.43,0.4,0.37,2025-01-16,0716,N20,nominal,2.0NRT,271.54,2.1,N
34.63922,-87.08539,323.05,0.51,0.41,2025-01-16,0716,N20,nominal,2.0NRT,275.13,2.27,N
34.63987,-87.09093,304.83,0.51,0.41,2025-01-16,0716,N20,nominal,2.0NRT,273.69,2.27,N
34.24022,-84.79977,337.6,0.41,0.37,2025-01-16,0716,N20,nominal,2.0NRT,271.28,4.44,N
33.62475,-82.54883,316.89,0.38,0.36,2025-01-16,0716,N20,nominal,2.0NRT,272.76,1.63,N
34.61336,-92.27871,312.87,0.32,0.55,2025-01-16,0716,N20,nominal,2.0NRT,269.88,0.78,N
33.52358,-82.66282,298.17,0.38,0.36,2025-01-16,0716,N20,nominal,2.0NRT,270.9,0.62,N
34.61438,-92.27881,309.17,0.32,0.55,2025-01-16,0716,N20,nominal,2.0NRT,269.86,0.66,N
33.01457,-79.88812,307.09,0.43,0.38,2025-01-16,0716,N20,nominal,2.0NRT,271.64,1.67,N
33.01375,-79.88358,315.78,0.43,0.38,2025-01-16,0716,N20,nominal,2.0NRT,273.12,1.67,N
33.00686,-79.88532,301.59,0.43,0.38,2025-01-16,0716,N20,nominal,2.0NRT,273.58,1.1,N
33.15168,-81.8771,304.03,0.39,0.36,2025-01-16,0718,N20,nominal,2.0NRT,273.53,0.75,N
32.96346,-81.44177,295.19,0.39,0.37,2025-01-16,0718,N20,nominal,2.0NRT,258.39,0.62,N
34.46641,-97.54106,308.79,0.64,0.72,2025-01-16,0718,N20,nominal,2.0NRT,269.88,1.86,N
34.46355,-97.53793,329.57,0.64,0.72,2025-01-16,0718,N20,nominal,2.0NRT,271.62,2.75,N
33.58352,-86.7826,296.51,0.48,0.4,2025-01-16,0718,N20,nominal,2.0NRT,274.69,1.31,N
33.54506,-86.80518,298.41,0.48,0.4,2025-01-16,0718,N20,nominal,2.0NRT,274.11,1.01,N
33.53581,-86.75934,327.29,0.48,0.4,2025-01-16,0718,N20,nominal,2.0NRT,273.41,3.32,N
33.54614,-86.80655,298.94,0.48,0.4,2025-01-16,0718,N20,nominal,2.0NRT,273.89,1.03,N
33.536,-86.75563,313.87,0.48,0.4,2025-01-16,0718,N20,nominal,2.0NRT,274.41,2,N
33.44719,-88.58144,302.2,0.39,0.44,2025-01-16,0718,N20,nominal,2.0NRT,273.98,1.08,N
33.22302,-86.81496,304.23,0.48,0.4,2025-01-16,0718,N20,nominal,2.0NRT,275.24,1.44,N
33.21992,-86.78934,303.63,0.48,0.4,2025-01-16,0718,N20,nominal,2.0NRT,274.23,1.42,N
33.22365,-86.81699,307.85,0.48,0.4,2025-01-16,0718,N20,nominal,2.0NRT,274.48,1.14,N
33.22041,-86.79137,300.24,0.48,0.4,2025-01-16,0718,N20,nominal,2.0NRT,274.26,1.04,N
33.17885,-86.75731,308.02,0.47,0.4,2025-01-16,0718,N20,nominal,2.0NRT,273.53,1.53,N
33.23547,-87.50687,296.09,0.51,0.41,2025-01-16,0718,N20,nominal,2.0NRT,274.24,2.5,N
33.23233,-87.51304,328.69,0.51,0.41,2025-01-16,0718,N20,nominal,2.0NRT,276.49,2.5,N
33.10583,-86.7971,295.59,0.47,0.4,2025-01-16,0718,N20,nominal,2.0NRT,274.14,0.8,N
33.09188,-86.80479,317.93,0.47,0.4,2025-01-16,0718,N20,nominal,2.0NRT,275.69,2.8,N
33.23991,-89.31426,311.53,0.42,0.45,2025-01-16,0718,N20,nominal,2.0NRT,273.16,1.4,N
32.40068,-87.53674,295.58,0.5,0.41,2025-01-16,0718,N20,nominal,2.0NRT,276.09,0.82,N
32.31638,-90.13439,305.81,0.46,0.47,2025-01-16,0718,N20,nominal,2.0NRT,275.87,0.82,N
32.17823,-90.18752,317.96,0.46,0.47,2025-01-16,0718,N20,nominal,2.0NRT,274.19,1.31,N
32.34002,-93.69698,295.36,0.37,0.58,2025-01-16,0718,N20,nominal,2.0NRT,274.04,0.51,N
48.11264,-102.90355,300.78,0.38,0.36,2025-01-16,0854,N20,nominal,2.0NRT,265.6,0.27,N
48.10135,-102.87547,308.98,0.38,0.36,2025-01-16,0854,N20,nominal,2.0NRT,267.45,0.86,N
29.02522,-111.45898,298.25,0.41,0.37,2025-01-16,0900,N20,nominal,2.0NRT,278.14,0.43,N
47.63938,-103.09937,322.17,0.38,0.36,2025-01-16,0854,N20,nominal,2.0NRT,268.83,1.57,N
25.48842,-103.39864,300.65,0.47,0.47,2025-01-16,0900,N20,nominal,2.0NRT,281.25,0.85,N
47.47236,-103.21392,297.1,0.38,0.36,2025-01-16,0854,N20,nominal,2.0NRT,263.69,0.13,N
22.82761,-102.38598,297.7,0.61,0.53,2025-01-16,0902,N20,nominal,2.0NRT,277.38,1.43,N
46.78267,-109.06868,328.17,0.5,0.41,2025-01-16,0856,N20,nominal,2.0NRT,257.43,7.34,N
46.78199,-109.0623,320.41,0.5,0.41,2025-01-16,0856,N20,nominal,2.0NRT,256.64,2.63,N
20.52846,-100.92458,328.66,0.42,0.61,2025-01-16,0902,N20,nominal,2.0NRT,279.5,2.93,N
46.77938,-109.10907,321.09,0.5,0.41,2025-01-16,0856,N20,nominal,2.0NRT,253.43,4.44,N
45.72141,-104.75043,313.17,0.39,0.36,2025-01-16,0856,N20,nominal,2.0NRT,267.17,0.92,N
20.58462,-101.17756,298.23,0.4,0.6,2025-01-16,0902,N20,nominal,2.0NRT,283.37,1.52,N
46.2059,-112.65662,305.22,0.46,0.47,2025-01-16,0856,N20,nominal,2.0NRT,269.92,2.24,N
20.58379,-101.1738,297.56,0.4,0.6,2025-01-16,0902,N20,nominal,2.0NRT,280.49,1.08,N
46.20543,-112.65617,306.49,0.46,0.47,2025-01-16,0856,N20,nominal,2.0NRT,270.07,1.66,N
46.17577,-112.67221,307.39,0.47,0.47,2025-01-16,0856,N20,nominal,2.0NRT,271.39,2.21,N
20.58295,-101.17003,310.42,0.4,0.6,2025-01-16,0902,N20,nominal,2.0NRT,280.02,1.08,N
46.16757,-112.68037,295.64,0.47,0.47,2025-01-16,0856,N20,nominal,2.0NRT,268.96,0.77,N
20.57838,-101.17514,337.97,0.4,0.6,2025-01-16,0902,N20,nominal,2.0NRT,280.97,4,N
46.16705,-112.67384,301.75,0.47,0.47,2025-01-16,0856,N20,nominal,2.0NRT,268.84,1.78,N
20.57755,-101.17136,329.37,0.4,0.6,2025-01-16,0902,N20,nominal,2.0NRT,280.8,4,N
46.16268,-112.67448,306.77,0.47,0.47,2025-01-16,0856,N20,nominal,2.0NRT,269.76,1.23,N
20.52296,-100.92594,297.38,0.42,0.61,2025-01-16,0902,N20,nominal,2.0NRT,281.99,1.12,N
46.15929,-112.68768,305.36,0.47,0.47,2025-01-16,0856,N20,nominal,2.0NRT,270.17,2.33,N
20.37206,-100.36231,300.09,0.46,0.64,2025-01-16,0902,N20,nominal,2.0NRT,279.05,0.8,N
46.15591,-112.70116,298.29,0.47,0.47,2025-01-16,0856,N20,nominal,2.0NRT,270.63,1.75,N
20.37118,-100.36095,301.36,0.46,0.64,2025-01-16,0902,N20,nominal,2.0NRT,279.44,0.59,N
44.45158,-103.66251,299.11,0.39,0.36,2025-01-16,0856,N20,nominal,2.0NRT,271.93,0.9,N
44.44753,-103.65877,297.25,0.39,0.36,2025-01-16,0856,N20,nominal,2.0NRT,271.22,0.91,N
20.0299,-99.27266,296.34,0.55,0.68,2025-01-16,0902,N20,nominal,2.0NRT,278.02,1.37,N
41.47842,-90.83579,295.1,0.47,0.64,2025-01-16,0856,N20,nominal,2.0NRT,266.29,1.19,N
41.63448,-93.21754,299.1,0.36,0.57,2025-01-16,0856,N20,nominal,2.0NRT,268.25,0.47,N
19.749,-98.60245,304.01,0.62,0.71,2025-01-16,0902,N20,nominal,2.0NRT,277.48,2.15,N
45.26614,-117.79086,296.12,0.4,0.6,2025-01-16,0856,N20,nominal,2.0NRT,271.94,0.97,N
45.26591,-117.78445,295.29,0.4,0.6,2025-01-16,0856,N20,nominal,2.0NRT,272.02,1.25,N
19.74883,-98.60361,309.07,0.62,0.71,2025-01-16,0902,N20,nominal,2.0NRT,276.67,2.15,N
45.26055,-117.79133,295.43,0.4,0.6,2025-01-16,0856,N20,nominal,2.0NRT,270.67,1.06,N
20.10269,-100.76212,319.35,0.44,0.62,2025-01-16,0902,N20,nominal,2.0NRT,276.53,1.47,N
45.26032,-117.78468,311.44,0.4,0.6,2025-01-16,0856,N20,nominal,2.0NRT,271.86,2.3,N
43.63682,-104.55434,301.49,0.38,0.36,2025-01-16,0856,N20,nominal,2.0NRT,265.59,0.7,N
20.10179,-100.75803,300.01,0.44,0.62,2025-01-16,0902,N20,nominal,2.0NRT,276.73,1.47,N
42.08627,-97.36146,300.13,0.44,0.46,2025-01-16,0856,N20,nominal,2.0NRT,268.41,0.53,N
42.39621,-105.35831,295.54,0.38,0.36,2025-01-16,0856,N20,nominal,2.0NRT,270.12,1.18,N
19.17288,-98.32347,307.12,0.66,0.73,2025-01-16,0902,N20,nominal,2.0NRT,270.78,1.46,N
43.25084,-123.5549,304.59,0.77,0.77,2025-01-16,0856,N20,nominal,2.0NRT,276.46,2.77,N
18.97212,-97.96813,299.09,0.7,0.75,2025-01-16,0902,N20,nominal,2.0NRT,279.97,1.98,N
42.68652,-111.59454,331.88,0.57,0.43,2025-01-16,0856,N20,nominal,2.0NRT,263.97,13.46,N
18.96979,-97.96539,301.42,0.7,0.75,2025-01-16,0902,N20,nominal,2.0NRT,281.91,2.21,N
43.25579,-123.55341,306.37,0.76,0.77,2025-01-16,0856,N20,nominal,2.0NRT,277.02,3.1,N
19.67529,-103.37873,305.67,0.61,0.53,2025-01-16,0902,N20,nominal,2.0NRT,281.01,2.06,N
39.74561,-95.92702,295.12,0.59,0.53,2025-01-16,0856,N20,nominal,2.0NRT,268.23,0.77,N
19.70225,-103.95747,297.36,0.55,0.51,2025-01-16,0902,N20,nominal,2.0NRT,282.74,0.56,N
37.97021,-90.08168,306.28,0.65,0.73,2025-01-16,0856,N20,nominal,2.0NRT,272.03,1.99,N
19.0064,-104.25986,307.63,0.55,0.51,2025-01-16,0902,N20,nominal,2.0NRT,287.29,1.03,N
37.96507,-90.07986,295.34,0.65,0.73,2025-01-16,0856,N20,nominal,2.0NRT,271.38,0.99,N
42.5784,-120.5372,298.05,0.54,0.68,2025-01-16,0856,N20,nominal,2.0NRT,270.87,1.24,N
19.00834,-104.26128,311.02,0.55,0.51,2025-01-16,0902,N20,nominal,2.0NRT,286.27,2.63,N
41.33542,-107.1042,338.89,0.39,0.37,2025-01-16,0856,N20,nominal,2.0NRT,262.88,6.43,N
17.93705,-102.21595,303.31,0.39,0.59,2025-01-16,0902,N20,nominal,2.0NRT,287.02,0.66,N
38.15142,-93.97297,304.03,0.41,0.61,2025-01-16,0856,N20,nominal,2.0NRT,270.65,0.87,N
38.15019,-93.96851,295.77,0.41,0.61,2025-01-16,0856,N20,nominal,2.0NRT,270.39,0.87,N
41.87867,-123.3967,311.15,0.74,0.76,2025-01-16,0856,N20,nominal,2.0NRT,276.35,2.21,N
41.8826,-123.39633,315.65,0.74,0.76,2025-01-16,0856,N20,nominal,2.0NRT,276.41,2.9,N
41.81149,-122.72824,295.67,0.69,0.74,2025-01-16,0856,N20,nominal,2.0NRT,273.69,0.81,N
41.81176,-122.72786,295.3,0.69,0.74,2025-01-16,0856,N20,nominal,2.0NRT,273.61,0.92,N
38.655,-97.03912,307.95,0.55,0.51,2025-01-16,0856,N20,nominal,2.0NRT,269.1,1.65,N
40.82269,-114.25961,296.14,0.49,0.48,2025-01-16,0856,N20,nominal,2.0NRT,265.63,2.19,N
37.05062,-95.6085,296.37,0.36,0.57,2025-01-16,0856,N20,nominal,2.0NRT,277.26,1.05,N
39.02889,-104.96796,324.97,0.39,0.36,2025-01-16,0856,N20,nominal,2.0NRT,268.68,2.36,N
39.02636,-104.97332,326.57,0.39,0.36,2025-01-16,0856,N20,nominal,2.0NRT,266.64,2.36,N
39.0256,-104.96889,314.7,0.39,0.36,2025-01-16,0856,N20,nominal,2.0NRT,267.95,2.36,N
39.02485,-104.96445,315.17,0.39,0.36,2025-01-16,0856,N20,nominal,2.0NRT,267.18,1.77,N
39.02232,-104.96983,321.21,0.39,0.36,2025-01-16,0856,N20,nominal,2.0NRT,267.06,2.23,N
39.02308,-104.97426,303.77,0.39,0.36,2025-01-16,0856,N20,nominal,2.0NRT,265.53,2.23,N
39.02156,-104.96537,319.9,0.39,0.36,2025-01-16,0856,N20,nominal,2.0NRT,268.12,1.42,N
39.01979,-104.97519,323.25,0.39,0.36,2025-01-16,0856,N20,nominal,2.0NRT,265.7,2.23,N
39.01904,-104.97076,333.87,0.39,0.36,2025-01-16,0856,N20,nominal,2.0NRT,266.85,2.23,N
39.01828,-104.9663,296.15,0.39,0.36,2025-01-16,0856,N20,nominal,2.0NRT,264.93,1.42,N
39.01575,-104.97169,329.85,0.39,0.36,2025-01-16,0856,N20,nominal,2.0NRT,267.16,2.42,N
39.0165,-104.97611,303.13,0.39,0.36,2025-01-16,0856,N20,nominal,2.0NRT,264.54,2.42,N
39.01247,-104.97261,335.94,0.39,0.36,2025-01-16,0856,N20,nominal,2.0NRT,267.55,2.42,N
39.01321,-104.97704,318.68,0.39,0.36,2025-01-16,0856,N20,nominal,2.0NRT,263.76,2.42,N
39.00843,-104.96909,308.59,0.39,0.36,2025-01-16,0856,N20,nominal,2.0NRT,266.83,1.18,N
35.79677,-91.74715,305.94,0.62,0.71,2025-01-16,0856,N20,nominal,2.0NRT,270.09,1.45,N
40.38535,-121.09663,303.98,0.56,0.69,2025-01-16,0858,N20,nominal,2.0NRT,267.81,3,N
40.379,-121.09729,325.49,0.56,0.69,2025-01-16,0858,N20,nominal,2.0NRT,268.01,3,N
36.19692,-95.81197,311,0.37,0.58,2025-01-16,0858,N20,nominal,2.0NRT,276,1.23,N
39.62209,-119.26693,299.07,0.44,0.62,2025-01-16,0858,N20,nominal,2.0NRT,265.96,0.61,N
36.51905,-97.8372,298.36,0.56,0.52,2025-01-16,0858,N20,nominal,2.0NRT,272.82,1.11,N
35.70192,-101.37128,308.74,0.38,0.43,2025-01-16,0858,N20,nominal,2.0NRT,270.6,0.83,N
35.69632,-101.36441,297.08,0.38,0.43,2025-01-16,0858,N20,nominal,2.0NRT,276.13,2.21,N
34.46459,-97.53356,367,0.33,0.55,2025-01-16,0858,N20,high,2.0NRT,276.89,6.5,N
34.46495,-97.53339,367,0.33,0.55,2025-01-16,0858,N20,high,2.0NRT,275.41,6.62,N
34.46411,-97.52991,296.61,0.33,0.55,2025-01-16,0858,N20,nominal,2.0NRT,271.87,4.1,N
34.20482,-97.10296,295.85,0.35,0.57,2025-01-16,0858,N20,nominal,2.0NRT,278.27,0.9,N
35.51759,-113.31727,306.41,0.57,0.43,2025-01-16,0858,N20,nominal,2.0NRT,269.64,1.3,N
32.45824,-97.03658,297.77,0.39,0.59,2025-01-16,0858,N20,nominal,2.0NRT,278.87,0.85,N
31.45412,-95.74991,319.12,0.49,0.65,2025-01-16,0858,N20,nominal,2.0NRT,267.22,2.87,N
31.45547,-95.74732,308.35,0.49,0.65,2025-01-16,0858,N20,nominal,2.0NRT,267.39,1.63,N
31.94916,-99.36305,313.66,0.59,0.53,2025-01-16,0858,N20,nominal,2.0NRT,268.92,3.2,N
31.94448,-99.36465,320.89,0.59,0.53,2025-01-16,0858,N20,nominal,2.0NRT,267.92,2.79,N
31.94587,-99.3706,300.36,0.59,0.53,2025-01-16,0858,N20,nominal,2.0NRT,263.57,2.79,N
34.60934,-117.34138,299.24,0.62,0.54,2025-01-16,0858,N20,nominal,2.0NRT,270.89,2,N
32.78904,-104.2298,311.32,0.48,0.4,2025-01-16,0858,N20,nominal,2.0NRT,268.88,1.44,N
32.2124,-101.84451,328.87,0.42,0.45,2025-01-16,0858,N20,nominal,2.0NRT,256.31,4.18,N
34.43356,-118.64801,296.13,0.37,0.58,2025-01-16,0858,N20,nominal,2.0NRT,275.89,0.81,N
30.05373,-93.75266,296.89,0.69,0.74,2025-01-16,0858,N20,nominal,2.0NRT,278.75,1.1,N
34.33412,-118.52259,306.33,0.36,0.57,2025-01-16,0858,N20,nominal,2.0NRT,278.28,0.55,N
30.08245,-94.07976,296.99,0.66,0.73,2025-01-16,0858,N20,nominal,2.0NRT,275.44,1.6,N
34.33509,-118.52199,307.93,0.36,0.57,2025-01-16,0858,N20,nominal,2.0NRT,279.04,0.4,N
30.06869,-94.0728,295.18,0.66,0.73,2025-01-16,0858,N20,nominal,2.0NRT,281.63,1.57,N
32.2224,-103.52844,298.37,0.52,0.42,2025-01-16,0858,N20,nominal,2.0NRT,270.46,0.85,N
33.41945,-110.86314,326.28,0.43,0.38,2025-01-16,0858,N20,nominal,2.0NRT,277.97,11.61,N
33.41884,-110.85863,295.2,0.43,0.38,2025-01-16,0858,N20,nominal,2.0NRT,279.47,11.83,N
34.15337,-118.19507,309.08,0.34,0.56,2025-01-16,0858,N20,nominal,2.0NRT,279.93,1,N
34.08191,-117.50401,300.08,0.62,0.54,2025-01-16,0858,N20,nominal,2.0NRT,276.93,1.27,N
34.04077,-117.82422,296.01,0.32,0.55,2025-01-16,0858,N20,nominal,2.0NRT,278.38,0.45,N
29.76204,-93.87273,301.27,0.69,0.74,2025-01-16,0858,N20,nominal,2.0NRT,277.62,2.16,N
29.75742,-93.8819,298.31,0.69,0.74,2025-01-16,0858,N20,nominal,2.0NRT,280.07,2.01,N
33.85662,-118.33549,295.56,0.35,0.56,2025-01-16,0858,N20,nominal,2.0NRT,281.22,0.83,N
33.8514,-118.33603,295.59,0.35,0.56,2025-01-16,0858,N20,nominal,2.0NRT,280.11,0.83,N
33.81872,-118.24535,298.83,0.34,0.56,2025-01-16,0858,N20,nominal,2.0NRT,284.64,1.23,N
33.81327,-118.2422,295.52,0.34,0.56,2025-01-16,0858,N20,nominal,2.0NRT,283.56,1.47,N
31.3897,-101.66373,302.35,0.45,0.47,2025-01-16,0858,N20,nominal,2.0NRT,264.97,0.48,N
29.74739,-95.01634,298.55,0.59,0.7,2025-01-16,0858,N20,nominal,2.0NRT,283.57,1.71,N
29.72615,-95.12238,298.52,0.58,0.7,2025-01-16,0858,N20,nominal,2.0NRT,284.8,1.34,N
33.61203,-117.82486,298.34,0.32,0.55,2025-01-16,0858,N20,nominal,2.0NRT,278.35,0.37,N
29.71555,-95.23341,297.07,0.58,0.69,2025-01-16,0858,N20,nominal,2.0NRT,283.14,1.3,N
29.37906,-94.93535,295.02,0.61,0.71,2025-01-16,0858,N20,nominal,2.0NRT,280.94,2.08,N
29.37575,-94.9233,298.59,0.61,0.71,2025-01-16,0858,N20,nominal,2.0NRT,282.28,2.01,N
31.96646,-106.58647,302.81,0.4,0.37,2025-01-16,0858,N20,nominal,2.0NRT,274.83,0.64,N
32.6554,-115.34511,329.54,0.45,0.47,2025-01-16,0858,N20,nominal,2.0NRT,277.55,3.55,N
29.57941,-98.03349,302.79,0.4,0.6,2025-01-16,0858,N20,nominal,2.0NRT,266.13,1.15,N
29.33974,-97.1132,296.55,0.46,0.63,2025-01-16,0858,N20,nominal,2.0NRT,274.46,0.69,N
32.53836,-116.64371,300.16,0.53,0.5,2025-01-16,0900,N20,nominal,2.0NRT,276.86,0.66,N
29.09173,-96.88329,295.7,0.48,0.65,2025-01-16,0900,N20,nominal,2.0NRT,276.31,1,N
32.37263,-117.07027,296.07,0.56,0.52,2025-01-16,0900,N20,nominal,2.0NRT,279.18,1.05,N
28.70191,-96.54332,310.33,0.51,0.66,2025-01-16,0900,N20,nominal,2.0NRT,279.44,1.83,N
28.53094,-98.54524,307.82,0.39,0.6,2025-01-16,0900,N20,nominal,2.0NRT,276.61,0.67,N
28.52563,-98.54688,301.3,0.39,0.6,2025-01-16,0900,N20,nominal,2.0NRT,276.3,0.67,N
28.0605,-97.44123,313.72,0.47,0.64,2025-01-16,0900,N20,nominal,2.0NRT,277.29,2.1,N
28.05934,-97.43659,295.34,0.47,0.64,2025-01-16,0900,N20,nominal,2.0NRT,278.17,1.57,N
30.49605,-109.63028,302.95,0.39,0.36,2025-01-16,0900,N20,nominal,2.0NRT,267.8,1,N
27.88931,-97.27341,296.43,0.48,0.65,2025-01-16,0900,N20,nominal,2.0NRT,279.66,1.38,N
27.82226,-97.20698,295.98,0.49,0.65,2025-01-16,0900,N20,nominal,2.0NRT,279.02,1.23,N
27.82524,-97.20957,296.5,0.49,0.65,2025-01-16,0900,N20,nominal,2.0NRT,276.62,1.25,N
28.47967,-100.01083,297.22,0.32,0.55,2025-01-16,0900,N20,nominal,2.0NRT,273.5,0.41,N
45.26434,-117.78619,305.57,0.62,0.54,2025-01-16,1036,N20,nominal,2.0NRT,271.84,2.3,N
45.26257,-117.77966,313.67,0.62,0.54,2025-01-16,1036,N20,nominal,2.0NRT,272.05,2.3,N
45.26466,-117.77615,296.54,0.62,0.54,2025-01-16,1036,N20,nominal,2.0NRT,272.47,1.19,N
45.26183,-117.78555,298.8,0.62,0.54,2025-01-16,1036,N20,nominal,2.0NRT,271.71,2.11,N
45.26006,-117.77889,306.22,0.62,0.54,2025-01-16,1036,N20,nominal,2.0NRT,271.77,2.25,N
42.68745,-111.58965,333.91,0.72,0.76,2025-01-16,1036,N20,nominal,2.0NRT,264.88,15.18,N
42.68661,-111.59024,340.76,0.72,0.76,2025-01-16,1036,N20,nominal,2.0NRT,264.43,10.96,N
44.97238,-122.5738,309.12,0.39,0.44,2025-01-16,1036,N20,nominal,2.0NRT,274.49,1.06,N
43.35849,-123.6525,299.94,0.56,0.43,2025-01-16,1038,N20,nominal,2.0NRT,274.77,1.13,N
40.82632,-114.25948,303.49,0.62,0.71,2025-01-16,1038,N20,nominal,2.0NRT,265.61,1.89,N
43.2535,-123.54968,297.15,0.57,0.43,2025-01-16,1038,N20,nominal,2.0NRT,276.38,0.9,N
41.88849,-123.37674,307.53,0.42,0.45,2025-01-16,1038,N20,nominal,2.0NRT,275.33,1.22,N
41.88438,-123.37778,303.5,0.42,0.45,2025-01-16,1038,N20,nominal,2.0NRT,274.99,2.05,N
41.88025,-123.37879,324.32,0.42,0.45,2025-01-16,1038,N20,nominal,2.0NRT,275.99,2.05,N
41.8812,-123.383,319.29,0.41,0.45,2025-01-16,1038,N20,nominal,2.0NRT,275.07,2.05,N
40.38448,-121.09413,297.34,0.58,0.52,2025-01-16,1038,N20,nominal,2.0NRT,266.08,0.66,N
40.37985,-121.09598,335.1,0.58,0.52,2025-01-16,1038,N20,nominal,2.0NRT,266.93,4.74,N
40.37829,-121.0898,303.51,0.58,0.52,2025-01-16,1038,N20,nominal,2.0NRT,266.42,4.74,N
37.88514,-121.18558,296.11,0.33,0.55,2025-01-16,1038,N20,nominal,2.0NRT,273.37,0.42,N
38.0154,-122.1165,295.12,0.59,0.53,2025-01-16,1038,N20,nominal,2.0NRT,280.23,0.83,N
36.65832,-119.94093,303.91,0.42,0.61,2025-01-16,1038,N20,nominal,2.0NRT,274.45,0.83,N
34.61047,-117.3382,306.03,0.65,0.73,2025-01-16,1038,N20,nominal,2.0NRT,270.9,2.02,N
34.60616,-117.33955,301.7,0.65,0.73,2025-01-16,1038,N20,nominal,2.0NRT,269.57,2.15,N
34.07968,-117.50323,298.34,0.66,0.73,2025-01-16,1038,N20,nominal,2.0NRT,276.03,1.08,N
34.15638,-118.1944,297.74,0.6,0.71,2025-01-16,1040,N20,nominal,2.0NRT,275.71,0.58,N
34.31491,-119.26867,296.82,0.52,0.67,2025-01-16,1040,N20,nominal,2.0NRT,283.87,0.42,N
33.85306,-118.33487,299.47,0.6,0.71,2025-01-16,1040,N20,nominal,2.0NRT,283.39,1.51,N
46.78519,-109.07508,300.1,0.67,0.74,2025-01-16,1034,N20,nominal,2.0NRT,270.48,1.25,N
46.78223,-109.06685,305.49,0.67,0.74,2025-01-16,1034,N20,nominal,2.0NRT,271.41,2.54,N
48.68795,-119.12346,303.68,0.44,0.46,2025-01-16,1036,N20,nominal,2.0NRT,263.43,1.18,N
46.16478,-112.6761,296.91,0.5,0.65,2025-01-16,1036,N20,nominal,2.0NRT,268.46,1.02,N
47.46896,-122.04803,317.3,0.54,0.42,2025-01-16,1036,N20,nominal,2.0NRT,273.26,2.28,N
19.41945,-155.29062,302.86,0.52,0.5,2025-01-16,1225,N20,nominal,2.0NRT,281.74,1.04,N
19.41844,-155.28545,313.4,0.52,0.5,2025-01-16,1225,N20,nominal,2.0NRT,284.37,1.04,N
19.41739,-155.28011,313.8,0.52,0.5,2025-01-16,1225,N20,nominal,2.0NRT,294.78,3.06,N
19.41642,-155.27512,315.24,0.52,0.5,2025-01-16,1225,N20,nominal,2.0NRT,295.15,3.06,N
19.41389,-155.28615,325.13,0.52,0.5,2025-01-16,1225,N20,nominal,2.0NRT,297.34,8.29,N
19.4129,-155.28105,325.64,0.52,0.5,2025-01-16,1225,N20,nominal,2.0NRT,303.65,4.06,N
19.41193,-155.27611,323.52,0.52,0.5,2025-01-16,1225,N20,nominal,2.0NRT,301.9,4.06,N
19.4149,-155.29131,308.12,0.52,0.5,2025-01-16,1225,N20,nominal,2.0NRT,285.38,8.29,N
19.41098,-155.27127,300.1,0.52,0.5,2025-01-16,1225,N20,nominal,2.0NRT,287.44,2.39,N
19.41136,-155.29712,345.93,0.52,0.5,2025-01-16,1225,N20,nominal,2.0NRT,282.22,7.61,N
19.41037,-155.2921,350.74,0.52,0.5,2025-01-16,1225,N20,nominal,2.0NRT,288.19,8.29,N
19.40936,-155.28696,367,0.52,0.5,2025-01-16,1225,N20,high,2.0NRT,289.74,8.29,N
19.40839,-155.28197,319.95,0.52,0.5,2025-01-16,1225,N20,nominal,2.0NRT,286.71,4.06,N
19.40743,-155.2771,298.78,0.52,0.5,2025-01-16,1225,N20,nominal,2.0NRT,282.47,4.06,N
19.40685,-155.29799,325.89,0.52,0.5,2025-01-16,1225,N20,nominal,2.0NRT,282.84,7.64,N
19.40586,-155.29294,367,0.52,0.5,2025-01-16,1225,N20,high,2.0NRT,339.54,199.15,N
19.40485,-155.28778,367,0.52,0.5,2025-01-16,1225,N20,high,2.0NRT,338.32,199.15,N
19.40389,-155.28291,321.48,0.52,0.5,2025-01-16,1225,N20,nominal,2.0NRT,280.69,6.47,N
19.40137,-155.29391,341.77,0.52,0.5,2025-01-16,1225,N20,nominal,2.0NRT,285.57,199.15,N
19.40038,-155.28889,347.42,0.52,0.5,2025-01-16,1225,N20,nominal,2.0NRT,287.86,199.15,N
19.40234,-155.29884,299.49,0.52,0.5,2025-01-16,1225,N20,nominal,2.0NRT,282.42,7.64,N
19.39942,-155.28404,306.41,0.52,0.5,2025-01-16,1225,N20,nominal,2.0NRT,283.14,6.47,N
19.39848,-155.27922,296.89,0.52,0.5,2025-01-16,1225,N20,nominal,2.0NRT,281.49,6.47,N
18.72167,-69.45144,347.16,0.8,0.78,2025-01-16,1652,N20,nominal,2.0NRT,290.51,11.46,D
44.15941,-68.42082,327.41,0.55,0.42,2025-01-16,1658,N20,nominal,2.0NRT,268.07,6.57,D
33.25352,-82.61475,349.13,0.39,0.36,2025-01-16,1836,N20,nominal,2.0NRT,290.23,8.61,D
33.25293,-82.61894,335.27,0.39,0.36,2025-01-16,1836,N20,nominal,2.0NRT,298.85,12.19,D
33.25684,-82.61542,333.41,0.39,0.36,2025-01-16,1836,N20,nominal,2.0NRT,290.11,12.27,D
31.34161,-84.10029,335.2,0.39,0.36,2025-01-16,1836,N20,nominal,2.0NRT,291.62,4.51,D
33.25625,-82.61961,329.85,0.39,0.36,2025-01-16,1836,N20,low,2.0NRT,303.58,32.97,D
32.78186,-85.84516,339.78,0.41,0.37,2025-01-16,1836,N20,nominal,2.0NRT,288.53,4.14,D
33.33821,-82.25366,336.52,0.4,0.37,2025-01-16,1836,N20,nominal,2.0NRT,298.44,37.41,D
33.33762,-82.25793,345.47,0.4,0.37,2025-01-16,1836,N20,nominal,2.0NRT,310.65,37.41,D
33.33702,-82.26221,345.48,0.4,0.37,2025-01-16,1836,N20,nominal,2.0NRT,308.42,24.4,D
33.33644,-82.26648,347.07,0.4,0.37,2025-01-16,1836,N20,nominal,2.0NRT,293.41,24.4,D
32.78522,-85.84597,345.01,0.41,0.37,2025-01-16,1836,N20,nominal,2.0NRT,288.37,4.14,D
32.78449,-85.85026,354.14,0.41,0.37,2025-01-16,1836,N20,nominal,2.0NRT,290.2,5.63,D
32.78376,-85.85455,335.04,0.41,0.37,2025-01-16,1836,N20,nominal,2.0NRT,289.01,5.63,D
33.34156,-82.25433,330.89,0.4,0.37,2025-01-16,1836,N20,nominal,2.0NRT,290.06,23.65,D
33.34097,-82.2586,341.54,0.4,0.37,2025-01-16,1836,N20,nominal,2.0NRT,300.68,23.65,D
33.34038,-82.26288,345.86,0.4,0.37,2025-01-16,1836,N20,nominal,2.0NRT,293.85,7.28,D
33.33979,-82.26715,342.06,0.4,0.37,2025-01-16,1836,N20,nominal,2.0NRT,294.6,7.28,D
33.3392,-82.27141,325.69,0.4,0.37,2025-01-16,1836,N20,nominal,2.0NRT,288.89,4.03,D
32.78858,-85.84678,331.21,0.41,0.37,2025-01-16,1836,N20,nominal,2.0NRT,286.05,4.64,D
32.78786,-85.85106,343.45,0.41,0.37,2025-01-16,1836,N20,nominal,2.0NRT,288.91,3.97,D
32.78713,-85.85533,337.67,0.41,0.37,2025-01-16,1836,N20,nominal,2.0NRT,288.72,3.97,D
32.79122,-85.85187,344.99,0.41,0.37,2025-01-16,1836,N20,nominal,2.0NRT,288.17,3.97,D
32.7905,-85.85614,330.53,0.41,0.37,2025-01-16,1836,N20,nominal,2.0NRT,288.85,3.97,D
32.13534,-89.59638,340.34,0.4,0.44,2025-01-16,1836,N20,nominal,2.0NRT,289.86,3.42,D
31.33415,-93.29095,332.3,0.33,0.55,2025-01-16,1836,N20,nominal,2.0NRT,281.91,4.78,D
31.33335,-93.29435,326.64,0.33,0.55,2025-01-16,1836,N20,nominal,2.0NRT,282.17,5.29,D
32.13931,-89.59748,339.12,0.4,0.44,2025-01-16,1836,N20,nominal,2.0NRT,288.48,6.51,D
32.13848,-89.60159,344.65,0.4,0.44,2025-01-16,1836,N20,nominal,2.0NRT,291.84,6.51,D
31.33909,-93.29247,325.67,0.33,0.55,2025-01-16,1836,N20,nominal,2.0NRT,281.26,5.21,D
31.3383,-93.29588,345.87,0.33,0.55,2025-01-16,1836,N20,nominal,2.0NRT,282.83,3.04,D
31.3375,-93.2993,333.17,0.33,0.55,2025-01-16,1836,N20,nominal,2.0NRT,283.32,3.04,D
31.3456,-93.28728,336.46,0.33,0.55,2025-01-16,1836,N20,nominal,2.0NRT,282.2,5.79,D
31.34482,-93.29065,348.34,0.33,0.55,2025-01-16,1836,N20,nominal,2.0NRT,283.51,5.21,D
31.34403,-93.29402,352.48,0.33,0.55,2025-01-16,1836,N20,nominal,2.0NRT,285.33,5.21,D
31.34324,-93.29744,340.03,0.33,0.55,2025-01-16,1836,N20,nominal,2.0NRT,283.42,3.04,D
31.34244,-93.30087,329.14,0.33,0.55,2025-01-16,1836,N20,nominal,2.0NRT,282.84,3.04,D
31.35053,-93.28889,336.16,0.33,0.55,2025-01-16,1836,N20,nominal,2.0NRT,281.63,3.63,D
31.34974,-93.29226,353.71,0.33,0.55,2025-01-16,1836,N20,nominal,2.0NRT,283.79,5.2,D
31.34896,-93.29565,342.65,0.33,0.55,2025-01-16,1836,N20,nominal,2.0NRT,283.7,5.2,D
33.34117,-82.62376,328.96,0.39,0.36,2025-01-16,1836,N20,nominal,2.0NRT,288.74,3.19,D
31.35545,-93.29052,326.78,0.33,0.55,2025-01-16,1836,N20,nominal,2.0NRT,282.14,3.63,D
32.52426,-87.69217,329.68,0.47,0.4,2025-01-16,1836,N20,nominal,2.0NRT,291.36,5.45,D
32.93234,-85.3597,341.27,0.4,0.37,2025-01-16,1836,N20,nominal,2.0NRT,287.99,3.98,D
32.52785,-87.69312,329.69,0.47,0.4,2025-01-16,1836,N20,nominal,2.0NRT,290.48,3.92,D
32.52415,-87.69489,342.73,0.47,0.4,2025-01-16,1836,N20,nominal,2.0NRT,293.12,9.81,D
33.59699,-80.89891,328.09,0.44,0.38,2025-01-16,1836,N20,nominal,2.0NRT,288.55,4.58,D
32.53307,-87.70764,328.25,0.48,0.4,2025-01-16,1836,N20,nominal,2.0NRT,290.35,2.6,D
31.34455,-93.2879,332.87,0.33,0.55,2025-01-16,1836,N20,nominal,2.0NRT,282.3,3.34,D
31.34374,-93.29125,352.17,0.33,0.55,2025-01-16,1836,N20,nominal,2.0NRT,283.69,5.05,D
31.34293,-93.29463,343.04,0.33,0.55,2025-01-16,1836,N20,nominal,2.0NRT,284.35,5.05,D
31.34212,-93.29803,346.25,0.33,0.55,2025-01-16,1836,N20,nominal,2.0NRT,283.64,4.72,D
31.34129,-93.30146,337.01,0.33,0.55,2025-01-16,1836,N20,nominal,2.0NRT,283.62,4.72,D
17.81117,-71.41815,333.3,0.63,0.54,2025-01-16,1832,N20,nominal,2.0NRT,295.86,7.36,D
31.35028,-93.28613,325.44,0.33,0.55,2025-01-16,1836,N20,nominal,2.0NRT,280.24,3.34,D
17.81163,-71.41962,342.09,0.63,0.54,2025-01-16,1832,N20,nominal,2.0NRT,296.18,7.54,D
31.34948,-93.28947,334.72,0.33,0.55,2025-01-16,1836,N20,nominal,2.0NRT,281.78,3.34,D
31.34867,-93.29285,353.96,0.33,0.55,2025-01-16,1836,N20,nominal,2.0NRT,283.73,5.05,D
18.27131,-70.24715,341.48,0.38,0.59,2025-01-16,1832,N20,nominal,2.0NRT,297.99,5.31,D
31.34786,-93.29622,346.21,0.33,0.55,2025-01-16,1836,N20,nominal,2.0NRT,284.2,5.05,D
18.26132,-70.25616,337.66,0.38,0.59,2025-01-16,1832,N20,nominal,2.0NRT,297.81,2.42,D
31.3544,-93.2911,335.68,0.33,0.55,2025-01-16,1836,N20,nominal,2.0NRT,283.21,2.86,D
18.27288,-70.25027,342.66,0.38,0.59,2025-01-16,1832,N20,nominal,2.0NRT,299.06,4.33,D
33.34306,-83.24362,337.09,0.39,0.36,2025-01-16,1836,N20,nominal,2.0NRT,289.97,2.99,D
18.29384,-70.52272,341.43,0.37,0.58,2025-01-16,1832,N20,nominal,2.0NRT,301.79,1.91,D
32.67573,-87.44122,345.56,0.46,0.39,2025-01-16,1836,N20,nominal,2.0NRT,291.57,15.42,D
32.67928,-87.44212,347.92,0.46,0.39,2025-01-16,1836,N20,nominal,2.0NRT,296.05,15.42,D
18.42303,-71.21202,333.67,0.33,0.55,2025-01-16,1832,N20,nominal,2.0NRT,306.06,1.8,D
32.56305,-88.07574,328.36,0.49,0.4,2025-01-16,1836,N20,nominal,2.0NRT,289.96,4.68,D
17.91798,-76.54632,330.75,0.47,0.39,2025-01-16,1832,N20,nominal,2.0NRT,299.43,1.96,D
17.89105,-77.52062,333.38,0.42,0.38,2025-01-16,1832,N20,nominal,2.0NRT,300.17,3.14,D
32.68371,-87.43817,328.3,0.46,0.39,2025-01-16,1836,N20,nominal,2.0NRT,286.91,3.39,D
17.9814,-77.00304,346.65,0.45,0.39,2025-01-16,1832,N20,nominal,2.0NRT,306.47,13.19,D
32.68283,-87.44301,355.52,0.46,0.39,2025-01-16,1836,N20,nominal,2.0NRT,295.84,16.54,D
32.68196,-87.44784,336.66,0.46,0.39,2025-01-16,1836,N20,nominal,2.0NRT,292.41,16.54,D
17.98553,-76.99939,338.33,0.45,0.39,2025-01-16,1832,N20,nominal,2.0NRT,303.85,7.79,D
33.75322,-80.46109,356.32,0.45,0.39,2025-01-16,1836,N20,nominal,2.0NRT,295.84,24.7,D
17.98494,-77.00357,344.4,0.45,0.39,2025-01-16,1832,N20,nominal,2.0NRT,304.8,13.19,D
32.95406,-85.90746,342.95,0.41,0.37,2025-01-16,1836,N20,nominal,2.0NRT,292.14,6.33,D
17.98906,-76.99991,346.59,0.45,0.39,2025-01-16,1832,N20,nominal,2.0NRT,303.55,5.06,D
32.95596,-85.90195,325.41,0.41,0.37,2025-01-16,1836,N20,nominal,2.0NRT,287.09,2.38,D
17.98848,-77.0041,333.4,0.45,0.39,2025-01-16,1832,N20,nominal,2.0NRT,303.59,2.81,D
32.95522,-85.90625,330.4,0.41,0.37,2025-01-16,1836,N20,nominal,2.0NRT,290.98,3.98,D
17.98904,-76.9996,340.99,0.45,0.39,2025-01-16,1832,N20,nominal,2.0NRT,302.78,4.01,D
32.68172,-87.44007,345.73,0.46,0.39,2025-01-16,1836,N20,nominal,2.0NRT,292.87,18.56,D
17.98847,-77.00379,334.13,0.45,0.39,2025-01-16,1832,N20,nominal,2.0NRT,303.78,3.31,D
32.68083,-87.44489,349.32,0.46,0.39,2025-01-16,1836,N20,nominal,2.0NRT,301.56,18.56,D
17.98971,-77.76379,339.12,0.42,0.37,2025-01-16,1832,N20,nominal,2.0NRT,304.58,3.54,D
33.75145,-80.46323,343.45,0.45,0.39,2025-01-16,1836,N20,nominal,2.0NRT,293.55,15.15,D
18.98872,-72.1238,345.26,0.59,0.53,2025-01-16,1832,N20,nominal,2.0NRT,304.67,7.98,D
32.68438,-87.44578,339.74,0.46,0.39,2025-01-16,1836,N20,nominal,2.0NRT,288.59,18.56,D
33.75562,-80.45895,329.48,0.46,0.39,2025-01-16,1836,N20,nominal,2.0NRT,290.25,8.96,D
18.24998,-78.14406,329.95,0.41,0.37,2025-01-16,1832,N20,low,2.0NRT,303.9,4.33,D
33.75503,-80.46386,344.66,0.45,0.39,2025-01-16,1836,N20,nominal,2.0NRT,291.21,8.96,D
18.25906,-78.1533,342.01,0.41,0.37,2025-01-16,1832,N20,nominal,2.0NRT,303.68,4.23,D
33.52299,-82.26137,325.47,0.4,0.37,2025-01-16,1836,N20,nominal,2.0NRT,287.9,1.17,D
32.87948,-86.38438,343.7,0.42,0.38,2025-01-16,1836,N20,nominal,2.0NRT,291.75,5.46,D
19.18424,-71.54935,342.35,0.32,0.55,2025-01-16,1832,N20,nominal,2.0NRT,297.61,3.75,D
32.8787,-86.38882,333.61,0.42,0.38,2025-01-16,1836,N20,nominal,2.0NRT,289.7,3.12,D
32.88445,-86.3763,330.98,0.42,0.38,2025-01-16,1836,N20,nominal,2.0NRT,289.55,2.36,D
18.38028,-77.94279,339.24,0.41,0.37,2025-01-16,1832,N20,nominal,2.0NRT,300.67,7.46,D
32.88367,-86.38073,342.2,0.42,0.38,2025-01-16,1836,N20,nominal,2.0NRT,290.87,5.46,D
19.14985,-72.55025,337.36,0.55,0.51,2025-01-16,1832,N20,nominal,2.0NRT,298.4,6.12,D
34.08533,-78.1131,326.51,0.39,0.44,2025-01-16,1836,N20,nominal,2.0NRT,286.85,1.34,D
19.15457,-72.55078,340.48,0.55,0.51,2025-01-16,1832,N20,nominal,2.0NRT,299.65,6.12,D
33.82408,-80.49597,341.42,0.45,0.39,2025-01-16,1836,N20,nominal,2.0NRT,290.53,4.2,D
19.20793,-72.7329,346.98,0.54,0.51,2025-01-16,1832,N20,nominal,2.0NRT,298.93,7.5,D
19.28876,-72.22163,339.45,0.58,0.52,2025-01-16,1832,N20,nominal,2.0NRT,297.95,7.62,D
33.60595,-82.38322,325.65,0.4,0.37,2025-01-16,1836,N20,nominal,2.0NRT,286.78,1.07,D
19.34123,-72.53785,338,0.56,0.51,2025-01-16,1832,N20,nominal,2.0NRT,305.05,6.69,D
33.59459,-82.46406,341.93,0.4,0.37,2025-01-16,1836,N20,nominal,2.0NRT,294.37,13.78,D
33.59399,-82.4683,329.82,0.4,0.37,2025-01-16,1836,N20,nominal,2.0NRT,292.73,8.23,D
33.58002,-82.65614,331.8,0.39,0.36,2025-01-16,1836,N20,nominal,2.0NRT,286.88,3.41,D
33.07895,-86.00648,334.27,0.41,0.37,2025-01-16,1836,N20,nominal,2.0NRT,291.21,13.28,D
33.62267,-82.54739,330.08,0.4,0.37,2025-01-16,1836,N20,nominal,2.0NRT,291.83,2.64,D
33.12913,-85.7723,328.28,0.4,0.37,2025-01-16,1836,N20,nominal,2.0NRT,287.35,1.74,D
20.30448,-75.79758,340.48,0.54,0.42,2025-01-16,1832,N20,nominal,2.0NRT,295.27,6.46,D
33.32197,-84.69737,330.75,0.39,0.36,2025-01-16,1836,N20,nominal,2.0NRT,285.95,2.85,D
20.4845,-75.95275,339.08,0.53,0.42,2025-01-16,1832,N20,nominal,2.0NRT,299.08,7.6,D
33.00125,-86.66019,338.54,0.43,0.38,2025-01-16,1836,N20,nominal,2.0NRT,291.03,9.59,D
33.94183,-80.50468,328.33,0.45,0.39,2025-01-16,1836,N20,nominal,2.0NRT,287.01,1.61,D
20.35011,-77.03329,344.07,0.47,0.4,2025-01-16,1832,N20,nominal,2.0NRT,299.32,11.58,D
33.62468,-83.03478,345.3,0.39,0.36,2025-01-16,1836,N20,nominal,2.0NRT,288.75,8.84,D
20.37827,-76.99468,330.17,0.47,0.4,2025-01-16,1832,N20,nominal,2.0NRT,297.3,4.35,D
33.79207,-81.84751,328.96,0.41,0.37,2025-01-16,1836,N20,nominal,2.0NRT,288.18,2.6,D
33.62739,-83.03963,327.72,0.39,0.36,2025-01-16,1836,N20,nominal,2.0NRT,288.39,8.84,D
20.42261,-77.05142,335.89,0.47,0.4,2025-01-16,1832,N20,nominal,2.0NRT,298.42,3.25,D
33.62679,-83.04379,326,0.39,0.36,2025-01-16,1836,N20,nominal,2.0NRT,286.6,2.2,D
17.87711,-92.4871,345.89,0.59,0.7,2025-01-16,1832,N20,nominal,2.0NRT,289.82,7.99,D
33.6307,-83.04031,343.24,0.39,0.36,2025-01-16,1836,N20,nominal,2.0NRT,286.94,4.93,D
20.83517,-77.84462,333.82,0.44,0.38,2025-01-16,1832,N20,nominal,2.0NRT,295.62,6.83,D
33.00921,-87.13101,338.74,0.44,0.39,2025-01-16,1836,N20,nominal,2.0NRT,291.69,14.14,D
20.96878,-77.00593,332.13,0.48,0.4,2025-01-16,1832,N20,nominal,2.0NRT,292.9,2.62,D
33.82755,-82.07465,329.17,0.41,0.37,2025-01-16,1836,N20,nominal,2.0NRT,287.34,1.94,D
20.92416,-78.19418,335.81,0.43,0.38,2025-01-16,1832,N20,nominal,2.0NRT,296.71,5.36,D
33.08929,-86.80346,329.4,0.43,0.38,2025-01-16,1836,N20,nominal,2.0NRT,290.09,3.01,D
21.08094,-78.34639,338.83,0.42,0.38,2025-01-16,1832,N20,nominal,2.0NRT,307.8,30.94,D
34.06288,-80.31,343.58,0.46,0.39,2025-01-16,1836,N20,nominal,2.0NRT,289.61,6.92,D
21.08439,-78.34692,342.97,0.42,0.38,2025-01-16,1832,N20,nominal,2.0NRT,296.46,30.94,D
31.59852,-94.13624,355.45,0.37,0.58,2025-01-16,1836,N20,nominal,2.0NRT,270.39,3.81,D
31.59763,-94.13996,325.39,0.37,0.58,2025-01-16,1836,N20,nominal,2.0NRT,268.98,3.81,D
21.08272,-78.35902,333.41,0.42,0.38,2025-01-16,1832,N20,nominal,2.0NRT,297.6,5.6,D
33.65938,-83.58778,331.52,0.39,0.36,2025-01-16,1836,N20,nominal,2.0NRT,287.77,6.99,D
21.08217,-78.36305,332.45,0.42,0.38,2025-01-16,1832,N20,nominal,2.0NRT,299.72,3.31,D
33.27077,-86.12336,342.33,0.41,0.37,2025-01-16,1836,N20,nominal,2.0NRT,288.96,5.11,D
21.08561,-78.36359,330.78,0.42,0.38,2025-01-16,1832,N20,nominal,2.0NRT,296.59,9.54,D
31.59774,-94.1381,350.53,0.37,0.58,2025-01-16,1836,N20,nominal,2.0NRT,269.89,6.6,D
21.08506,-78.36762,348.47,0.42,0.38,2025-01-16,1832,N20,nominal,2.0NRT,301.21,9.54,D
33.27489,-86.11979,343.99,0.41,0.37,2025-01-16,1836,N20,nominal,2.0NRT,289.5,9.25,D
21.18369,-78.41151,332.23,0.42,0.38,2025-01-16,1832,N20,nominal,2.0NRT,296.77,2.06,D
33.27415,-86.12415,334.58,0.41,0.37,2025-01-16,1836,N20,nominal,2.0NRT,290.66,7.67,D
21.18436,-78.43215,349.89,0.42,0.38,2025-01-16,1832,N20,nominal,2.0NRT,304.92,21.49,D
33.27902,-86.11621,329.61,0.41,0.37,2025-01-16,1836,N20,nominal,2.0NRT,290.34,9.25,D
21.55401,-78.41468,341.16,0.42,0.38,2025-01-16,1832,N20,nominal,2.0NRT,298.95,3.9,D
33.27827,-86.12057,352.2,0.41,0.37,2025-01-16,1836,N20,nominal,2.0NRT,291.32,9.25,D
21.55345,-78.41874,332.45,0.42,0.38,2025-01-16,1832,N20,nominal,2.0NRT,296.95,3.31,D
33.27753,-86.12493,349.53,0.41,0.37,2025-01-16,1836,N20,nominal,2.0NRT,293.46,7.67,D
21.55746,-78.41522,330.7,0.42,0.38,2025-01-16,1832,N20,nominal,2.0NRT,297.06,3.9,D
33.28313,-86.11268,328,0.41,0.37,2025-01-16,1836,N20,nominal,2.0NRT,286.34,3.07,D
21.5569,-78.41928,333.13,0.42,0.38,2025-01-16,1832,N20,nominal,2.0NRT,296.33,3.31,D
33.28239,-86.11703,343.08,0.41,0.37,2025-01-16,1836,N20,nominal,2.0NRT,290.42,9.35,D
33.28165,-86.12137,345.67,0.41,0.37,2025-01-16,1836,N20,nominal,2.0NRT,289.39,9.35,D
21.61845,-79.20345,336.24,0.4,0.37,2025-01-16,1832,N20,nominal,2.0NRT,299.5,4.31,D
33.2809,-86.12572,345.58,0.41,0.37,2025-01-16,1836,N20,nominal,2.0NRT,289.37,9.01,D
21.79261,-78.20304,335.4,0.43,0.38,2025-01-16,1832,N20,nominal,2.0NRT,292.9,4.52,D
33.2865,-86.1135,334.8,0.41,0.37,2025-01-16,1836,N20,nominal,2.0NRT,286.15,3.07,D
21.65212,-79.20892,344.22,0.4,0.37,2025-01-16,1832,N20,nominal,2.0NRT,300.32,7.75,D
33.28577,-86.11784,353.28,0.41,0.37,2025-01-16,1836,N20,nominal,2.0NRT,293.18,9.35,D
21.6676,-79.12441,336.35,0.4,0.37,2025-01-16,1832,N20,nominal,2.0NRT,297.8,4.11,D
33.28502,-86.12218,347.57,0.41,0.37,2025-01-16,1836,N20,nominal,2.0NRT,289.99,9.35,D
21.62642,-79.43606,330.93,0.4,0.37,2025-01-16,1832,N20,low,2.0NRT,302.99,4.07,D
33.28839,-86.12299,335.93,0.41,0.37,2025-01-16,1836,N20,nominal,2.0NRT,287.86,4.25,D
21.64416,-79.38431,347.78,0.4,0.37,2025-01-16,1832,N20,nominal,2.0NRT,301.41,11.9,D
33.28765,-86.12733,355.99,0.41,0.37,2025-01-16,1836,N20,nominal,2.0NRT,291.44,10.37,D
21.67453,-79.19676,335.09,0.4,0.37,2025-01-16,1832,N20,nominal,2.0NRT,302.22,5.22,D
32.91611,-88.22816,327.9,0.49,0.41,2025-01-16,1836,N20,nominal,2.0NRT,287.87,7.82,D
21.64751,-79.38486,347.94,0.4,0.37,2025-01-16,1832,N20,nominal,2.0NRT,301.71,8.11,D
32.94951,-88.27525,338.85,0.5,0.41,2025-01-16,1836,N20,nominal,2.0NRT,293.81,13.77,D
33.90497,-82.44904,343.54,0.4,0.37,2025-01-16,1836,N20,nominal,2.0NRT,290.33,5.18,D
21.86181,-78.17474,338.2,0.43,0.38,2025-01-16,1832,N20,nominal,2.0NRT,294.05,5.9,D
33.39723,-85.76767,327.51,0.4,0.37,2025-01-16,1836,N20,nominal,2.0NRT,288.66,1.46,D
21.80481,-78.69565,331.84,0.42,0.37,2025-01-16,1832,N20,nominal,2.0NRT,298.57,3.38,D
21.7827,-78.85471,340.08,0.41,0.37,2025-01-16,1832,N20,nominal,2.0NRT,296.08,7.1,D
33.25755,-86.58969,348.85,0.42,0.38,2025-01-16,1836,N20,nominal,2.0NRT,295.28,10.75,D
19.39624,-92.04239,351.01,0.51,0.66,2025-01-16,1832,N20,nominal,2.0NRT,287.95,10.38,D
33.90831,-82.44971,340.67,0.4,0.37,2025-01-16,1836,N20,nominal,2.0NRT,288.46,5.18,D
21.87265,-78.43375,354.18,0.42,0.38,2025-01-16,1832,N20,nominal,2.0NRT,300.73,8.31,D
33.40058,-85.76843,328.13,0.4,0.37,2025-01-16,1836,N20,nominal,2.0NRT,286.97,1.46,D
21.86476,-78.49082,331.25,0.42,0.38,2025-01-16,1832,N20,nominal,2.0NRT,296.9,4.02,D
33.26175,-86.58605,339.52,0.42,0.38,2025-01-16,1836,N20,nominal,2.0NRT,290.15,9.81,D
21.80614,-79.15479,347.25,0.4,0.37,2025-01-16,1832,N20,nominal,2.0NRT,300.77,6.36,D
21.80559,-79.15867,335.52,0.4,0.37,2025-01-16,1832,N20,nominal,2.0NRT,300.81,6.36,D
33.26097,-86.59054,344.12,0.42,0.38,2025-01-16,1836,N20,nominal,2.0NRT,292.34,10.75,D
21.80765,-79.15458,340.78,0.4,0.37,2025-01-16,1832,N20,nominal,2.0NRT,298.5,6.08,D
34.49712,-77.5993,331.02,0.42,0.45,2025-01-16,1836,N20,nominal,2.0NRT,284.42,3.05,D
21.80711,-79.15845,346.61,0.4,0.37,2025-01-16,1832,N20,nominal,2.0NRT,300.49,6.08,D
33.95131,-82.21468,334.76,0.4,0.37,2025-01-16,1836,N20,nominal,2.0NRT,286.76,3.18,D
21.81103,-79.15512,338.81,0.4,0.37,2025-01-16,1832,N20,nominal,2.0NRT,297.77,6.08,D
34.44449,-78.23238,329.49,0.39,0.44,2025-01-16,1836,N20,nominal,2.0NRT,286.15,2.24,D
21.86566,-78.88766,336.61,0.41,0.37,2025-01-16,1832,N20,nominal,2.0NRT,297.47,3.23,D
21.93152,-78.43372,351.94,0.42,0.38,2025-01-16,1832,N20,nominal,2.0NRT,295.32,8.69,D
34.18096,-80.60041,328.29,0.45,0.39,2025-01-16,1836,N20,nominal,2.0NRT,286.82,3.81,D
21.86851,-78.89215,344.64,0.41,0.37,2025-01-16,1832,N20,nominal,2.0NRT,298.2,11.71,D
34.18512,-80.59613,334.53,0.45,0.39,2025-01-16,1836,N20,nominal,2.0NRT,286.31,6.19,D
21.75656,-79.94031,331.73,0.39,0.36,2025-01-16,1832,N20,nominal,2.0NRT,298.86,6.04,D
34.18453,-80.60104,325.77,0.45,0.39,2025-01-16,1836,N20,nominal,2.0NRT,287.09,6.19,D
22.00078,-78.23775,347.17,0.43,0.38,2025-01-16,1832,N20,nominal,2.0NRT,294.14,8.26,D
34.20771,-80.62018,332.4,0.45,0.39,2025-01-16,1836,N20,nominal,2.0NRT,284.67,4.98,D
21.9654,-78.5722,333.32,0.42,0.38,2025-01-16,1832,N20,nominal,2.0NRT,292.42,3.48,D
33.62317,-84.90466,326.81,0.39,0.36,2025-01-16,1836,N20,nominal,2.0NRT,286.29,2.05,D
19.52252,-92.19095,332.98,0.52,0.67,2025-01-16,1832,N20,nominal,2.0NRT,286.37,5.69,D
33.3885,-86.34229,328.76,0.42,0.37,2025-01-16,1836,N20,nominal,2.0NRT,289.47,3.38,D
22.01201,-78.31165,331.64,0.43,0.38,2025-01-16,1832,N20,nominal,2.0NRT,295.59,2.95,D
21.86278,-79.90918,331.86,0.39,0.36,2025-01-16,1832,N20,nominal,2.0NRT,298.76,2.67,D
33.31725,-86.75279,328.16,0.43,0.38,2025-01-16,1836,N20,nominal,2.0NRT,287.39,2.6,D
19.60218,-92.29279,354.82,0.52,0.67,2025-01-16,1832,N20,nominal,2.0NRT,288.01,10.01,D
31.82639,-94.06232,339.15,0.36,0.57,2025-01-16,1836,N20,nominal,2.0NRT,275.66,6.08,D
21.86845,-80.10168,339.33,0.39,0.36,2025-01-16,1832,N20,nominal,2.0NRT,299.17,2.85,D
31.82552,-94.06599,356.58,0.36,0.57,2025-01-16,1836,N20,low,2.0NRT,283.27,6.08,D
22.08464,-78.66982,332.65,0.42,0.38,2025-01-16,1832,N20,nominal,2.0NRT,291.76,2.91,D
31.83221,-94.08395,342.33,0.36,0.57,2025-01-16,1836,N20,nominal,2.0NRT,284.41,5.82,D
22.08407,-78.67386,341.76,0.42,0.38,2025-01-16,1832,N20,nominal,2.0NRT,294.54,4.87,D
31.83135,-94.08759,337.84,0.36,0.57,2025-01-16,1836,N20,nominal,2.0NRT,286.24,5.71,D
22.08864,-78.66631,336.8,0.42,0.38,2025-01-16,1832,N20,nominal,2.0NRT,296.25,3.37,D
33.2288,-87.50957,328.92,0.46,0.39,2025-01-16,1836,N20,nominal,2.0NRT,289.48,9.52,D
22.08807,-78.67036,332.85,0.42,0.38,2025-01-16,1832,N20,nominal,2.0NRT,297.75,3.37,D
22.08751,-78.67439,351.22,0.42,0.38,2025-01-16,1832,N20,nominal,2.0NRT,301.71,19.82,D
31.82702,-94.06282,331.91,0.36,0.57,2025-01-16,1836,N20,nominal,2.0NRT,280.45,7.06,D
22.09151,-78.6709,333.38,0.42,0.38,2025-01-16,1832,N20,nominal,2.0NRT,296.15,3.37,D
31.82612,-94.06649,354.06,0.36,0.57,2025-01-16,1836,N20,nominal,2.0NRT,286.32,7.06,D
22.09065,-78.67411,342.33,0.42,0.38,2025-01-16,1832,N20,nominal,2.0NRT,294.37,5.29,D
31.83274,-94.08436,334.48,0.36,0.57,2025-01-16,1836,N20,nominal,2.0NRT,283.43,5.21,D
21.94204,-80.29304,337.86,0.39,0.36,2025-01-16,1832,N20,nominal,2.0NRT,298.78,3.87,D
22.24534,-78.71889,338.65,0.42,0.38,2025-01-16,1832,N20,nominal,2.0NRT,292.72,4.2,D
31.83184,-94.08799,339.03,0.36,0.57,2025-01-16,1836,N20,nominal,2.0NRT,285.21,5.8,D
22.24933,-78.71539,335.67,0.42,0.38,2025-01-16,1832,N20,nominal,2.0NRT,293.15,5,D
33.04439,-88.60492,337.14,0.51,0.41,2025-01-16,1836,N20,nominal,2.0NRT,288.42,5.48,D
22.05277,-80.41486,329.3,0.39,0.36,2025-01-16,1832,N20,nominal,2.0NRT,300.38,2.02,D
31.7281,-94.64429,340.71,0.39,0.59,2025-01-16,1836,N20,nominal,2.0NRT,278.84,5.66,D
22.06969,-80.50882,338.19,0.39,0.36,2025-01-16,1832,N20,nominal,2.0NRT,300.9,5.23,D
34.60828,-78.31644,338.19,0.39,0.44,2025-01-16,1836,N20,nominal,2.0NRT,285.29,2.72,D
22.27684,-80.2549,330.12,0.39,0.36,2025-01-16,1832,N20,nominal,2.0NRT,294.53,0.98,D
34.35627,-80.64474,333.23,0.45,0.39,2025-01-16,1836,N20,nominal,2.0NRT,287.34,3.26,D
22.28015,-80.25546,331.75,0.39,0.36,2025-01-16,1832,N20,nominal,2.0NRT,296.19,3.86,D
22.18165,-80.97984,346.09,0.38,0.36,2025-01-16,1832,N20,nominal,2.0NRT,296.55,3.7,D
34.36045,-80.64047,341.07,0.45,0.39,2025-01-16,1836,N20,nominal,2.0NRT,289.26,7.11,D
22.18494,-80.98042,331.29,0.38,0.36,2025-01-16,1832,N20,nominal,2.0NRT,295.39,2.53,D
34.35984,-80.64539,356.09,0.45,0.39,2025-01-16,1836,N20,nominal,2.0NRT,295.47,18.54,D
22.30403,-80.32503,334.42,0.39,0.36,2025-01-16,1832,N20,nominal,2.0NRT,298.35,2.21,D
33.68708,-85.47604,348.18,0.4,0.37,2025-01-16,1836,N20,nominal,2.0NRT,288.71,7.37,D
22.30513,-80.34049,328.85,0.39,0.36,2025-01-16,1832,N20,nominal,2.0NRT,293.5,1.61,D
33.6904,-85.47683,346.94,0.4,0.37,2025-01-16,1836,N20,nominal,2.0NRT,291.18,4.5,D
22.30844,-80.34106,332.21,0.39,0.36,2025-01-16,1832,N20,nominal,2.0NRT,295.63,2.26,D
33.6897,-85.48105,339.52,0.4,0.37,2025-01-16,1836,N20,nominal,2.0NRT,290.18,8.9,D
22.369,-80.36666,328.76,0.39,0.36,2025-01-16,1832,N20,nominal,2.0NRT,298.04,2.07,D
33.69371,-85.47762,331.29,0.4,0.37,2025-01-16,1836,N20,nominal,2.0NRT,286.29,4.5,D
22.40045,-80.17674,328.92,0.39,0.36,2025-01-16,1832,N20,nominal,2.0NRT,294.55,0.93,D
33.69302,-85.48184,353.36,0.4,0.37,2025-01-16,1836,N20,nominal,2.0NRT,293.95,8.9,D
22.37332,-80.47422,331.95,0.39,0.36,2025-01-16,1832,N20,nominal,2.0NRT,295.04,1.74,D
31.85301,-94.47464,334.8,0.38,0.59,2025-01-16,1836,N20,nominal,2.0NRT,284.75,5.92,D
22.3858,-80.9785,333.94,0.38,0.36,2025-01-16,1832,N20,nominal,2.0NRT,297.2,4.92,D
33.38973,-87.49281,330.06,0.45,0.39,2025-01-16,1836,N20,nominal,2.0NRT,288.85,4.99,D
22.49238,-81.12637,333.37,0.38,0.36,2025-01-16,1832,N20,nominal,2.0NRT,288.56,4.52,D
22.55873,-80.75798,334.28,0.38,0.36,2025-01-16,1832,N20,nominal,2.0NRT,296.79,2.18,D
32.40476,-92.36828,331.64,0.55,0.51,2025-01-16,1836,N20,nominal,2.0NRT,290.95,4.94,D
22.61858,-80.76458,331.79,0.38,0.36,2025-01-16,1832,N20,nominal,2.0NRT,294.57,3.71,D
33.53215,-86.75599,340.44,0.43,0.38,2025-01-16,1836,N20,nominal,2.0NRT,290.46,4.61,D
22.58404,-81.10475,335.16,0.38,0.36,2025-01-16,1832,N20,nominal,2.0NRT,285.01,4.31,D
34.31468,-81.88371,345.65,0.41,0.37,2025-01-16,1836,N20,nominal,2.0NRT,293.26,10.87,D
22.59119,-81.10221,331.19,0.38,0.36,2025-01-16,1832,N20,nominal,2.0NRT,284.61,2.02,D
34.31749,-81.88884,340.87,0.41,0.37,2025-01-16,1836,N20,nominal,2.0NRT,288.21,5.22,D
22.65203,-80.816,335.35,0.38,0.36,2025-01-16,1832,N20,nominal,2.0NRT,286.5,2.85,D
34.9428,-76.87234,327.41,0.47,0.48,2025-01-16,1836,N20,nominal,2.0NRT,282.5,3.5,D
22.65633,-80.85484,342.08,0.38,0.36,2025-01-16,1832,N20,nominal,2.0NRT,287.61,3.82,D
33.32622,-88.42355,329.11,0.5,0.41,2025-01-16,1836,N20,nominal,2.0NRT,288.74,3.68,D
22.65577,-80.85854,341.13,0.38,0.36,2025-01-16,1832,N20,nominal,2.0NRT,288.69,5.22,D
33.53279,-87.6474,328.04,0.46,0.39,2025-01-16,1836,N20,nominal,2.0NRT,288.14,4.81,D
22.65907,-80.85912,338.4,0.38,0.36,2025-01-16,1832,N20,nominal,2.0NRT,288.81,6.08,D
33.53189,-87.65224,342.36,0.46,0.39,2025-01-16,1836,N20,nominal,2.0NRT,294.22,11.51,D
22.5446,-83.36569,345.41,0.42,0.38,2025-01-16,1832,N20,nominal,2.0NRT,295.11,6.01,D
32.1477,-94.26977,335.52,0.36,0.57,2025-01-16,1836,N20,nominal,2.0NRT,285,3.23,D
22.54392,-83.36974,341.3,0.42,0.38,2025-01-16,1832,N20,nominal,2.0NRT,294.15,4.51,D
32.1468,-94.27344,331.1,0.36,0.57,2025-01-16,1836,N20,nominal,2.0NRT,285.42,2.86,D
22.61632,-83.25013,341.15,0.42,0.37,2025-01-16,1832,N20,nominal,2.0NRT,298.5,21.35,D
24.67298,-78.02427,337.77,0.47,0.4,2025-01-16,1834,N20,nominal,2.0NRT,292.21,6.71,D
33.86683,-86.14448,327.94,0.41,0.37,2025-01-16,1836,N20,nominal,2.0NRT,287.27,2.43,D
24.6766,-78.02483,331.34,0.47,0.4,2025-01-16,1834,N20,nominal,2.0NRT,291.89,4.04,D
33.4397,-88.56786,329.38,0.5,0.41,2025-01-16,1836,N20,nominal,2.0NRT,289.85,3.79,D
25.44412,-80.56594,346.35,0.39,0.36,2025-01-16,1834,N20,nominal,2.0NRT,277.99,8.31,D
34.5912,-81.34848,329.82,0.43,0.38,2025-01-16,1836,N20,nominal,2.0NRT,285.35,3.22,D
25.44356,-80.56982,344.89,0.39,0.36,2025-01-16,1834,N20,nominal,2.0NRT,276.89,12.28,D
25.45022,-80.57099,335.91,0.39,0.36,2025-01-16,1834,N20,nominal,2.0NRT,281.4,4.05,D
34.16089,-84.67224,332.79,0.39,0.36,2025-01-16,1836,N20,nominal,2.0NRT,285.91,4.72,D
25.45355,-80.57157,332.75,0.39,0.36,2025-01-16,1834,N20,nominal,2.0NRT,279.4,4.05,D
34.16352,-84.67712,330.13,0.39,0.36,2025-01-16,1836,N20,nominal,2.0NRT,284.96,4.72,D
26.26148,-80.87187,329.12,0.39,0.36,2025-01-16,1834,N20,nominal,2.0NRT,271.42,2.37,D
34.16417,-84.67298,356.11,0.39,0.36,2025-01-16,1836,N20,low,2.0NRT,289.43,4.72,D
26.88565,-80.48962,342.98,0.4,0.37,2025-01-16,1834,N20,nominal,2.0NRT,278.54,8.15,D
33.23339,-89.90841,337.53,0.39,0.44,2025-01-16,1836,N20,nominal,2.0NRT,287.51,22.37,D
27.43942,-81.84412,340.8,0.39,0.36,2025-01-16,1834,N20,nominal,2.0NRT,283.04,6.92,D
33.23255,-89.91252,345.87,0.39,0.44,2025-01-16,1836,N20,nominal,2.0NRT,307.47,22.37,D
28.08245,-82.20001,330.7,0.38,0.36,2025-01-16,1834,N20,nominal,2.0NRT,292.39,2.16,D
33.23649,-89.91367,367,0.39,0.44,2025-01-16,1836,N20,high,2.0NRT,291.57,8.93,D
28.30873,-81.58761,330.5,0.39,0.36,2025-01-16,1834,N20,nominal,2.0NRT,290.13,3.14,D
28.36032,-81.65381,333.7,0.39,0.36,2025-01-16,1834,N20,nominal,2.0NRT,291.3,2.11,D
33.23733,-89.90955,337.62,0.39,0.44,2025-01-16,1836,N20,nominal,2.0NRT,287.26,8.93,D
28.44236,-81.69675,330.47,0.39,0.36,2025-01-16,1834,N20,nominal,2.0NRT,285.18,2.52,D
28.67569,-82.0269,326.67,0.39,0.36,2025-01-16,1834,N20,nominal,2.0NRT,284.68,3.98,D
33.23564,-89.91782,336.85,0.39,0.44,2025-01-16,1836,N20,nominal,2.0NRT,290.19,4.61,D
26.2243,-94.67219,330.46,0.53,0.67,2025-01-16,1834,N20,nominal,2.0NRT,288.81,5.62,D
34.30292,-84.41656,331.62,0.38,0.36,2025-01-16,1836,N20,nominal,2.0NRT,289.35,5.71,D
28.95512,-80.97411,328.75,0.4,0.37,2025-01-16,1834,N20,nominal,2.0NRT,288.65,2.64,D
34.65503,-82.51618,326.05,0.4,0.37,2025-01-16,1836,N20,nominal,2.0NRT,286.6,1.86,D
29.04079,-81.59486,326.4,0.39,0.36,2025-01-16,1834,N20,nominal,2.0NRT,286.88,3.65,D
32.33941,-94.79408,367,0.38,0.59,2025-01-16,1836,N20,high,2.0NRT,291.23,10.9,D
29.04021,-81.59886,333.33,0.39,0.36,2025-01-16,1834,N20,nominal,2.0NRT,286.62,3.65,D
34.63296,-83.12854,328.25,0.39,0.36,2025-01-16,1836,N20,nominal,2.0NRT,288.44,4.67,D
29.03963,-81.60286,356.1,0.39,0.36,2025-01-16,1834,N20,nominal,2.0NRT,297.95,5.48,D
32.32128,-95.09545,332.66,0.4,0.6,2025-01-16,1836,N20,nominal,2.0NRT,288.59,2.36,D
29.03905,-81.60685,333.84,0.39,0.36,2025-01-16,1834,N20,nominal,2.0NRT,286.39,5.48,D
33.41711,-90.39748,327.46,0.41,0.45,2025-01-16,1836,N20,nominal,2.0NRT,287.79,2.47,D
29.04295,-81.60347,347.68,0.39,0.36,2025-01-16,1834,N20,nominal,2.0NRT,287.8,5.48,D
29.04238,-81.60746,327.29,0.39,0.36,2025-01-16,1834,N20,nominal,2.0NRT,285.58,5.48,D
34.51536,-87.06995,328.28,0.43,0.38,2025-01-16,1836,N20,nominal,2.0NRT,288.32,8.04,D
28.96279,-82.22208,325.24,0.39,0.36,2025-01-16,1834,N20,nominal,2.0NRT,280.09,4.06,D
32.93551,-94.60856,353.05,0.36,0.57,2025-01-16,1836,N20,nominal,2.0NRT,284.25,5.34,D
28.96666,-82.21879,328.92,0.39,0.36,2025-01-16,1834,N20,nominal,2.0NRT,278.21,5.59,D
33.68077,-91.43047,326.72,0.46,0.47,2025-01-16,1836,N20,nominal,2.0NRT,286.88,2.41,D
28.96608,-82.22271,348.22,0.39,0.36,2025-01-16,1834,N20,nominal,2.0NRT,276.37,4.06,D
28.9655,-82.22663,344.39,0.39,0.36,2025-01-16,1834,N20,nominal,2.0NRT,276.55,4.06,D
32.87325,-95.06171,347.75,0.38,0.59,2025-01-16,1836,N20,nominal,2.0NRT,289.44,7.39,D
28.96879,-82.22726,344.48,0.39,0.36,2025-01-16,1834,N20,nominal,2.0NRT,283.33,41.18,D
34.59234,-87.01836,332.1,0.42,0.38,2025-01-16,1836,N20,nominal,2.0NRT,286.04,3.36,D
29.33535,-82.41014,326.7,0.38,0.36,2025-01-16,1834,N20,nominal,2.0NRT,290.16,1.88,D
35.70506,-79.36861,329.31,0.53,0.42,2025-01-16,1836,N20,nominal,2.0NRT,278.02,2.15,D
29.85858,-82.01675,336.65,0.39,0.36,2025-01-16,1834,N20,nominal,2.0NRT,293.81,4.17,D
34.81295,-85.95691,336.73,0.4,0.37,2025-01-16,1836,N20,nominal,2.0NRT,287.33,3.85,D
29.86126,-82.02061,325.98,0.39,0.36,2025-01-16,1834,N20,nominal,2.0NRT,293.2,6.63,D
34.63715,-87.08152,329.05,0.43,0.38,2025-01-16,1836,N20,nominal,2.0NRT,290.52,3.41,D
29.86068,-82.02461,337.77,0.39,0.36,2025-01-16,1834,N20,nominal,2.0NRT,294.2,8.05,D
33.10367,-94.33276,339.37,0.35,0.56,2025-01-16,1836,N20,nominal,2.0NRT,285.17,12.42,D
29.89262,-82.38673,333.55,0.39,0.36,2025-01-16,1834,N20,nominal,2.0NRT,292.76,3.82,D
33.10278,-94.3364,352.24,0.35,0.56,2025-01-16,1836,N20,nominal,2.0NRT,294.66,12.42,D
30.02158,-81.51976,329.21,0.4,0.37,2025-01-16,1834,N20,nominal,2.0NRT,293.19,1.74,D
33.10867,-94.33449,327.83,0.35,0.56,2025-01-16,1836,N20,nominal,2.0NRT,284.95,4.4,D
29.88585,-82.70661,328.84,0.38,0.36,2025-01-16,1834,N20,nominal,2.0NRT,294.85,1.04,D
33.88103,-91.03432,337.35,0.44,0.46,2025-01-16,1836,N20,nominal,2.0NRT,286.94,2.65,D
35.50284,-82.37837,327.27,0.41,0.37,2025-01-16,1836,N20,nominal,2.0NRT,281.9,1.96,D
29.88973,-82.70331,326.58,0.38,0.36,2025-01-16,1834,N20,nominal,2.0NRT,293.69,1.79,D
35.81691,-80.75444,327.97,0.46,0.39,2025-01-16,1836,N20,nominal,2.0NRT,283.83,4.45,D
29.88914,-82.70726,328.53,0.38,0.36,2025-01-16,1834,N20,nominal,2.0NRT,296.77,2.68,D
33.07813,-95.61718,325.34,0.41,0.61,2025-01-16,1836,N20,nominal,2.0NRT,284.78,2.39,D
29.89463,-82.85053,343.03,0.38,0.36,2025-01-16,1834,N20,nominal,2.0NRT,291.85,3.47,D
35.82023,-80.99872,326.13,0.45,0.39,2025-01-16,1836,N20,nominal,2.0NRT,283.36,2.77,D
29.90145,-83.2746,327.04,0.38,0.36,2025-01-16,1834,N20,nominal,2.0NRT,293.43,2.07,D
32.49139,-97.96036,331.04,0.57,0.69,2025-01-16,1836,N20,nominal,2.0NRT,284.14,4.23,D
30.06015,-82.94846,326.08,0.38,0.36,2025-01-16,1834,N20,nominal,2.0NRT,293.25,1.4,D
34.87862,-87.36178,328.89,0.43,0.38,2025-01-16,1836,N20,nominal,2.0NRT,286,2.72,D
30.06781,-83.23083,329.73,0.38,0.36,2025-01-16,1834,N20,nominal,2.0NRT,297.58,3.91,D
30.16464,-82.74945,331.74,0.38,0.36,2025-01-16,1834,N20,nominal,2.0NRT,292.21,2.67,D
35.04352,-86.57574,340.43,0.41,0.37,2025-01-16,1836,N20,nominal,2.0NRT,286.35,3.59,D
35.69087,-82.51418,330.74,0.41,0.37,2025-01-16,1836,N20,nominal,2.0NRT,287.12,4.85,D
30.14151,-83.15144,336.47,0.38,0.36,2025-01-16,1834,N20,nominal,2.0NRT,294.09,4.77,D
35.47935,-86.69056,332.26,0.41,0.37,2025-01-16,1836,N20,nominal,2.0NRT,287.79,6.27,D
30.39553,-81.82214,331.53,0.39,0.36,2025-01-16,1834,N20,nominal,2.0NRT,294.24,2.1,D
35.71522,-86.8174,328.34,0.41,0.37,2025-01-16,1836,N20,nominal,2.0NRT,285.82,2.42,D
30.40699,-81.76575,328.73,0.39,0.36,2025-01-16,1834,N20,nominal,2.0NRT,293.53,1.97,D
36.45381,-82.3445,325.19,0.42,0.37,2025-01-16,1836,N20,nominal,2.0NRT,279.32,2.11,D
30.39289,-81.88839,344.91,0.39,0.36,2025-01-16,1834,N20,nominal,2.0NRT,291.59,3.8,D
36.60693,-81.35819,339.66,0.45,0.39,2025-01-16,1836,N20,nominal,2.0NRT,280,4.56,D
30.25225,-82.86814,325.39,0.38,0.36,2025-01-16,1834,N20,nominal,2.0NRT,294.24,2.05,D
35.61784,-89.94533,332.82,0.53,0.42,2025-01-16,1836,N20,nominal,2.0NRT,286.36,4.92,D
30.39954,-81.88965,330.08,0.39,0.36,2025-01-16,1834,N20,nominal,2.0NRT,289.98,3.37,D
35.61576,-89.94659,336.77,0.53,0.42,2025-01-16,1836,N20,nominal,2.0NRT,286,5.12,D
30.25554,-82.8688,326.6,0.38,0.36,2025-01-16,1834,N20,nominal,2.0NRT,290.65,2.05,D
35.64679,-89.93147,333.57,0.53,0.42,2025-01-16,1836,N20,nominal,2.0NRT,287.84,6.27,D
30.36151,-82.36172,332.23,0.39,0.36,2025-01-16,1834,N20,nominal,2.0NRT,291.98,5.21,D
35.93398,-89.71557,327.07,0.52,0.41,2025-01-16,1836,N20,nominal,2.0NRT,286.9,3.12,D
30.36481,-82.36237,345.22,0.39,0.36,2025-01-16,1834,N20,nominal,2.0NRT,295.95,5.21,D
36.3208,-87.72529,327.65,0.43,0.38,2025-01-16,1836,N20,nominal,2.0NRT,283.93,2.19,D
30.27386,-82.97409,328.08,0.38,0.36,2025-01-16,1834,N20,nominal,2.0NRT,290.25,0.9,D
36.90839,-84.49136,327.03,0.39,0.36,2025-01-16,1838,N20,nominal,2.0NRT,280.61,3.42,D
30.47773,-81.76603,334.08,0.39,0.37,2025-01-16,1834,N20,nominal,2.0NRT,291.84,6.11,D
33.86483,-98.79046,338.38,0.59,0.7,2025-01-16,1838,N20,nominal,2.0NRT,288.79,9.27,D
33.86653,-98.78448,356.21,0.58,0.7,2025-01-16,1838,N20,low,2.0NRT,287.23,9.27,D
30.5196,-81.6393,335.62,0.4,0.37,2025-01-16,1834,N20,nominal,2.0NRT,290.99,2.82,D
36.81071,-85.4453,326.8,0.39,0.36,2025-01-16,1838,N20,nominal,2.0NRT,282.59,2.48,D
30.37897,-82.77066,326.5,0.38,0.36,2025-01-16,1834,N20,nominal,2.0NRT,291.1,2.48,D
34.45839,-97.52963,330.41,0.48,0.65,2025-01-16,1838,N20,nominal,2.0NRT,288.11,3.42,D
30.34529,-83.59271,342.34,0.39,0.36,2025-01-16,1834,N20,nominal,2.0NRT,297.59,11.28,D
34.46407,-97.53187,341.78,0.48,0.65,2025-01-16,1838,N20,nominal,2.0NRT,287.42,3.42,D
37.12304,-85.95036,329.02,0.39,0.36,2025-01-16,1838,N20,nominal,2.0NRT,278.63,2.48,D
30.37757,-83.47237,345.57,0.38,0.36,2025-01-16,1834,N20,nominal,2.0NRT,292.92,5,D
34.64894,-98.55595,332.88,0.54,0.68,2025-01-16,1838,N20,nominal,2.0NRT,289.87,6.63,D
30.2988,-84.22773,351.05,0.39,0.36,2025-01-16,1834,N20,nominal,2.0NRT,296.04,17.9,D
35.69866,-94.52409,334.43,0.61,0.54,2025-01-16,1838,N20,nominal,2.0NRT,286.49,4.66,D
30.30211,-84.22844,355.38,0.39,0.36,2025-01-16,1834,N20,nominal,2.0NRT,299.03,17.9,D
38.04491,-81.66023,328.38,0.45,0.39,2025-01-16,1838,N20,nominal,2.0NRT,276.32,3.01,D
30.68736,-81.72064,327.18,0.4,0.37,2025-01-16,1834,N20,nominal,2.0NRT,292.7,1.99,D
34.64779,-98.55766,344.82,0.54,0.68,2025-01-16,1838,N20,nominal,2.0NRT,291.22,4.79,D
37.9341,-83.66077,333.19,0.4,0.37,2025-01-16,1838,N20,nominal,2.0NRT,281.94,17.31,D
30.42117,-83.78147,329.73,0.39,0.36,2025-01-16,1834,N20,nominal,2.0NRT,290.89,2,D
38.5439,-78.44916,336.58,0.42,0.45,2025-01-16,1838,N20,nominal,2.0NRT,278,14.61,D
30.42054,-83.78546,325.32,0.39,0.36,2025-01-16,1834,N20,nominal,2.0NRT,292.18,2.02,D
37.24179,-88.86777,333.43,0.45,0.39,2025-01-16,1838,N20,nominal,2.0NRT,282.04,3.13,D
30.41991,-83.78944,326.83,0.39,0.36,2025-01-16,1834,N20,nominal,2.0NRT,291.45,2.02,D
35.46866,-97.46769,327.12,0.45,0.63,2025-01-16,1838,N20,nominal,2.0NRT,287.62,2.43,D
30.52153,-83.19953,325.66,0.38,0.36,2025-01-16,1834,N20,nominal,2.0NRT,294.37,2.44,D
37.09573,-90.71127,327.54,0.55,0.42,2025-01-16,1838,N20,nominal,2.0NRT,282.8,3.54,D
30.53501,-83.17773,328.96,0.38,0.36,2025-01-16,1834,N20,nominal,2.0NRT,292.38,1.09,D
36.00157,-95.61998,338.52,0.35,0.56,2025-01-16,1838,N20,nominal,2.0NRT,284.27,2.89,D
30.36507,-84.26282,342.63,0.39,0.36,2025-01-16,1834,N20,nominal,2.0NRT,295.64,9.3,D
34.98755,-99.32423,325.37,0.58,0.7,2025-01-16,1838,N20,nominal,2.0NRT,290.46,2.83,D
30.58143,-83.12106,330.26,0.38,0.36,2025-01-16,1834,N20,nominal,2.0NRT,292.53,2.16,D
30.50451,-83.90137,329.37,0.39,0.36,2025-01-16,1834,N20,nominal,2.0NRT,292.53,2.7,D
35.85613,-96.8533,333.11,0.41,0.6,2025-01-16,1838,N20,nominal,2.0NRT,289.64,2.5,D
30.37541,-84.86915,329.73,0.4,0.37,2025-01-16,1834,N20,nominal,2.0NRT,293.87,4.97,D
38.20534,-85.9045,337.13,0.39,0.36,2025-01-16,1838,N20,nominal,2.0NRT,276.4,3.39,D
30.37944,-84.86575,346.34,0.4,0.37,2025-01-16,1834,N20,nominal,2.0NRT,296.32,5.15,D
36.79937,-94.4477,334.89,0.57,0.52,2025-01-16,1838,N20,nominal,2.0NRT,284.62,3.64,D
30.37876,-84.86989,329,0.4,0.37,2025-01-16,1834,N20,nominal,2.0NRT,292.44,5.15,D
35.88929,-98.59344,325.74,0.5,0.66,2025-01-16,1838,N20,nominal,2.0NRT,287.58,3.54,D
30.70134,-83.09183,329.21,0.38,0.36,2025-01-16,1834,N20,nominal,2.0NRT,292.71,1.75,D
35.8924,-98.59293,330.48,0.5,0.66,2025-01-16,1838,N20,nominal,2.0NRT,287.75,3.36,D
37.63533,-93.19843,327.62,0.47,0.48,2025-01-16,1838,N20,nominal,2.0NRT,283.63,3.43,D
30.94683,-81.66186,336.49,0.4,0.37,2025-01-16,1836,N20,nominal,2.0NRT,291.2,3.62,D
36.85723,-97.14746,340.55,0.4,0.6,2025-01-16,1838,N20,nominal,2.0NRT,287.54,16.14,D
30.5021,-84.59367,344.22,0.4,0.37,2025-01-16,1836,N20,nominal,2.0NRT,295.78,9.26,D
30.61639,-83.90395,328.76,0.39,0.36,2025-01-16,1836,N20,nominal,2.0NRT,292.92,3.67,D
36.85609,-97.15174,352.96,0.4,0.6,2025-01-16,1838,N20,nominal,2.0NRT,298.12,16.14,D
36.85494,-97.15604,325.78,0.4,0.6,2025-01-16,1838,N20,nominal,2.0NRT,289,11.6,D
30.50542,-84.59439,332.98,0.4,0.37,2025-01-16,1836,N20,nominal,2.0NRT,295.79,3.68,D
38.88272,-90.13937,331.74,0.48,0.4,2025-01-16,1838,N20,nominal,2.0NRT,277.76,4.75,D
30.31694,-86.09482,348.02,0.44,0.38,2025-01-16,1836,N20,nominal,2.0NRT,292.54,3.99,D
38.88194,-90.14136,331.58,0.48,0.4,2025-01-16,1838,N20,nominal,2.0NRT,279.1,4.77,D
30.7728,-83.35988,329.62,0.38,0.36,2025-01-16,1836,N20,nominal,2.0NRT,293.07,2.24,D
40.66582,-90.66302,331.87,0.47,0.4,2025-01-16,1838,N20,nominal,2.0NRT,282.26,5.32,D
30.32041,-86.09563,333.58,0.44,0.38,2025-01-16,1836,N20,nominal,2.0NRT,291.57,3.99,D
30.32468,-86.09195,346.1,0.44,0.38,2025-01-16,1836,N20,nominal,2.0NRT,292.16,7.01,D
40.66612,-90.66483,336.93,0.47,0.4,2025-01-16,1838,N20,nominal,2.0NRT,283.22,9.2,D
40.34184,-93.28628,335.72,0.41,0.45,2025-01-16,1838,N20,nominal,2.0NRT,275.48,3.02,D
30.32389,-86.09644,334.15,0.44,0.38,2025-01-16,1836,N20,nominal,2.0NRT,291.98,7.01,D
29.59558,-89.89893,337.87,0.46,0.47,2025-01-16,1836,N20,nominal,2.0NRT,290.74,3.24,D
40.34415,-93.30974,336.69,0.42,0.45,2025-01-16,1838,N20,nominal,2.0NRT,277.34,3.91,D
30.62963,-84.46018,336.8,0.39,0.36,2025-01-16,1836,N20,nominal,2.0NRT,294.47,4.92,D
41.64425,-87.13435,328.29,0.39,0.36,2025-01-16,1838,N20,nominal,2.0NRT,280.33,7.81,D
31.08694,-81.75527,356.03,0.4,0.37,2025-01-16,1836,N20,nominal,2.0NRT,295.63,13.65,D
41.09801,-93.44814,340.45,0.41,0.45,2025-01-16,1838,N20,nominal,2.0NRT,283.58,3.61,D
41.32222,-93.00901,330.74,0.38,0.43,2025-01-16,1838,N20,nominal,2.0NRT,279.16,2.32,D
30.94824,-83.00955,329.3,0.38,0.36,2025-01-16,1836,N20,nominal,2.0NRT,290.11,3.98,D
40.48785,-97.30807,330.05,0.33,0.55,2025-01-16,1838,N20,nominal,2.0NRT,282.32,2.86,D
30.89615,-83.39726,326.02,0.38,0.36,2025-01-16,1836,N20,nominal,2.0NRT,290.55,0.71,D
30.62388,-85.15549,329.04,0.41,0.37,2025-01-16,1836,N20,nominal,2.0NRT,292.07,2.56,D
40.49932,-97.30508,326.52,0.33,0.55,2025-01-16,1838,N20,nominal,2.0NRT,282.09,1.27,D
41.43361,-97.4889,348.67,0.63,0.54,2025-01-16,1838,N20,nominal,2.0NRT,284.95,9.58,D
31.09846,-82.19521,367,0.39,0.36,2025-01-16,1836,N20,high,2.0NRT,295.28,12,D
44.23706,-103.53145,328.52,0.51,0.66,2025-01-16,1840,N20,nominal,2.0NRT,278.85,5.05,D
31.09788,-82.19928,367,0.39,0.36,2025-01-16,1836,N20,high,2.0NRT,293.76,12.72,D
31.10178,-82.19585,350.6,0.39,0.36,2025-01-16,1836,N20,nominal,2.0NRT,291.8,12,D
44.36043,-104.19653,344.5,0.54,0.68,2025-01-16,1840,N20,nominal,2.0NRT,274.95,16.35,D
31.10119,-82.19992,347.41,0.39,0.36,2025-01-16,1836,N20,nominal,2.0NRT,294.15,12.72,D
44.35324,-104.19654,344.25,0.54,0.68,2025-01-16,1840,N20,nominal,2.0NRT,275.18,9.04,D
44.36082,-104.19426,325.53,0.54,0.68,2025-01-16,1840,N20,nominal,2.0NRT,274.7,4.26,D
31.10061,-82.20399,354.85,0.39,0.36,2025-01-16,1836,N20,nominal,2.0NRT,296.28,12.72,D
31.10568,-82.19243,331.73,0.39,0.36,2025-01-16,1836,N20,nominal,2.0NRT,287.88,4.3,D
44.35893,-104.20013,329.03,0.54,0.68,2025-01-16,1840,N20,nominal,2.0NRT,274.92,4.26,D
31.10509,-82.19649,349.24,0.39,0.36,2025-01-16,1836,N20,nominal,2.0NRT,289.8,4.3,D
31.10451,-82.20056,350.9,0.39,0.36,2025-01-16,1836,N20,nominal,2.0NRT,292.99,11.27,D
31.10392,-82.20464,355.42,0.39,0.36,2025-01-16,1836,N20,nominal,2.0NRT,295.04,11.27,D
31.109,-82.19307,343.12,0.39,0.36,2025-01-16,1836,N20,nominal,2.0NRT,288.15,4.3,D
31.10841,-82.19714,348.76,0.39,0.36,2025-01-16,1836,N20,nominal,2.0NRT,291.15,4.3,D
30.84836,-83.92297,327.82,0.39,0.36,2025-01-16,1836,N20,nominal,2.0NRT,294.78,4.49,D
31.11173,-82.19778,356.31,0.39,0.36,2025-01-16,1836,N20,nominal,2.0NRT,293.77,12.18,D
30.84103,-84.01257,330.16,0.39,0.36,2025-01-16,1836,N20,nominal,2.0NRT,289.46,1.97,D
30.8883,-83.73306,329.39,0.39,0.36,2025-01-16,1836,N20,nominal,2.0NRT,291.88,2.99,D
30.84433,-84.01327,328.47,0.39,0.36,2025-01-16,1836,N20,nominal,2.0NRT,289.3,3.66,D
31.21325,-81.60327,342.04,0.4,0.37,2025-01-16,1836,N20,nominal,2.0NRT,293.18,8.78,D
30.94306,-83.64555,329.25,0.38,0.36,2025-01-16,1836,N20,nominal,2.0NRT,291.04,2.27,D
31.05719,-82.9863,332.25,0.38,0.36,2025-01-16,1836,N20,nominal,2.0NRT,291.92,8.61,D
30.95391,-83.68491,332.49,0.39,0.36,2025-01-16,1836,N20,nominal,2.0NRT,292.73,4.88,D
31.08284,-83.08613,331.08,0.38,0.36,2025-01-16,1836,N20,nominal,2.0NRT,290.61,2.48,D
31.08701,-83.10344,330.19,0.38,0.36,2025-01-16,1836,N20,nominal,2.0NRT,292.86,2.21,D
31.24741,-82.36143,332.53,0.39,0.36,2025-01-16,1836,N20,nominal,2.0NRT,293.7,3.33,D
30.7316,-85.72381,354.57,0.42,0.38,2025-01-16,1836,N20,nominal,2.0NRT,300.52,16.29,D
30.73085,-85.72814,340.4,0.42,0.38,2025-01-16,1836,N20,nominal,2.0NRT,296.65,16.29,D
30.73427,-85.72894,355.05,0.42,0.38,2025-01-16,1836,N20,nominal,2.0NRT,299.64,16.29,D
30.91727,-84.66116,332.65,0.4,0.37,2025-01-16,1836,N20,nominal,2.0NRT,293.09,2.79,D
30.73843,-85.72539,353.99,0.42,0.38,2025-01-16,1836,N20,nominal,2.0NRT,299.48,12.54,D
30.74185,-85.72617,340.12,0.42,0.38,2025-01-16,1836,N20,nominal,2.0NRT,291.37,12.54,D
30.58784,-86.64147,343.08,0.46,0.39,2025-01-16,1836,N20,nominal,2.0NRT,306.51,32.5,D
29.52937,-91.87753,337.22,0.6,0.53,2025-01-16,1836,N20,nominal,2.0NRT,287.46,21.17,D
29.52802,-91.88356,329.71,0.6,0.53,2025-01-16,1836,N20,nominal,2.0NRT,299.08,41.8,D
30.59138,-86.64233,351.1,0.46,0.39,2025-01-16,1836,N20,nominal,2.0NRT,299.4,13.93,D
29.53413,-91.87892,337.42,0.6,0.53,2025-01-16,1836,N20,nominal,2.0NRT,288.36,4.97,D
29.53753,-91.88634,335.56,0.6,0.53,2025-01-16,1836,N20,nominal,2.0NRT,288.23,7.76,D
31.15726,-83.40146,345.33,0.38,0.36,2025-01-16,1836,N20,nominal,2.0NRT,293.18,13.31,D
30.84849,-85.32736,331.6,0.41,0.37,2025-01-16,1836,N20,nominal,2.0NRT,292.33,2.94,D
31.16116,-83.39815,328.37,0.38,0.36,2025-01-16,1836,N20,nominal,2.0NRT,288.99,2.96,D
31.16055,-83.40215,353.35,0.38,0.36,2025-01-16,1836,N20,nominal,2.0NRT,303.22,13.31,D
31.16383,-83.40282,332.61,0.38,0.36,2025-01-16,1836,N20,nominal,2.0NRT,291.33,2.71,D
31.47688,-81.65048,344.87,0.4,0.37,2025-01-16,1836,N20,nominal,2.0NRT,299.32,14.83,D
31.38424,-82.3078,329.89,0.39,0.36,2025-01-16,1836,N20,nominal,2.0NRT,291.88,3.06,D
31.38756,-82.30845,346.98,0.39,0.36,2025-01-16,1836,N20,nominal,2.0NRT,292.03,4.13,D
31.33151,-82.8093,346.55,0.39,0.36,2025-01-16,1836,N20,nominal,2.0NRT,298.53,30,D
31.1531,-83.97813,325.41,0.39,0.36,2025-01-16,1836,N20,nominal,2.0NRT,293.97,3.32,D
31.15639,-83.97883,329.85,0.39,0.36,2025-01-16,1836,N20,nominal,2.0NRT,289.77,15.3,D
31.40055,-82.40725,328.91,0.39,0.36,2025-01-16,1836,N20,nominal,2.0NRT,291.97,4.81,D
30.86839,-85.81285,341.28,0.42,0.38,2025-01-16,1836,N20,nominal,2.0NRT,292.99,7.05,D
29.99786,-90.40405,343.37,0.48,0.48,2025-01-16,1836,N20,nominal,2.0NRT,297.44,9.26,D
31.53289,-81.57022,345.03,0.4,0.37,2025-01-16,1836,N20,nominal,2.0NRT,290.47,5.14,D
31.53231,-81.57446,341.93,0.4,0.37,2025-01-16,1836,N20,nominal,2.0NRT,291.16,4.11,D
31.53568,-81.57508,333,0.4,0.37,2025-01-16,1836,N20,nominal,2.0NRT,290.84,4.11,D
30.63193,-87.34965,333.97,0.49,0.4,2025-01-16,1836,N20,nominal,2.0NRT,290.42,6.56,D
31.34698,-83.18389,333.29,0.38,0.36,2025-01-16,1836,N20,nominal,2.0NRT,290.69,2.57,D
31.40265,-82.85634,327.37,0.39,0.36,2025-01-16,1836,N20,nominal,2.0NRT,291.99,1.81,D
31.40595,-82.85699,325.8,0.39,0.36,2025-01-16,1836,N20,nominal,2.0NRT,292.61,1.81,D
30.88728,-86.08636,328.06,0.43,0.38,2025-01-16,1836,N20,nominal,2.0NRT,289.36,2.83,D
31.18558,-84.33063,330.1,0.39,0.36,2025-01-16,1836,N20,nominal,2.0NRT,290.69,1.98,D
31.34514,-83.35265,334.68,0.38,0.36,2025-01-16,1836,N20,nominal,2.0NRT,292.51,2.96,D
31.17458,-84.44157,333.84,0.39,0.36,2025-01-16,1836,N20,nominal,2.0NRT,291.74,4.73,D
31.57401,-81.80572,332.11,0.4,0.37,2025-01-16,1836,N20,nominal,2.0NRT,291.86,3.11,D
31.17789,-84.4423,334.23,0.39,0.36,2025-01-16,1836,N20,nominal,2.0NRT,294.6,6.13,D
30.51019,-88.21378,336.19,0.54,0.42,2025-01-16,1836,N20,nominal,2.0NRT,292.07,6.74,D
31.20761,-84.42776,346.3,0.39,0.36,2025-01-16,1836,N20,nominal,2.0NRT,293.76,6.55,D
31.20696,-84.43182,329.29,0.39,0.36,2025-01-16,1836,N20,nominal,2.0NRT,291.43,2.7,D
31.60593,-81.79889,340.79,0.4,0.37,2025-01-16,1836,N20,nominal,2.0NRT,292.39,9.32,D
31.50876,-82.5033,330.24,0.39,0.36,2025-01-16,1836,N20,nominal,2.0NRT,291.88,1.92,D
31.39947,-83.24005,330.93,0.38,0.36,2025-01-16,1836,N20,nominal,2.0NRT,291.78,2.18,D
31.23388,-84.37047,345.87,0.39,0.36,2025-01-16,1836,N20,nominal,2.0NRT,291.63,6.57,D
31.23324,-84.37453,330.12,0.39,0.36,2025-01-16,1836,N20,nominal,2.0NRT,291.23,6.57,D
31.5479,-82.44319,331.92,0.39,0.36,2025-01-16,1836,N20,nominal,2.0NRT,293.3,5.08,D
31.36428,-83.76064,338.29,0.38,0.36,2025-01-16,1836,N20,nominal,2.0NRT,290.74,3.35,D
31.30907,-84.17667,327.93,0.39,0.36,2025-01-16,1836,N20,nominal,2.0NRT,291.1,2.68,D
31.31301,-84.17336,329.93,0.39,0.36,2025-01-16,1836,N20,nominal,2.0NRT,291.7,4.92,D
31.31237,-84.17738,327.23,0.39,0.36,2025-01-16,1836,N20,nominal,2.0NRT,290.74,2.68,D
31.40897,-83.62527,327.94,0.38,0.36,2025-01-16,1836,N20,nominal,2.0NRT,289.77,3.26,D
31.44989,-83.40242,327.31,0.38,0.36,2025-01-16,1836,N20,nominal,2.0NRT,289.47,10.18,D
31.34225,-84.09626,329.3,0.39,0.36,2025-01-16,1836,N20,nominal,2.0NRT,291.78,2.81,D
31.45317,-83.4031,329.91,0.38,0.36,2025-01-16,1836,N20,nominal,2.0NRT,291.73,10.18,D
31.34947,-84.09365,344.43,0.39,0.36,2025-01-16,1836,N20,nominal,2.0NRT,290.47,3.44,D
31.34883,-84.09767,326.24,0.39,0.36,2025-01-16,1836,N20,nominal,2.0NRT,291.37,3.44,D
31.71758,-81.70252,350.1,0.4,0.37,2025-01-16,1836,N20,nominal,2.0NRT,298.91,23.44,D
31.05225,-85.99442,331.25,0.43,0.38,2025-01-16,1836,N20,nominal,2.0NRT,304.02,36.43,D
31.05568,-85.99522,341.67,0.43,0.38,2025-01-16,1836,N20,nominal,2.0NRT,300.58,95.65,D
31.5161,-83.1888,339.69,0.38,0.36,2025-01-16,1836,N20,nominal,2.0NRT,293.82,4.04,D
31.51549,-83.1928,332.91,0.38,0.36,2025-01-16,1836,N20,nominal,2.0NRT,293.11,4,D
31.06255,-85.99682,339.55,0.43,0.38,2025-01-16,1836,N20,nominal,2.0NRT,296.96,42.61,D
31.52682,-83.20754,332.29,0.38,0.36,2025-01-16,1836,N20,nominal,2.0NRT,291.63,2.76,D
31.81324,-81.23383,340.96,0.41,0.37,2025-01-16,1836,N20,nominal,2.0NRT,290.96,5.2,D
30.80898,-87.52236,329.07,0.49,0.41,2025-01-16,1836,N20,nominal,2.0NRT,288.65,2.24,D
31.81315,-81.23357,338.75,0.41,0.37,2025-01-16,1836,N20,nominal,2.0NRT,290.25,3.11,D
30.81145,-87.52116,345.33,0.49,0.41,2025-01-16,1836,N20,nominal,2.0NRT,292.09,7.81,D
31.50592,-83.59213,328.11,0.38,0.36,2025-01-16,1836,N20,nominal,2.0NRT,289.76,4.17,D
31.42234,-84.42766,338.02,0.39,0.36,2025-01-16,1836,N20,nominal,2.0NRT,296.84,3.04,D
31.42564,-84.42838,325.33,0.39,0.36,2025-01-16,1836,N20,low,2.0NRT,296.17,2.65,D
31.36273,-84.88084,328.37,0.4,0.37,2025-01-16,1836,N20,nominal,2.0NRT,288.87,5.74,D
31.36206,-84.88497,355.08,0.4,0.37,2025-01-16,1836,N20,nominal,2.0NRT,295.5,5.74,D
31.13906,-86.22728,327.17,0.43,0.38,2025-01-16,1836,N20,nominal,2.0NRT,290.17,2.66,D
31.10267,-86.4355,337.82,0.44,0.39,2025-01-16,1836,N20,nominal,2.0NRT,291.13,8.63,D
31.66609,-83.11967,325.43,0.38,0.36,2025-01-16,1836,N20,nominal,2.0NRT,289.2,1.77,D
31.5316,-84.16981,333.87,0.39,0.36,2025-01-16,1836,N20,nominal,2.0NRT,292.18,3.08,D
31.82811,-82.31229,335.8,0.39,0.36,2025-01-16,1836,N20,nominal,2.0NRT,293.98,4.58,D
31.83143,-82.31294,328.73,0.39,0.36,2025-01-16,1836,N20,nominal,2.0NRT,289.68,4.58,D
31.31269,-85.73071,329.47,0.42,0.37,2025-01-16,1836,N20,nominal,2.0NRT,292.66,6.11,D
31.6384,-83.74759,328.37,0.38,0.36,2025-01-16,1836,N20,nominal,2.0NRT,290.59,1.44,D
31.92093,-81.87376,329.15,0.4,0.37,2025-01-16,1836,N20,nominal,2.0NRT,291.5,2.6,D
31.69662,-83.41174,343.33,0.38,0.36,2025-01-16,1836,N20,nominal,2.0NRT,292.52,5.98,D
31.6451,-83.98952,337.54,0.39,0.36,2025-01-16,1836,N20,nominal,2.0NRT,298.56,5.57,D
31.14019,-86.99591,346.8,0.46,0.39,2025-01-16,1836,N20,nominal,2.0NRT,289.8,9.77,D
31.13931,-87.0007,339.43,0.46,0.39,2025-01-16,1836,N20,nominal,2.0NRT,294.12,9.77,D
31.13843,-87.0055,331.8,0.46,0.39,2025-01-16,1836,N20,nominal,2.0NRT,290.78,10.83,D
31.14463,-86.992,326.9,0.46,0.39,2025-01-16,1836,N20,nominal,2.0NRT,287.98,2.66,D
31.14288,-87.00156,337.51,0.46,0.39,2025-01-16,1836,N20,nominal,2.0NRT,293.34,9.77,D
30.91303,-88.21736,326.38,0.53,0.42,2025-01-16,1836,N20,nominal,2.0NRT,287.56,3.9,D
31.14645,-87.0024,328.07,0.46,0.39,2025-01-16,1836,N20,nominal,2.0NRT,289.72,6.49,D
31.15089,-86.99849,350,0.46,0.39,2025-01-16,1836,N20,nominal,2.0NRT,290.78,6.49,D
31.15532,-86.99458,347.58,0.46,0.39,2025-01-16,1836,N20,nominal,2.0NRT,292.88,7.35,D
31.15445,-86.99934,344.09,0.46,0.39,2025-01-16,1836,N20,nominal,2.0NRT,295.54,20.64,D
31.15888,-86.99545,338.38,0.46,0.39,2025-01-16,1836,N20,nominal,2.0NRT,290.37,7.35,D
31.16331,-86.99157,325.58,0.46,0.39,2025-01-16,1836,N20,nominal,2.0NRT,289.06,2.72,D
31.16861,-86.98293,350.82,0.46,0.39,2025-01-16,1836,N20,nominal,2.0NRT,290.39,9.59,D
31.16687,-86.99243,329.76,0.46,0.39,2025-01-16,1836,N20,nominal,2.0NRT,289.88,2.72,D
31.17303,-86.97903,339.3,0.46,0.39,2025-01-16,1836,N20,nominal,2.0NRT,289.23,6.3,D
31.17217,-86.98379,339.97,0.46,0.39,2025-01-16,1836,N20,nominal,2.0NRT,290.37,6.83,D
31.1713,-86.98853,336.11,0.46,0.39,2025-01-16,1836,N20,nominal,2.0NRT,291.22,6.83,D
31.97048,-82.09715,329.09,0.4,0.37,2025-01-16,1836,N20,nominal,2.0NRT,291.47,6.7,D
31.87212,-82.87433,331.93,0.39,0.36,2025-01-16,1836,N20,nominal,2.0NRT,291.93,2.44,D
31.75459,-83.65558,333.46,0.38,0.36,2025-01-16,1836,N20,nominal,2.0NRT,291.94,3.89,D
31.0925,-87.5807,332.56,0.49,0.4,2025-01-16,1836,N20,nominal,2.0NRT,291.18,6.3,D
31.09156,-87.58575,335.24,0.49,0.4,2025-01-16,1836,N20,nominal,2.0NRT,294.41,6.3,D
31.43139,-85.82031,325.76,0.42,0.38,2025-01-16,1836,N20,nominal,2.0NRT,288.97,2.04,D
31.67646,-84.35144,331.6,0.39,0.36,2025-01-16,1836,N20,nominal,2.0NRT,293.19,12.87,D
31.67582,-84.3555,338.65,0.39,0.36,2025-01-16,1836,N20,nominal,2.0NRT,297.19,17.61,D
31.43775,-85.80369,334.42,0.42,0.38,2025-01-16,1836,N20,nominal,2.0NRT,291.81,3.94,D
31.43745,-85.82627,330.84,0.42,0.38,2025-01-16,1836,N20,nominal,2.0NRT,289.19,4.43,D
31.43669,-85.82905,336.84,0.42,0.38,2025-01-16,1836,N20,nominal,2.0NRT,291.48,3.5,D
31.4401,-85.82983,336.75,0.42,0.38,2025-01-16,1836,N20,nominal,2.0NRT,291.83,3.5,D
31.44275,-85.83494,336.59,0.42,0.38,2025-01-16,1836,N20,nominal,2.0NRT,290.05,3.2,D
31.44541,-85.84007,330.28,0.42,0.38,2025-01-16,1836,N20,nominal,2.0NRT,289.39,3.2,D
31.85002,-83.38857,331.66,0.38,0.36,2025-01-16,1836,N20,nominal,2.0NRT,288.4,3.53,D
31.84941,-83.39259,326.92,0.38,0.36,2025-01-16,1836,N20,nominal,2.0NRT,288.1,3.3,D
28.74407,-97.78999,330.45,0.7,0.75,2025-01-16,1836,N20,nominal,2.0NRT,285.07,4.77,D
31.68081,-84.51555,339.55,0.39,0.36,2025-01-16,1836,N20,nominal,2.0NRT,294.28,12.7,D
31.25457,-87.03156,349.03,0.46,0.39,2025-01-16,1836,N20,nominal,2.0NRT,293.58,16.22,D
31.25813,-87.03241,351.08,0.46,0.39,2025-01-16,1836,N20,nominal,2.0NRT,291.48,5.29,D
31.2617,-87.03328,325.59,0.46,0.39,2025-01-16,1836,N20,nominal,2.0NRT,287.23,5.29,D
31.95006,-83.01433,332.06,0.39,0.36,2025-01-16,1836,N20,nominal,2.0NRT,291.18,8.2,D
31.94946,-83.01837,345.95,0.39,0.36,2025-01-16,1836,N20,nominal,2.0NRT,293.53,8.2,D
31.94886,-83.02242,292.26,0.39,0.36,2025-01-16,1836,N20,low,2.0NRT,299.85,22.7,D
32.08593,-82.09705,332.11,0.4,0.37,2025-01-16,1836,N20,nominal,2.0NRT,289.39,3.52,D
31.95335,-83.015,345.01,0.39,0.36,2025-01-16,1836,N20,nominal,2.0NRT,292.75,8.2,D
29.09196,-96.87894,367,0.61,0.71,2025-01-16,1836,N20,high,2.0NRT,290.08,14.64,D
31.86065,-83.71866,339.52,0.38,0.36,2025-01-16,1836,N20,nominal,2.0NRT,294.54,9.36,D
31.86393,-83.71936,346.07,0.38,0.36,2025-01-16,1836,N20,nominal,2.0NRT,301.11,26.25,D
31.91814,-83.38611,333.26,0.38,0.36,2025-01-16,1836,N20,nominal,2.0NRT,290.69,3.24,D
31.86721,-83.72005,347.19,0.38,0.36,2025-01-16,1836,N20,nominal,2.0NRT,291.43,26.25,D
31.23749,-87.51392,333.47,0.49,0.4,2025-01-16,1836,N20,nominal,2.0NRT,289.41,4.22,D
32.06232,-82.66425,331.31,0.39,0.36,2025-01-16,1836,N20,nominal,2.0NRT,291.28,5.58,D
29.09399,-96.87503,339.94,0.61,0.71,2025-01-16,1836,N20,nominal,2.0NRT,285.93,9.56,D
29.09238,-96.88094,353.84,0.61,0.71,2025-01-16,1836,N20,nominal,2.0NRT,288.28,9.56,D
31.50665,-86.29897,330.15,0.43,0.38,2025-01-16,1836,N20,nominal,2.0NRT,292.54,3.38,D
32.03413,-83.24761,336.4,0.38,0.36,2025-01-16,1836,N20,nominal,2.0NRT,291.44,2.35,D
32.03352,-83.25165,325.5,0.38,0.36,2025-01-16,1836,N20,nominal,2.0NRT,290.77,2.35,D
32.2392,-81.84961,334.75,0.4,0.37,2025-01-16,1836,N20,nominal,2.0NRT,299.78,21.53,D
32.03741,-83.24828,329.17,0.38,0.36,2025-01-16,1836,N20,nominal,2.0NRT,289.59,2.71,D
32.16068,-82.43061,334.5,0.39,0.36,2025-01-16,1836,N20,nominal,2.0NRT,292.91,2.67,D
32.01774,-83.46873,329.52,0.38,0.36,2025-01-16,1836,N20,nominal,2.0NRT,290.51,2.07,D
31.78875,-85.10592,339.49,0.4,0.37,2025-01-16,1836,N20,nominal,2.0NRT,292.83,6.02,D
32.21739,-82.33948,342.02,0.39,0.36,2025-01-16,1836,N20,nominal,2.0NRT,287.25,5.23,D
31.79208,-85.10667,332.16,0.4,0.37,2025-01-16,1836,N20,nominal,2.0NRT,290.73,4.45,D
31.85456,-84.74785,333.4,0.39,0.36,2025-01-16,1836,N20,nominal,2.0NRT,294.32,12.97,D
31.79611,-85.10323,330.97,0.4,0.37,2025-01-16,1836,N20,nominal,2.0NRT,291.15,4.45,D
31.85921,-84.74036,328.55,0.39,0.36,2025-01-16,1836,N20,nominal,2.0NRT,290.66,14.08,D
31.85854,-84.74447,346.12,0.39,0.36,2025-01-16,1836,N20,nominal,2.0NRT,295.62,14.08,D
31.85787,-84.74858,335.25,0.39,0.36,2025-01-16,1836,N20,nominal,2.0NRT,292.57,7.76,D
31.48311,-86.92006,333.94,0.46,0.39,2025-01-16,1836,N20,nominal,2.0NRT,291.07,4.1,D
31.9334,-84.34287,352.22,0.39,0.36,2025-01-16,1836,N20,nominal,2.0NRT,296.64,14.27,D
31.9367,-84.34359,329.86,0.39,0.36,2025-01-16,1836,N20,nominal,2.0NRT,290,5.66,D
31.93605,-84.34765,327.17,0.39,0.36,2025-01-16,1836,N20,nominal,2.0NRT,292.22,5.66,D
31.51015,-86.87274,336.97,0.45,0.39,2025-01-16,1836,N20,nominal,2.0NRT,289.28,4.02,D
31.5093,-86.87743,328.08,0.45,0.39,2025-01-16,1836,N20,nominal,2.0NRT,288.63,4.02,D
29.8979,-94.45749,329.97,0.42,0.61,2025-01-16,1836,N20,nominal,2.0NRT,289.21,2.84,D
31.81353,-85.2068,339.94,0.4,0.37,2025-01-16,1836,N20,nominal,2.0NRT,290.14,3.71,D
32.35983,-81.63547,328.26,0.41,0.37,2025-01-16,1836,N20,nominal,2.0NRT,287.2,2.65,D
32.33697,-81.8023,328.96,0.4,0.37,2025-01-16,1836,N20,nominal,2.0NRT,289.38,2.53,D
32.24769,-82.5576,327.31,0.39,0.36,2025-01-16,1836,N20,nominal,2.0NRT,291.73,2.2,D
32.03307,-84.03381,329.29,0.39,0.36,2025-01-16,1836,N20,nominal,2.0NRT,290.19,2.7,D
32.03244,-84.03785,345.19,0.39,0.36,2025-01-16,1836,N20,nominal,2.0NRT,294.22,24.98,D
32.03573,-84.03855,340.47,0.39,0.36,2025-01-16,1836,N20,nominal,2.0NRT,307.17,24.98,D
30.27181,-93.15651,334.17,0.34,0.56,2025-01-16,1836,N20,nominal,2.0NRT,290.78,2.74,D
32.0351,-84.04259,290.72,0.39,0.36,2025-01-16,1836,N20,low,2.0NRT,299.8,24.98,D
32.06143,-83.96061,328.72,0.38,0.36,2025-01-16,1836,N20,nominal,2.0NRT,288.72,3.22,D
32.11,-83.75795,329.74,0.38,0.36,2025-01-16,1836,N20,nominal,2.0NRT,287.52,1.86,D
32.18393,-83.31542,337.47,0.38,0.36,2025-01-16,1836,N20,nominal,2.0NRT,291.56,3.92,D
32.11718,-83.75531,329.7,0.38,0.36,2025-01-16,1836,N20,nominal,2.0NRT,290.5,4.73,D
30.26903,-93.15627,331.82,0.34,0.56,2025-01-16,1836,N20,nominal,2.0NRT,289.57,2.95,D
32.0883,-84.00763,326.08,0.39,0.36,2025-01-16,1836,N20,nominal,2.0NRT,290.71,2.51,D
31.75857,-86.02866,335.62,0.42,0.38,2025-01-16,1836,N20,nominal,2.0NRT,290.57,3.01,D
31.70789,-86.35873,330.87,0.43,0.38,2025-01-16,1836,N20,nominal,2.0NRT,292.77,7.93,D
32.60132,-80.45551,348.62,0.44,0.39,2025-01-16,1836,N20,nominal,2.0NRT,291.67,20.81,D
31.71134,-86.35956,327.89,0.43,0.38,2025-01-16,1836,N20,nominal,2.0NRT,292.58,7.93,D
32.60485,-80.45614,340.64,0.44,0.39,2025-01-16,1836,N20,nominal,2.0NRT,288.57,9.39,D
30.88422,-90.61755,334.86,0.48,0.48,2025-01-16,1836,N20,nominal,2.0NRT,290.9,5.06,D
32.52576,-81.09935,325.53,0.42,0.38,2025-01-16,1836,N20,nominal,2.0NRT,288.28,2.01,D
32.41245,-81.99007,330.33,0.4,0.37,2025-01-16,1836,N20,nominal,2.0NRT,291.63,3.53,D
32.14212,-83.83562,346.06,0.38,0.36,2025-01-16,1836,N20,nominal,2.0NRT,292.14,5.08,D
32.14149,-83.83965,327.15,0.38,0.36,2025-01-16,1836,N20,nominal,2.0NRT,290.63,5.08,D
32.4164,-81.98649,347.82,0.4,0.37,2025-01-16,1836,N20,nominal,2.0NRT,295.53,11.28,D
32.48109,-81.59103,338.37,0.41,0.37,2025-01-16,1836,N20,nominal,2.0NRT,291.89,7.03,D
32.30862,-82.83902,345.78,0.39,0.36,2025-01-16,1836,N20,nominal,2.0NRT,292.9,13.35,D
31.41496,-88.15863,345.63,0.52,0.41,2025-01-16,1836,N20,nominal,2.0NRT,292.66,6.28,D
32.31252,-82.8356,330.04,0.39,0.36,2025-01-16,1836,N20,nominal,2.0NRT,298.36,13.35,D
32.31193,-82.83968,347.26,0.39,0.36,2025-01-16,1836,N20,nominal,2.0NRT,297.79,13.35,D
32.31133,-82.84377,339.96,0.39,0.36,2025-01-16,1836,N20,nominal,2.0NRT,291.71,4.01,D
31.4187,-88.15958,331.48,0.52,0.41,2025-01-16,1836,N20,nominal,2.0NRT,291.17,6.28,D
32.31582,-82.83627,332.05,0.39,0.36,2025-01-16,1836,N20,nominal,2.0NRT,290.54,6.03,D
32.31523,-82.84035,352.91,0.39,0.36,2025-01-16,1836,N20,nominal,2.0NRT,296.53,6.03,D
32.31853,-82.84102,345.02,0.39,0.36,2025-01-16,1836,N20,nominal,2.0NRT,293.13,6.03,D
32.32124,-82.84577,339.68,0.39,0.36,2025-01-16,1836,N20,nominal,2.0NRT,293.07,4.99,D
31.79608,-86.16145,367,0.43,0.38,2025-01-16,1836,N20,high,2.0NRT,292.87,10.96,D
32.59938,-80.96999,335.47,0.43,0.38,2025-01-16,1836,N20,nominal,2.0NRT,288.34,5.67,D
32.46246,-82.64549,330.2,0.39,0.36,2025-01-16,1836,N20,nominal,2.0NRT,291.58,3.27,D
32.03297,-85.4516,337.91,0.4,0.37,2025-01-16,1836,N20,nominal,2.0NRT,289.64,4.57,D
32.47631,-82.64404,342.79,0.39,0.36,2025-01-16,1836,N20,nominal,2.0NRT,291.43,6.37,D
32.21961,-84.47098,337.12,0.39,0.36,2025-01-16,1836,N20,nominal,2.0NRT,288.76,2.16,D
32.3241,-83.84809,334.04,0.38,0.36,2025-01-16,1836,N20,nominal,2.0NRT,289.87,2.79,D
31.34328,-89.3913,337.98,0.4,0.44,2025-01-16,1836,N20,nominal,2.0NRT,290.86,8.99,D
32.7178,-81.17738,343.26,0.42,0.38,2025-01-16,1836,N20,nominal,2.0NRT,293.94,14.39,D
32.90913,-79.70222,341.95,0.48,0.4,2025-01-16,1836,N20,nominal,2.0NRT,288.79,7.51,D
31.15238,-90.43585,328.61,0.46,0.47,2025-01-16,1836,N20,nominal,2.0NRT,289.37,4.55,D
31.88768,-86.78414,348.67,0.45,0.39,2025-01-16,1836,N20,nominal,2.0NRT,288.18,10.06,D
32.07677,-85.75771,327.31,0.41,0.37,2025-01-16,1836,N20,nominal,2.0NRT,290.92,1.72,D
32.08015,-85.7585,341.23,0.41,0.37,2025-01-16,1836,N20,nominal,2.0NRT,292.45,4.06,D
32.07942,-85.7628,327.98,0.41,0.37,2025-01-16,1836,N20,nominal,2.0NRT,291.52,3.72,D
31.28899,-89.99194,332.42,0.43,0.46,2025-01-16,1836,N20,nominal,2.0NRT,289.74,2.56,D
32.08352,-85.75928,335.34,0.41,0.37,2025-01-16,1836,N20,nominal,2.0NRT,290.76,4.06,D
31.61956,-88.34047,334.43,0.52,0.42,2025-01-16,1836,N20,nominal,2.0NRT,292.54,13.38,D
32.82406,-80.82503,338.98,0.43,0.38,2025-01-16,1836,N20,nominal,2.0NRT,291.57,47.02,D
32.82815,-80.82105,336.17,0.43,0.38,2025-01-16,1836,N20,nominal,2.0NRT,296.04,37.15,D
32.83164,-80.82168,342.15,0.43,0.38,2025-01-16,1836,N20,nominal,2.0NRT,293.47,15.8,D
32.83104,-80.82627,330.77,0.43,0.38,2025-01-16,1836,N20,nominal,2.0NRT,289.93,8.97,D
32.79321,-81.14067,332.07,0.42,0.38,2025-01-16,1836,N20,nominal,2.0NRT,289.95,4.56,D
32.79666,-81.14131,354.83,0.42,0.38,2025-01-16,1836,N20,nominal,2.0NRT,300.71,16.62,D
32.79607,-81.1458,344.67,0.42,0.38,2025-01-16,1836,N20,nominal,2.0NRT,294.29,9.67,D
31.69942,-88.02077,339.6,0.5,0.41,2025-01-16,1836,N20,nominal,2.0NRT,292.21,10,D
32.62304,-82.42557,331.32,0.39,0.36,2025-01-16,1836,N20,nominal,2.0NRT,291.9,11.97,D
32.62244,-82.42973,328.74,0.39,0.36,2025-01-16,1836,N20,nominal,2.0NRT,303.17,21.01,D
31.75197,-87.75836,336.1,0.49,0.4,2025-01-16,1836,N20,nominal,2.0NRT,287.84,3.96,D
32.62512,-82.42918,344.22,0.39,0.36,2025-01-16,1836,N20,nominal,2.0NRT,307.35,41.73,D
32.38449,-84.05253,345.02,0.38,0.36,2025-01-16,1836,N20,nominal,2.0NRT,292.43,9.11,D
32.28644,-84.67095,347.01,0.39,0.36,2025-01-16,1836,N20,nominal,2.0NRT,292.95,5.57,D
32.28577,-84.67505,352,0.39,0.36,2025-01-16,1836,N20,nominal,2.0NRT,290.89,5.57,D
32.65947,-82.20803,326.77,0.4,0.37,2025-01-16,1836,N20,nominal,2.0NRT,288.89,2.73,D
32.28974,-84.67169,330.13,0.39,0.36,2025-01-16,1836,N20,nominal,2.0NRT,289.06,5.57,D
32.28907,-84.67579,351.23,0.39,0.36,2025-01-16,1836,N20,nominal,2.0NRT,291.56,5.57,D
32.87793,-80.5752,330.89,0.44,0.39,2025-01-16,1836,N20,nominal,2.0NRT,287.3,3.39,D
31.75063,-87.76012,337.7,0.49,0.4,2025-01-16,1836,N20,nominal,2.0NRT,288.82,4.5,D
31.70036,-88.02299,329.16,0.5,0.41,2025-01-16,1836,N20,nominal,2.0NRT,291.78,9.78,D
32.43747,-83.77532,330.51,0.38,0.36,2025-01-16,1836,N20,nominal,2.0NRT,289.94,2.19,D
32.11731,-85.91415,342.58,0.42,0.37,2025-01-16,1836,N20,nominal,2.0NRT,292.95,4.97,D
33.01403,-79.88258,328.78,0.47,0.4,2025-01-16,1836,N20,nominal,2.0NRT,290.36,8.3,D
32.91226,-80.75836,345.27,0.44,0.38,2025-01-16,1836,N20,nominal,2.0NRT,290.02,4.98,D
32.91576,-80.759,341.86,0.44,0.38,2025-01-16,1836,N20,nominal,2.0NRT,289.32,4.98,D
32.42094,-84.23228,329.7,0.39,0.36,2025-01-16,1836,N20,nominal,2.0NRT,290.76,2.03,D
31.24529,-90.6461,331.39,0.47,0.48,2025-01-16,1836,N20,nominal,2.0NRT,289.74,5.24,D
32.04601,-86.52938,332.55,0.43,0.38,2025-01-16,1836,N20,nominal,2.0NRT,290.35,9.13,D
32.05027,-86.52571,334.33,0.43,0.38,2025-01-16,1836,N20,nominal,2.0NRT,287.79,8.16,D
32.04947,-86.53024,343.1,0.43,0.38,2025-01-16,1836,N20,nominal,2.0NRT,291.77,8.16,D
32.04868,-86.53478,325.51,0.43,0.38,2025-01-16,1836,N20,nominal,2.0NRT,289.47,5.52,D
33.04503,-79.84137,328.24,0.47,0.4,2025-01-16,1836,N20,nominal,2.0NRT,289.01,5.53,D
32.05373,-86.52657,347.25,0.43,0.38,2025-01-16,1836,N20,nominal,2.0NRT,292.17,8.16,D
32.97593,-80.45673,328.34,0.45,0.39,2025-01-16,1836,N20,nominal,2.0NRT,289.7,3.14,D
31.57001,-89.22591,337.29,0.39,0.44,2025-01-16,1836,N20,nominal,2.0NRT,287.62,3.6,D
32.56467,-83.51797,335.46,0.38,0.36,2025-01-16,1836,N20,nominal,2.0NRT,301.17,36.86,D
32.56795,-83.51866,340.29,0.38,0.36,2025-01-16,1836,N20,nominal,2.0NRT,294.62,13.38,D
32.49812,-84.04376,327.72,0.38,0.36,2025-01-16,1836,N20,nominal,2.0NRT,287.56,3.17,D
33.07843,-79.80914,329.86,0.48,0.4,2025-01-16,1836,N20,nominal,2.0NRT,288.41,3.35,D
31.57192,-89.22698,331.01,0.39,0.44,2025-01-16,1836,N20,nominal,2.0NRT,285.92,2.55,D
33.08208,-79.80975,333.17,0.48,0.4,2025-01-16,1836,N20,nominal,2.0NRT,288.21,3.35,D
32.73193,-82.5616,333.26,0.39,0.36,2025-01-16,1836,N20,nominal,2.0NRT,289.58,3.03,D
32.73525,-82.56227,331.33,0.39,0.36,2025-01-16,1836,N20,nominal,2.0NRT,289.53,3.23,D
32.54195,-83.93591,328.94,0.38,0.36,2025-01-16,1836,N20,nominal,2.0NRT,290.14,2.1,D
32.54523,-83.93661,330.77,0.38,0.36,2025-01-16,1836,N20,nominal,2.0NRT,288.41,2.72,D
31.71012,-88.69942,327.24,0.54,0.42,2025-01-16,1836,N20,nominal,2.0NRT,289.68,6.84,D
32.90928,-81.42022,333.92,0.42,0.37,2025-01-16,1836,N20,nominal,2.0NRT,288.41,3.16,D
31.71394,-88.70044,354.36,0.54,0.42,2025-01-16,1836,N20,nominal,2.0NRT,292.57,6.84,D
31.71284,-88.70605,329.43,0.54,0.42,2025-01-16,1836,N20,nominal,2.0NRT,290.01,6.84,D
32.96268,-81.03954,334.37,0.43,0.38,2025-01-16,1836,N20,nominal,2.0NRT,295.26,13.8,D
32.96209,-81.04411,329.56,0.43,0.38,2025-01-16,1836,N20,nominal,2.0NRT,291.06,5.88,D
32.96674,-81.03561,332.43,0.43,0.38,2025-01-16,1836,N20,nominal,2.0NRT,287.18,13.8,D
32.96615,-81.04018,344.67,0.43,0.38,2025-01-16,1836,N20,nominal,2.0NRT,293.01,13.8,D
32.96555,-81.04475,328.61,0.43,0.38,2025-01-16,1836,N20,nominal,2.0NRT,287.75,5.88,D
33.14611,-79.61579,349.43,0.49,0.4,2025-01-16,1836,N20,nominal,2.0NRT,294.44,63.38,D
33.14549,-79.62099,341.26,0.49,0.4,2025-01-16,1836,N20,nominal,2.0NRT,293.32,94.8,D
33.15041,-79.61121,339.15,0.49,0.4,2025-01-16,1836,N20,nominal,2.0NRT,288.26,63.38,D
33.1541,-79.61182,336.88,0.49,0.4,2025-01-16,1836,N20,nominal,2.0NRT,290.48,93.89,D
32.29149,-85.67721,331.31,0.41,0.37,2025-01-16,1836,N20,nominal,2.0NRT,289.21,2.48,D
32.09354,-86.81745,329.81,0.44,0.39,2025-01-16,1836,N20,nominal,2.0NRT,289.2,5.19,D
32.60646,-83.73622,343.62,0.38,0.36,2025-01-16,1836,N20,nominal,2.0NRT,293.9,8.01,D
32.09703,-86.8183,329.71,0.44,0.39,2025-01-16,1836,N20,nominal,2.0NRT,291.86,5.19,D
32.85804,-82.02905,343.18,0.4,0.37,2025-01-16,1836,N20,nominal,2.0NRT,292.78,13.5,D
32.78921,-82.54311,331.27,0.39,0.36,2025-01-16,1836,N20,nominal,2.0NRT,293.4,8.32,D
32.78862,-82.54728,348.56,0.39,0.36,2025-01-16,1836,N20,nominal,2.0NRT,298.55,14.95,D
32.78803,-82.55142,345.11,0.39,0.36,2025-01-16,1836,N20,nominal,2.0NRT,292.93,14.95,D
32.79194,-82.54793,338.96,0.39,0.36,2025-01-16,1836,N20,nominal,2.0NRT,298.14,23.87,D
33.20872,-79.37341,337.78,0.5,0.41,2025-01-16,1836,N20,nominal,2.0NRT,286.97,4.25,D
32.84919,-82.1669,340.17,0.4,0.37,2025-01-16,1836,N20,nominal,2.0NRT,297.33,24.8,D
33.21246,-79.37403,331.08,0.5,0.41,2025-01-16,1836,N20,nominal,2.0NRT,288.14,22.67,D
33.2326,-79.26765,326.46,0.5,0.41,2025-01-16,1836,N20,nominal,2.0NRT,286.84,1.75,D
32.37545,-85.36198,332.35,0.4,0.37,2025-01-16,1836,N20,nominal,2.0NRT,287.47,2.22,D
33.24075,-79.26347,328.49,0.5,0.41,2025-01-16,1836,N20,nominal,2.0NRT,287.25,4.32,D
32.90448,-81.89306,334.87,0.4,0.37,2025-01-16,1836,N20,nominal,2.0NRT,292.26,6.78,D
32.37809,-85.36695,331.23,0.4,0.37,2025-01-16,1836,N20,nominal,2.0NRT,287.16,3.59,D
32.90785,-81.8937,326.89,0.4,0.37,2025-01-16,1836,N20,nominal,2.0NRT,290.25,6.78,D
32.90726,-81.898,345.27,0.4,0.37,2025-01-16,1836,N20,nominal,2.0NRT,296.71,6.78,D
32.38212,-85.36351,329.88,0.4,0.37,2025-01-16,1836,N20,nominal,2.0NRT,289.01,3.59,D
32.38143,-85.36771,335.17,0.4,0.37,2025-01-16,1836,N20,nominal,2.0NRT,289.63,3.59,D
32.91162,-81.91649,329.45,0.4,0.37,2025-01-16,1836,N20,nominal,2.0NRT,288.99,4.39,D
32.91103,-81.92077,352.71,0.4,0.37,2025-01-16,1836,N20,nominal,2.0NRT,300.37,21.33,D
32.91044,-81.92506,333.43,0.4,0.37,2025-01-16,1836,N20,nominal,2.0NRT,300.72,21.33,D
33.24106,-79.26548,330.33,0.51,0.41,2025-01-16,1836,N20,nominal,2.0NRT,287.09,3.49,D
32.9124,-81.91979,351.41,0.4,0.37,2025-01-16,1836,N20,nominal,2.0NRT,300.78,27.38,D
32.91182,-81.92408,347.76,0.4,0.37,2025-01-16,1836,N20,nominal,2.0NRT,304.7,27.38,D
32.58351,-84.19562,329.2,0.39,0.36,2025-01-16,1836,N20,nominal,2.0NRT,291.41,4.64,D
32.81395,-82.70074,327.86,0.39,0.36,2025-01-16,1836,N20,nominal,2.0NRT,288.35,2.05,D
32.81726,-82.70142,328.39,0.39,0.36,2025-01-16,1836,N20,nominal,2.0NRT,288.73,4.28,D
32.81667,-82.70555,325.35,0.39,0.36,2025-01-16,1836,N20,nominal,2.0NRT,293.41,6.07,D
32.81939,-82.71035,329.36,0.39,0.36,2025-01-16,1836,N20,nominal,2.0NRT,292.18,6.07,D
32.63571,-83.94686,336.09,0.38,0.36,2025-01-16,1836,N20,nominal,2.0NRT,291.9,7.01,D
32.63899,-83.94756,328.84,0.38,0.36,2025-01-16,1836,N20,nominal,2.0NRT,288.73,9.01,D
32.16038,-86.81244,336.1,0.44,0.39,2025-01-16,1836,N20,nominal,2.0NRT,289.47,4.91,D
32.64289,-83.94422,328.98,0.38,0.36,2025-01-16,1836,N20,nominal,2.0NRT,289.64,8.52,D
32.16304,-86.81789,332.76,0.44,0.39,2025-01-16,1836,N20,nominal,2.0NRT,289.62,5.67,D
33.00537,-81.72015,344.01,0.41,0.37,2025-01-16,1836,N20,nominal,2.0NRT,290.56,5.93,D
33.00876,-81.7208,335.68,0.41,0.37,2025-01-16,1836,N20,nominal,2.0NRT,302.37,34.78,D
33.07488,-81.25295,329.87,0.42,0.38,2025-01-16,1836,N20,nominal,2.0NRT,288.17,2.94,D
30.30517,-95.66974,350.28,0.48,0.65,2025-01-16,1836,N20,nominal,2.0NRT,289.29,6.9,D
32.56975,-84.92551,341.64,0.39,0.36,2025-01-16,1836,N20,nominal,2.0NRT,289.64,2.73,D
32.57249,-84.92546,328.6,0.39,0.36,2025-01-16,1836,N20,nominal,2.0NRT,288.21,2.5,D
32.85844,-83.12022,329.48,0.39,0.36,2025-01-16,1836,N20,nominal,2.0NRT,292.64,10.29,D
32.82074,-83.39862,329,0.38,0.36,2025-01-16,1836,N20,nominal,2.0NRT,289.78,10.68,D
32.82013,-83.40269,332.24,0.38,0.36,2025-01-16,1836,N20,nominal,2.0NRT,299.91,10.68,D
30.30418,-95.66724,342.35,0.48,0.65,2025-01-16,1836,N20,nominal,2.0NRT,288.44,4.91,D
30.30292,-95.67207,339.85,0.48,0.65,2025-01-16,1836,N20,nominal,2.0NRT,292.48,4.91,D
31.79566,-89.31195,337.72,0.39,0.44,2025-01-16,1836,N20,nominal,2.0NRT,290.85,3.52,D
32.7708,-83.90829,344.25,0.38,0.36,2025-01-16,1836,N20,nominal,2.0NRT,294.42,8.37,D
33.46539,-79.21687,326.15,0.51,0.41,2025-01-16,1836,N20,nominal,2.0NRT,287.49,3.12,D
33.12009,-82.13789,334.63,0.4,0.37,2025-01-16,1836,N20,nominal,2.0NRT,289.21,2.38,D
33.4372,-79.69749,338.74,0.49,0.4,2025-01-16,1836,N20,nominal,2.0NRT,288.09,4.64,D
33.32489,-80.68603,337.55,0.44,0.39,2025-01-16,1836,N20,nominal,2.0NRT,288.05,3.25,D
32.63566,-85.4977,329.62,0.4,0.37,2025-01-16,1836,N20,nominal,2.0NRT,290.71,7.87,D
33.12885,-82.32291,333.16,0.4,0.37,2025-01-16,1836,N20,nominal,2.0NRT,289.29,4.93,D
33.3959,-80.31944,328.29,0.46,0.39,2025-01-16,1836,N20,nominal,2.0NRT,288.51,2.41,D
32.77474,-84.70954,344.14,0.39,0.36,2025-01-16,1836,N20,nominal,2.0NRT,291.96,7.4,D
33.0559,-82.8842,352.79,0.39,0.36,2025-01-16,1836,N20,nominal,2.0NRT,293.94,8.91,D
32.77803,-84.71028,328.61,0.39,0.36,2025-01-16,1836,N20,nominal,2.0NRT,292.15,2.36,D
33.44257,-80.0588,330.25,0.47,0.4,2025-01-16,1836,N20,nominal,2.0NRT,293.55,16.47,D
33.44196,-80.06382,353.28,0.47,0.4,2025-01-16,1836,N20,nominal,2.0NRT,293.63,16.47,D
33.44559,-80.06443,342.32,0.47,0.4,2025-01-16,1836,N20,nominal,2.0NRT,288.21,9.45,D
32.39606,-87.52663,328.57,0.47,0.4,2025-01-16,1836,N20,nominal,2.0NRT,288.36,20.97,D
33.5911,-79.65617,343.72,0.49,0.4,2025-01-16,1836,N20,nominal,2.0NRT,288.7,7.21,D
33.59542,-79.65154,328.39,0.49,0.4,2025-01-16,1836,N20,nominal,2.0NRT,298.81,37.75,D
33.5948,-79.65678,334.32,0.49,0.4,2025-01-16,1836,N20,nominal,2.0NRT,297.33,37.75,D
33.23502,-82.53385,328.35,0.39,0.36,2025-01-16,1836,N20,nominal,2.0NRT,288.9,2.69,D
33.08717,-83.70567,327.88,0.38,0.36,2025-01-16,1836,N20,nominal,2.0NRT,287.95,2.78,D
34.04693,-114.32025,335.18,0.51,0.41,2025-01-16,2018,N20,nominal,2.0NRT,297.07,3.24,D
34.66654,-111.10754,328.24,0.39,0.37,2025-01-16,2018,N20,nominal,2.0NRT,286.05,18.7,D
34.30085,-114.10218,331.17,0.5,0.41,2025-01-16,2018,N20,nominal,2.0NRT,295.37,1.76,D
36.44666,-98.72052,336.95,0.38,0.59,2025-01-16,2018,N20,nominal,2.0NRT,287.87,2.78,D
36.44254,-98.7206,339.15,0.38,0.59,2025-01-16,2018,N20,nominal,2.0NRT,288.47,2.91,D
36.54422,-98.66883,344.54,0.39,0.59,2025-01-16,2018,N20,nominal,2.0NRT,289.08,4.43,D
35.21648,-111.88615,334.53,0.41,0.37,2025-01-16,2018,N20,nominal,2.0NRT,300.52,34.56,D
35.21981,-111.887,346.3,0.41,0.37,2025-01-16,2018,N20,nominal,2.0NRT,317.56,34.56,D
35.22316,-111.88783,344.7,0.41,0.37,2025-01-16,2018,N20,nominal,2.0NRT,298.76,17.42,D
37.35725,-105.12093,346.25,0.53,0.42,2025-01-16,2018,N20,nominal,2.0NRT,287.27,55.45,D
37.81842,-112.38621,331.56,0.4,0.37,2025-01-16,2018,N20,nominal,2.0NRT,288.19,7.48,D
36.12146,-121.08005,326.56,0.35,0.57,2025-01-16,2018,N20,nominal,2.0NRT,295.55,2.09,D
36.12386,-121.08021,327.94,0.35,0.57,2025-01-16,2018,N20,nominal,2.0NRT,294.86,2.64,D
36.16576,-121.10917,367,0.35,0.57,2025-01-16,2018,N20,high,2.0NRT,295.93,4.61,D
17.98016,-94.52567,352.92,0.45,0.63,2025-01-16,2012,N20,nominal,2.0NRT,289.39,11.74,D
36.17072,-121.11122,367,0.35,0.57,2025-01-16,2018,N20,high,2.0NRT,292.89,4.61,D
17.9806,-94.52132,356.67,0.45,0.63,2025-01-16,2012,N20,low,2.0NRT,288.65,11.74,D
39.00726,-104.96181,331.19,0.57,0.43,2025-01-16,2018,N20,nominal,2.0NRT,277.68,27.51,D
17.51443,-101.40236,332.06,0.49,0.4,2025-01-16,2012,N20,nominal,2.0NRT,293.91,5.24,D
39.00659,-104.96834,329.15,0.57,0.43,2025-01-16,2018,N20,nominal,2.0NRT,276.97,27.51,D
18.15018,-100.30473,328.29,0.57,0.43,2025-01-16,2012,N20,nominal,2.0NRT,283.66,4.73,D
36.21783,-121.18548,355.53,0.35,0.57,2025-01-16,2018,N20,nominal,2.0NRT,294.55,4.67,D
17.93117,-102.20473,336.96,0.45,0.39,2025-01-16,2014,N20,nominal,2.0NRT,296.49,5.73,D
38.5351,-109.32721,342.96,0.4,0.37,2025-01-16,2018,N20,nominal,2.0NRT,277.8,13.74,D
36.21943,-121.18607,353.99,0.35,0.57,2025-01-16,2018,N20,nominal,2.0NRT,294.04,5.2,D
19.00983,-97.95551,341.64,0.55,0.51,2025-01-16,2014,N20,nominal,2.0NRT,298.09,33.92,D
38.93726,-112.81576,327.79,0.4,0.37,2025-01-16,2021,N20,nominal,2.0NRT,284.95,2.16,D
19.01191,-97.95878,342.47,0.55,0.51,2025-01-16,2014,N20,nominal,2.0NRT,297.99,28.48,D
37.17828,-121.71842,328.17,0.35,0.57,2025-01-16,2021,N20,nominal,2.0NRT,293.18,1.37,D
19.3365,-96.33578,327.74,0.35,0.57,2025-01-16,2014,N20,nominal,2.0NRT,288.05,1.52,D
38.21541,-120.5412,329.74,0.58,0.52,2025-01-16,2021,N20,nominal,2.0NRT,289.2,4.14,D
18.52555,-103.59431,333.27,0.41,0.37,2025-01-16,2014,N20,nominal,2.0NRT,299.65,2.58,D
38.30643,-122.07938,347.52,0.35,0.56,2025-01-16,2021,N20,nominal,2.0NRT,290.07,3.53,D
18.64717,-102.76977,329.62,0.44,0.38,2025-01-16,2014,N20,nominal,2.0NRT,293.06,2.92,D
39.8286,-116.21591,351.29,0.5,0.41,2025-01-16,2021,N20,nominal,2.0NRT,280.07,9.43,D
18.93522,-102.12746,336.81,0.47,0.39,2025-01-16,2014,N20,nominal,2.0NRT,298.78,3.07,D
39.83223,-116.21713,330.62,0.5,0.41,2025-01-16,2021,N20,nominal,2.0NRT,276.28,6.69,D
38.53368,-122.48238,328.67,0.36,0.57,2025-01-16,2021,N20,nominal,2.0NRT,287.39,1.96,D
18.84347,-103.88937,334.13,0.4,0.37,2025-01-16,2014,N20,nominal,2.0NRT,302.78,4.18,D
38.57026,-122.53677,333.53,0.36,0.57,2025-01-16,2021,N20,nominal,2.0NRT,290.15,2.12,D
18.99195,-103.72958,348.1,0.41,0.37,2025-01-16,2014,N20,nominal,2.0NRT,307.28,8.58,D
38.8335,-122.18951,343.97,0.34,0.56,2025-01-16,2021,N20,nominal,2.0NRT,289.57,4.2,D
19.04859,-103.45382,344.08,0.41,0.37,2025-01-16,2014,N20,nominal,2.0NRT,302.75,5.04,D
38.93103,-122.03509,334.41,0.33,0.55,2025-01-16,2021,N20,nominal,2.0NRT,287.33,1.8,D
19.00725,-104.25837,338.48,0.4,0.37,2025-01-16,2014,N20,nominal,2.0NRT,304.82,2.2,D
39.01517,-122.04264,331.51,0.33,0.55,2025-01-16,2021,N20,nominal,2.0NRT,287.32,1.41,D
19.21941,-103.82491,332.16,0.41,0.37,2025-01-16,2014,N20,low,2.0NRT,305.14,2.32,D
38.8631,-122.66006,350.52,0.36,0.57,2025-01-16,2021,N20,nominal,2.0NRT,289.67,4.43,D
19.27946,-103.65324,335.53,0.41,0.37,2025-01-16,2014,N20,low,2.0NRT,305.76,7.28,D
38.86438,-122.65882,336.69,0.36,0.57,2025-01-16,2021,N20,nominal,2.0NRT,287.7,2.99,D
19.25252,-104.45821,332.65,0.39,0.36,2025-01-16,2014,N20,nominal,2.0NRT,302.95,2.16,D
39.29318,-121.39613,328.23,0.6,0.53,2025-01-16,2021,N20,nominal,2.0NRT,288.29,2.55,D
19.60902,-102.51401,331.35,0.46,0.39,2025-01-16,2014,N20,nominal,2.0NRT,297.58,3.57,D
39.29167,-121.39644,326.85,0.6,0.53,2025-01-16,2021,N20,nominal,2.0NRT,287.95,4.26,D
19.9033,-100.4015,333.18,0.4,0.44,2025-01-16,2014,N20,nominal,2.0NRT,296.58,2.95,D
42.53814,-97.87189,329.96,0.47,0.64,2025-01-16,2021,N20,nominal,2.0NRT,274.66,5.54,D
19.87023,-101.66609,330.5,0.5,0.41,2025-01-16,2014,N20,low,2.0NRT,304.13,4.13,D
39.29769,-122.25117,331.21,0.33,0.55,2025-01-16,2021,N20,nominal,2.0NRT,288.55,2.63,D
39.54226,-121.35341,327.67,0.59,0.53,2025-01-16,2021,N20,nominal,2.0NRT,289.35,6.82,D
19.80034,-102.5909,337.75,0.45,0.39,2025-01-16,2014,N20,nominal,2.0NRT,305.13,3.71,D
39.54705,-121.35469,341.98,0.59,0.53,2025-01-16,2021,N20,nominal,2.0NRT,289.24,6.82,D
19.87294,-102.1618,333.34,0.48,0.4,2025-01-16,2014,N20,nominal,2.0NRT,298.3,3.15,D
42.38772,-105.35806,355.18,0.39,0.44,2025-01-16,2021,N20,nominal,2.0NRT,280.23,11.27,D
20.14467,-101.35569,343.92,0.53,0.42,2025-01-16,2014,N20,nominal,2.0NRT,296.64,25.73,D
42.39177,-105.35864,354.78,0.39,0.44,2025-01-16,2021,N20,nominal,2.0NRT,282.66,11.27,D
20.14157,-101.62068,334.33,0.51,0.41,2025-01-16,2014,N20,nominal,2.0NRT,301.94,3.82,D
42.39582,-105.35914,327.85,0.39,0.44,2025-01-16,2021,N20,nominal,2.0NRT,278.95,3.33,D
20.03413,-102.62318,342.08,0.45,0.39,2025-01-16,2014,N20,nominal,2.0NRT,307.75,5.85,D
40.02602,-123.24466,336.02,0.36,0.57,2025-01-16,2021,N20,nominal,2.0NRT,283.3,3.38,D
19.92701,-104.2935,331.76,0.4,0.37,2025-01-16,2014,N20,low,2.0NRT,306.72,1.56,D
40.02462,-123.24998,334.45,0.36,0.57,2025-01-16,2021,N20,nominal,2.0NRT,284.63,3.38,D
20.25621,-101.93402,332.6,0.49,0.4,2025-01-16,2014,N20,nominal,2.0NRT,303.25,3.21,D
40.03091,-123.24731,331.09,0.36,0.57,2025-01-16,2021,N20,nominal,2.0NRT,284.34,4.17,D
20.16635,-102.68039,330.65,0.45,0.39,2025-01-16,2014,N20,nominal,2.0NRT,305.58,2.19,D
40.07352,-123.86957,347.58,0.38,0.59,2025-01-16,2021,N20,nominal,2.0NRT,283.58,5.37,D
20.3546,-101.30787,333.07,0.53,0.42,2025-01-16,2014,N20,nominal,2.0NRT,300.99,4,D
42.6696,-114.77904,326.98,0.41,0.37,2025-01-16,2021,N20,nominal,2.0NRT,281.44,2.03,D
20.21771,-102.56847,331.68,0.46,0.39,2025-01-16,2014,N20,low,2.0NRT,303.77,1.49,D
44.23556,-103.53191,352.9,0.51,0.49,2025-01-16,2021,N20,nominal,2.0NRT,283.61,15.61,D
20.28477,-102.51964,330.28,0.46,0.39,2025-01-16,2014,N20,nominal,2.0NRT,299.6,3.16,D
44.07757,-107.16507,344.81,0.52,0.41,2025-01-16,2021,N20,nominal,2.0NRT,280.31,33.92,D
20.54649,-100.75763,331.96,0.38,0.43,2025-01-16,2014,N20,nominal,2.0NRT,298.38,3.65,D
44.07692,-107.16579,348.66,0.52,0.41,2025-01-16,2021,N20,nominal,2.0NRT,279.31,22,D
44.08072,-107.16631,342.14,0.52,0.41,2025-01-16,2021,N20,nominal,2.0NRT,272.46,22,D
20.57527,-101.1712,340.71,0.55,0.42,2025-01-16,2014,N20,nominal,2.0NRT,303.4,7.39,D
44.3541,-104.19827,329.09,0.47,0.48,2025-01-16,2021,N20,nominal,2.0NRT,278.69,14.37,D
20.57916,-101.17175,338.84,0.55,0.42,2025-01-16,2014,N20,nominal,2.0NRT,304.52,11.23,D
44.35896,-104.19276,336.72,0.47,0.48,2025-01-16,2021,N20,nominal,2.0NRT,276.15,17.91,D
44.3585,-104.19881,350.73,0.47,0.48,2025-01-16,2021,N20,nominal,2.0NRT,278.67,14.37,D
20.55952,-101.48586,344.64,0.52,0.42,2025-01-16,2014,N20,nominal,2.0NRT,304.88,4.84,D
44.36335,-104.19333,342.31,0.47,0.48,2025-01-16,2021,N20,nominal,2.0NRT,277.27,12.16,D
44.3629,-104.19935,334.66,0.47,0.48,2025-01-16,2021,N20,nominal,2.0NRT,277.61,7.58,D
20.41084,-103.0328,335.27,0.44,0.38,2025-01-16,2014,N20,nominal,2.0NRT,304.63,8.01,D
41.46001,-123.86433,330.79,0.35,0.57,2025-01-16,2021,N20,nominal,2.0NRT,283.83,5.5,D
20.6898,-101.08393,342.99,0.55,0.43,2025-01-16,2014,N20,nominal,2.0NRT,310.18,7.95,D
41.45862,-123.86945,355.53,0.35,0.57,2025-01-16,2021,N20,nominal,2.0NRT,289.66,5.5,D
20.69368,-101.08466,350.92,0.55,0.43,2025-01-16,2014,N20,nominal,2.0NRT,306.73,7.95,D
41.88089,-123.37992,340.28,0.32,0.55,2025-01-16,2021,N20,nominal,2.0NRT,283.05,3.92,D
41.87947,-123.38538,338.56,0.32,0.55,2025-01-16,2021,N20,nominal,2.0NRT,283.97,3.92,D
20.70276,-101.07553,337.96,0.55,0.43,2025-01-16,2014,N20,nominal,2.0NRT,303.65,7.45,D
42.63089,-120.60449,326.84,0.46,0.47,2025-01-16,2021,N20,nominal,2.0NRT,282.03,2.41,D
20.37259,-103.68356,343.58,0.42,0.37,2025-01-16,2014,N20,nominal,2.0NRT,307.72,12.27,D
42.1259,-123.16441,337.02,0.62,0.54,2025-01-16,2021,N20,nominal,2.0NRT,282.12,7.53,D
20.43306,-103.67661,335.78,0.42,0.38,2025-01-16,2014,N20,nominal,2.0NRT,307.51,2.79,D
42.36165,-122.60448,341.43,0.58,0.52,2025-01-16,2021,N20,nominal,2.0NRT,282.52,9.46,D
20.54191,-102.9997,335.79,0.44,0.39,2025-01-16,2014,N20,low,2.0NRT,308.02,3.49,D
42.3621,-122.60548,343.97,0.58,0.52,2025-01-16,2021,N20,nominal,2.0NRT,282.39,8.35,D
42.59093,-123.54861,325.33,0.63,0.54,2025-01-16,2021,N20,nominal,2.0NRT,282.1,9.49,D
20.54531,-103.2138,346.46,0.44,0.38,2025-01-16,2014,N20,nominal,2.0NRT,309.07,29.6,D
42.59545,-123.55169,336.73,0.63,0.54,2025-01-16,2021,N20,nominal,2.0NRT,281,5.84,D
20.54881,-103.21428,342.14,0.44,0.38,2025-01-16,2014,N20,nominal,2.0NRT,309.68,29.6,D
43.06319,-122.95367,343.71,0.57,0.52,2025-01-16,2021,N20,nominal,2.0NRT,282.71,11.89,D
20.55232,-103.21474,330.89,0.44,0.38,2025-01-16,2014,N20,nominal,2.0NRT,305.1,1.28,D
43.06168,-122.95967,335.6,0.58,0.52,2025-01-16,2021,N20,nominal,2.0NRT,283.9,11.89,D
20.83545,-101.3183,335.21,0.54,0.42,2025-01-16,2014,N20,nominal,2.0NRT,304.19,4.03,D
43.06394,-122.95536,348.31,0.57,0.52,2025-01-16,2021,N20,nominal,2.0NRT,284.72,16.41,D
20.8641,-101.38697,333.16,0.54,0.42,2025-01-16,2014,N20,nominal,2.0NRT,303.83,12.49,D
43.06238,-122.96143,336.21,0.57,0.52,2025-01-16,2021,N20,nominal,2.0NRT,283.23,9.38,D
20.95514,-100.77016,339.5,0.39,0.44,2025-01-16,2014,N20,nominal,2.0NRT,304.88,104.69,D
45.77471,-109.80676,332.13,0.43,0.38,2025-01-16,2021,N20,nominal,2.0NRT,278.65,3.77,D
20.95958,-100.76704,349.29,0.39,0.44,2025-01-16,2014,N20,nominal,2.0NRT,298.53,16.37,D
44.20801,-120.53952,338.04,0.42,0.45,2025-01-16,2021,N20,nominal,2.0NRT,279.53,9.32,D
20.82164,-101.90997,335.14,0.5,0.41,2025-01-16,2014,N20,low,2.0NRT,307.14,7.65,D
45.82374,-112.52846,283.11,0.39,0.36,2025-01-16,2021,N20,low,2.0NRT,283.93,94.48,D
20.83901,-101.86353,335.79,0.5,0.41,2025-01-16,2014,N20,nominal,2.0NRT,304.83,5.92,D
45.82773,-112.52447,335.85,0.39,0.36,2025-01-16,2021,N20,nominal,2.0NRT,290.04,45.74,D
20.61266,-103.69137,338.28,0.42,0.38,2025-01-16,2014,N20,nominal,2.0NRT,310.01,4.37,D
44.51419,-120.27284,326.91,0.4,0.44,2025-01-16,2021,N20,nominal,2.0NRT,283.75,2.34,D
21.08739,-100.45782,353.72,0.41,0.45,2025-01-16,2014,N20,nominal,2.0NRT,310.27,9,D
45.26149,-117.08495,336.94,0.44,0.38,2025-01-16,2021,N20,nominal,2.0NRT,276.21,9.38,D
20.78667,-103.49734,344.29,0.43,0.38,2025-01-16,2014,N20,nominal,2.0NRT,308.4,6.38,D
44.56777,-121.3553,347.11,0.44,0.46,2025-01-16,2023,N20,nominal,2.0NRT,283.53,6.66,D
21.04117,-101.82011,334.7,0.51,0.41,2025-01-16,2014,N20,nominal,2.0NRT,304.46,4.33,D
46.78017,-109.06773,332.81,0.47,0.4,2025-01-16,2023,N20,nominal,2.0NRT,278.89,3.93,D
20.91826,-103.95417,333.4,0.41,0.37,2025-01-16,2014,N20,nominal,2.0NRT,304.09,11.46,D
45.53051,-117.9401,325.79,0.46,0.39,2025-01-16,2023,N20,nominal,2.0NRT,278.22,11.99,D
20.91772,-103.95801,354.54,0.41,0.37,2025-01-16,2014,N20,nominal,2.0NRT,315.19,11.46,D
45.52831,-117.94036,339.53,0.46,0.39,2025-01-16,2023,N20,nominal,2.0NRT,276.85,13.02,D
21.16913,-102.44915,333.43,0.48,0.4,2025-01-16,2014,N20,nominal,2.0NRT,305.85,3.83,D
46.56599,-112.14776,354.84,0.39,0.36,2025-01-16,2023,N20,nominal,2.0NRT,281.85,9.59,D
21.26756,-101.70371,333.64,0.52,0.42,2025-01-16,2014,N20,low,2.0NRT,306.2,2.97,D
46.57,-112.14365,335.84,0.39,0.36,2025-01-16,2023,N20,nominal,2.0NRT,280.29,19.86,D
20.94875,-105.3389,339.63,0.39,0.36,2025-01-16,2014,N20,nominal,2.0NRT,293.25,3.51,D
46.5693,-112.14868,333.99,0.39,0.36,2025-01-16,2023,N20,nominal,2.0NRT,291.97,19.86,D
21.39623,-103.13437,333.65,0.45,0.39,2025-01-16,2014,N20,nominal,2.0NRT,308.4,2.44,D
46.65575,-113.43664,326.27,0.38,0.36,2025-01-16,2023,N20,nominal,2.0NRT,277.76,81.06,D
21.39976,-103.13493,333.39,0.45,0.39,2025-01-16,2014,N20,nominal,2.0NRT,305.08,2.77,D
46.66626,-113.4348,330.21,0.38,0.36,2025-01-16,2023,N20,nominal,2.0NRT,271.86,14.22,D
21.50421,-102.41975,336.32,0.48,0.4,2025-01-16,2014,N20,nominal,2.0NRT,310.64,12.94,D
46.67026,-113.43085,326.65,0.38,0.36,2025-01-16,2023,N20,nominal,2.0NRT,270.49,2.58,D
21.49549,-102.54475,338.57,0.47,0.4,2025-01-16,2014,N20,nominal,2.0NRT,308.37,5.27,D
46.98336,-113.18542,342.2,0.39,0.36,2025-01-16,2023,N20,nominal,2.0NRT,270.32,4.7,D
21.68789,-102.06495,335.33,0.5,0.41,2025-01-16,2014,N20,nominal,2.0NRT,304.72,4.71,D
49.87145,-120.65745,328.72,0.48,0.4,2025-01-16,2023,N20,nominal,2.0NRT,272.72,30.11,D
21.36906,-104.87572,338.61,0.39,0.37,2025-01-16,2014,N20,nominal,2.0NRT,300.34,5.71,D
49.87372,-120.66536,342.79,0.48,0.4,2025-01-16,2023,N20,nominal,2.0NRT,270.9,11.65,D
21.3724,-104.87627,331.08,0.39,0.37,2025-01-16,2014,N20,nominal,2.0NRT,303.34,5.71,D
49.86983,-120.68442,327.45,0.48,0.4,2025-01-16,2023,N20,nominal,2.0NRT,269.18,9.27,D
21.67774,-102.88764,332.43,0.46,0.39,2025-01-16,2014,N20,nominal,2.0NRT,304.43,2.47,D
49.8672,-120.69726,332.47,0.48,0.4,2025-01-16,2023,N20,nominal,2.0NRT,268.96,25.15,D
21.46742,-104.89942,333.18,0.39,0.37,2025-01-16,2014,N20,nominal,2.0NRT,300.1,4.07,D
49.87336,-120.68613,340.88,0.48,0.4,2025-01-16,2023,N20,nominal,2.0NRT,273.26,9.27,D
22.12246,-99.93202,340.89,0.45,0.47,2025-01-16,2014,N20,nominal,2.0NRT,297.45,7.35,D
49.87072,-120.69907,340.14,0.48,0.4,2025-01-16,2023,N20,nominal,2.0NRT,275.74,25.15,D
22.12723,-99.92822,341.11,0.45,0.47,2025-01-16,2014,N20,nominal,2.0NRT,295.5,6.23,D
21.9384,-104.13368,341.1,0.41,0.37,2025-01-16,2014,N20,nominal,2.0NRT,302.95,3.44,D
21.82482,-105.21999,333.49,0.39,0.36,2025-01-16,2014,N20,nominal,2.0NRT,298,47.1,D
22.12029,-105.63429,330.42,0.39,0.36,2025-01-16,2014,N20,nominal,2.0NRT,299.13,4.37,D
22.9958,-98.8628,328.47,0.54,0.51,2025-01-16,2014,N20,nominal,2.0NRT,293.97,2.67,D
22.47581,-103.52522,334.68,0.44,0.38,2025-01-16,2014,N20,low,2.0NRT,305.96,4.12,D
22.48046,-103.5173,343.33,0.44,0.38,2025-01-16,2014,N20,nominal,2.0NRT,303.59,5.39,D
22.47989,-103.52154,334.53,0.44,0.38,2025-01-16,2014,N20,low,2.0NRT,305.01,5.39,D
22.48397,-103.51785,335.63,0.44,0.38,2025-01-16,2014,N20,nominal,2.0NRT,304.21,5.39,D
22.43156,-105.24487,336.35,0.39,0.36,2025-01-16,2014,N20,nominal,2.0NRT,302.04,3.77,D
22.45671,-105.37644,332.29,0.39,0.36,2025-01-16,2014,N20,low,2.0NRT,304.99,1.3,D
23.22009,-106.25342,334.32,0.38,0.36,2025-01-16,2014,N20,nominal,2.0NRT,302.02,2.17,D
23.78585,-103.73057,341.42,0.44,0.39,2025-01-16,2014,N20,nominal,2.0NRT,306.12,5.74,D
23.78637,-103.72929,342.48,0.44,0.39,2025-01-16,2014,N20,nominal,2.0NRT,305.58,4.8,D
24.04327,-106.91905,335.22,0.38,0.36,2025-01-16,2014,N20,nominal,2.0NRT,302.98,1.72,D
24.9399,-100.4854,345.09,0.45,0.47,2025-01-16,2014,N20,nominal,2.0NRT,304.82,14.32,D
24.9394,-100.48985,352.53,0.45,0.47,2025-01-16,2014,N20,nominal,2.0NRT,304.37,8.36,D
24.93889,-100.49431,336.25,0.45,0.47,2025-01-16,2014,N20,nominal,2.0NRT,304.82,8.36,D
24.93832,-100.48421,339.98,0.45,0.47,2025-01-16,2014,N20,nominal,2.0NRT,300.58,8.85,D
24.93784,-100.48868,346.82,0.45,0.47,2025-01-16,2014,N20,nominal,2.0NRT,307.58,57.34,D
24.94213,-100.48923,341.98,0.45,0.47,2025-01-16,2014,N20,nominal,2.0NRT,300.44,57.34,D
24.94118,-100.49816,346.73,0.45,0.47,2025-01-16,2014,N20,nominal,2.0NRT,309.4,44.86,D
24.94547,-100.4987,367,0.45,0.47,2025-01-16,2014,N20,low,2.0NRT,353.02,178.31,D
24.945,-100.50316,299.02,0.45,0.47,2025-01-16,2014,N20,low,2.0NRT,310.77,178.31,D
25.59955,-98.12787,342.95,0.32,0.55,2025-01-16,2014,N20,nominal,2.0NRT,296.06,2.32,D
25.59885,-98.12788,343.09,0.32,0.55,2025-01-16,2014,N20,nominal,2.0NRT,295.76,2.34,D
25.71095,-97.85369,328.68,0.34,0.56,2025-01-16,2014,N20,nominal,2.0NRT,295.5,1.2,D
25.94696,-98.93398,335.88,0.58,0.52,2025-01-16,2014,N20,nominal,2.0NRT,285.21,4.8,D
25.94668,-98.93182,352.03,0.58,0.52,2025-01-16,2014,N20,nominal,2.0NRT,290.54,11.63,D
27.03136,-101.61951,335.25,0.41,0.45,2025-01-16,2016,N20,nominal,2.0NRT,293.12,2.56,D
28.05792,-97.43621,327.28,0.38,0.59,2025-01-16,2016,N20,nominal,2.0NRT,292.49,2.05,D
27.88486,-107.42304,327.73,0.38,0.36,2025-01-16,2016,N20,nominal,2.0NRT,271.05,3.46,D
29.39894,-97.94366,339.55,0.36,0.58,2025-01-16,2016,N20,nominal,2.0NRT,284.97,4.49,D
29.72429,-98.52422,355.99,0.34,0.56,2025-01-16,2016,N20,nominal,2.0NRT,288.46,7.11,D
29.72372,-98.53145,354.08,0.34,0.56,2025-01-16,2016,N20,nominal,2.0NRT,295.76,24.56,D
29.72344,-98.53503,353.45,0.34,0.56,2025-01-16,2016,N20,nominal,2.0NRT,289.73,24.39,D
29.724,-98.52785,356.33,0.34,0.56,2025-01-16,2016,N20,low,2.0NRT,287.94,24.56,D
29.72916,-98.52837,367,0.34,0.56,2025-01-16,2016,N20,high,2.0NRT,293.8,13.87,D
29.72944,-98.5248,327.09,0.34,0.56,2025-01-16,2016,N20,nominal,2.0NRT,286.79,6.27,D
29.72887,-98.53197,356.26,0.34,0.56,2025-01-16,2016,N20,nominal,2.0NRT,292.41,13.87,D
29.73403,-98.53239,367,0.34,0.56,2025-01-16,2016,N20,high,2.0NRT,293.08,13.87,D
29.73375,-98.53599,351.86,0.34,0.56,2025-01-16,2016,N20,nominal,2.0NRT,290.49,16.17,D
29.87323,-96.67197,353.97,0.44,0.62,2025-01-16,2016,N20,nominal,2.0NRT,291.81,7.93,D
29.87293,-96.67662,352.62,0.44,0.62,2025-01-16,2016,N20,nominal,2.0NRT,292.07,7.93,D
30.19408,-93.31404,337.37,0.7,0.75,2025-01-16,2016,N20,nominal,2.0NRT,288.94,3.9,D
30.29784,-95.67403,327.12,0.51,0.66,2025-01-16,2016,N20,nominal,2.0NRT,285.36,6.09,D
30.30397,-95.67448,349.21,0.51,0.66,2025-01-16,2016,N20,nominal,2.0NRT,285.03,6.09,D
30.15602,-98.00765,328.84,0.37,0.58,2025-01-16,2016,N20,nominal,2.0NRT,291.52,1.29,D
30.30416,-95.67587,328.64,0.51,0.66,2025-01-16,2016,N20,nominal,2.0NRT,283.82,3.56,D
30.27591,-107.34728,339.53,0.39,0.36,2025-01-16,2016,N20,nominal,2.0NRT,302.98,4.23,D
30.27533,-107.35131,346.56,0.39,0.36,2025-01-16,2016,N20,nominal,2.0NRT,304,4.23,D
30.27864,-107.35194,345.17,0.39,0.36,2025-01-16,2016,N20,nominal,2.0NRT,302.6,5.92,D
30.28253,-107.34855,340.65,0.39,0.36,2025-01-16,2016,N20,nominal,2.0NRT,303.56,5.92,D
30.28584,-107.34917,342.39,0.39,0.36,2025-01-16,2016,N20,nominal,2.0NRT,304.7,7.09,D
30.33905,-107.07219,333.69,0.4,0.37,2025-01-16,2016,N20,nominal,2.0NRT,302.88,4.08,D
30.53731,-105.7537,336.04,0.43,0.38,2025-01-16,2016,N20,nominal,2.0NRT,297.45,4.12,D
30.71288,-107.93697,336.84,0.39,0.36,2025-01-16,2016,N20,nominal,2.0NRT,304.18,2.24,D
30.71617,-107.93761,331.33,0.39,0.36,2025-01-16,2016,N20,nominal,2.0NRT,300.77,1.75,D
30.8552,-107.23386,352.39,0.39,0.37,2025-01-16,2016,N20,nominal,2.0NRT,304.75,12.68,D
30.49632,-109.62903,339.69,0.39,0.36,2025-01-16,2016,N20,nominal,2.0NRT,306.73,26.7,D
30.91965,-108.64558,332.48,0.38,0.36,2025-01-16,2016,N20,nominal,2.0NRT,301.57,2.32,D
30.91904,-108.64955,334.12,0.38,0.36,2025-01-16,2016,N20,nominal,2.0NRT,302.05,2.32,D
32.34234,-94.79382,329.51,0.6,0.7,2025-01-16,2016,N20,nominal,2.0NRT,289.39,4.3,D
31.2404,-108.02247,342.94,0.39,0.36,2025-01-16,2016,N20,nominal,2.0NRT,301.58,3.85,D
31.23981,-108.02648,347.97,0.39,0.36,2025-01-16,2016,N20,nominal,2.0NRT,301.06,5.4,D
30.76321,-112.45154,335.23,0.47,0.4,2025-01-16,2016,N20,nominal,2.0NRT,304.39,3.47,D
32.06638,-109.93434,337.5,0.39,0.36,2025-01-16,2016,N20,nominal,2.0NRT,301.13,2.99,D
32.06902,-109.93914,343.33,0.39,0.36,2025-01-16,2016,N20,nominal,2.0NRT,301.61,8.04,D
31.12062,-115.93948,339.86,0.47,0.48,2025-01-16,2016,N20,nominal,2.0NRT,300.82,8.28,D
34.03381,-95.31862,325.02,0.57,0.69,2025-01-16,2018,N20,nominal,2.0NRT,280.56,6.83,D
34.04,-95.32534,347.86,0.57,0.69,2025-01-16,2018,N20,nominal,2.0NRT,281.41,6.57,D
33.86748,-98.78627,367,0.36,0.57,2025-01-16,2018,N20,high,2.0NRT,293.37,9.89,D
34.1222,-100.358,331.18,0.59,0.53,2025-01-16,2018,N20,nominal,2.0NRT,296.36,4.2,D
34.46027,-97.52747,337.84,0.43,0.62,2025-01-16,2018,N20,nominal,2.0NRT,288.38,4.17,D
34.46001,-97.5323,328.27,0.43,0.62,2025-01-16,2018,N20,nominal,2.0NRT,290.41,3.9,D
34.63846,-98.54424,367,0.38,0.59,2025-01-16,2018,N20,high,2.0NRT,292.97,6.4,D
34.6382,-98.54842,354.91,0.38,0.59,2025-01-16,2018,N20,nominal,2.0NRT,293.62,6.4,D
34.63793,-98.55257,325.31,0.38,0.59,2025-01-16,2018,N20,nominal,2.0NRT,291.45,3.74,D
32.73557,-114.33926,344.27,0.54,0.42,2025-01-16,2018,N20,nominal,2.0NRT,299,7.89,D
33.09891,-115.41178,339.59,0.4,0.44,2025-01-16,2018,N20,nominal,2.0NRT,298.97,11.23,D
33.09804,-115.41596,334.93,0.4,0.44,2025-01-16,2018,N20,nominal,2.0NRT,301.31,11.23,D
33.10376,-115.40874,348.55,0.4,0.44,2025-01-16,2018,N20,nominal,2.0NRT,293.48,5.93,D
33.10289,-115.41293,353.64,0.4,0.44,2025-01-16,2018,N20,nominal,2.0NRT,301.18,11.23,D
35.45714,-96.82908,367,0.48,0.65,2025-01-16,2018,N20,high,2.0NRT,291.6,11.19,D
33.28847,-115.51949,338.96,0.4,0.44,2025-01-16,2018,N20,nominal,2.0NRT,294.07,1.89,D
33.28891,-115.51866,333.77,0.4,0.44,2025-01-16,2018,N20,nominal,2.0NRT,294.85,1.84,D
35.82908,-96.49104,354.67,0.51,0.66,2025-01-16,2018,N20,nominal,2.0NRT,288.19,12.51,D
35.82882,-96.49683,348.89,0.51,0.66,2025-01-16,2018,N20,nominal,2.0NRT,291.92,11.98,D
35.82906,-96.4939,367,0.51,0.66,2025-01-16,2018,N20,high,2.0NRT,291.68,16.74,D
38.52685,-122.48322,334.48,0.49,0.65,2025-01-16,2159,N20,nominal,2.0NRT,291.41,8.34,D
39.06207,-121.71588,341.2,0.54,0.68,2025-01-16,2159,N20,nominal,2.0NRT,286.37,7.98,D
40.02484,-123.24904,342.97,0.46,0.63,2025-01-16,2159,N20,nominal,2.0NRT,284.44,4.66,D
40.07447,-123.86743,351.44,0.42,0.61,2025-01-16,2159,N20,nominal,2.0NRT,285.91,5.54,D
40.07664,-123.86563,327.7,0.42,0.61,2025-01-16,2159,N20,nominal,2.0NRT,283.04,2.94,D
41.86811,-119.02135,355.9,0.78,0.78,2025-01-16,2201,N20,nominal,2.0NRT,279.93,34.83,D
41.86816,-119.0312,344.45,0.78,0.78,2025-01-16,2201,N20,nominal,2.0NRT,287.69,34.83,D
41.87538,-119.03116,355.08,0.78,0.78,2025-01-16,2201,N20,nominal,2.0NRT,289.92,76.03,D
41.87543,-119.04077,342.73,0.78,0.78,2025-01-16,2201,N20,nominal,2.0NRT,283.07,33.4,D
41.88015,-123.37997,337.98,0.46,0.64,2025-01-16,2201,N20,nominal,2.0NRT,284.38,5.45,D
41.88001,-123.38403,343.67,0.46,0.64,2025-01-16,2201,N20,nominal,2.0NRT,285.62,5.45,D
41.87828,-123.3823,343.95,0.46,0.64,2025-01-16,2201,N20,nominal,2.0NRT,286.07,7.22,D
41.88416,-123.38335,327.21,0.46,0.64,2025-01-16,2201,N20,nominal,2.0NRT,284.43,2.66,D
42.35885,-122.60646,331.16,0.51,0.66,2025-01-16,2201,N20,nominal,2.0NRT,283.83,5.99,D
42.58832,-123.54964,340.28,0.46,0.63,2025-01-16,2201,N20,nominal,2.0NRT,284.38,8.19,D
42.58852,-123.54362,356.65,0.46,0.63,2025-01-16,2201,N20,low,2.0NRT,286.52,8.19,D
42.59435,-123.54527,355.56,0.46,0.63,2025-01-16,2201,N20,nominal,2.0NRT,285.55,8.19,D
42.58676,-123.54626,356.16,0.46,0.63,2025-01-16,2201,N20,nominal,2.0NRT,285.12,6.97,D
42.59277,-123.54211,325.25,0.46,0.63,2025-01-16,2201,N20,nominal,2.0NRT,284.02,6.97,D
42.59262,-123.54752,356.14,0.46,0.63,2025-01-16,2201,N20,low,2.0NRT,286.86,6.97,D
42.5985,-123.5479,328.42,0.46,0.63,2025-01-16,2201,N20,nominal,2.0NRT,285.08,3.15,D
43.06143,-122.95037,341.43,0.5,0.65,2025-01-16,2201,N20,nominal,2.0NRT,281.58,10.07,D
43.06123,-122.95861,355.52,0.5,0.65,2025-01-16,2201,N20,nominal,2.0NRT,283.15,11.28,D
19.39344,-155.26868,334.1,0.39,0.36,2025-01-16,2335,N20,nominal,2.0NRT,289.98,4.11,D
19.39622,-155.27292,336.92,0.39,0.36,2025-01-16,2335,N20,nominal,2.0NRT,294.9,12.49,D
19.39568,-155.27663,335.95,0.39,0.36,2025-01-16,2335,N20,nominal,2.0NRT,291.07,4.41,D
19.399,-155.27715,336.97,0.39,0.36,2025-01-16,2335,N20,nominal,2.0NRT,296.17,4.41,D
19.39846,-155.28087,356.63,0.39,0.36,2025-01-16,2335,N20,low,2.0NRT,284.81,4.41,D
19.40288,-155.27397,341.52,0.39,0.36,2025-01-16,2335,N20,nominal,2.0NRT,297.96,9.63,D
19.40233,-155.27768,354.71,0.39,0.36,2025-01-16,2335,N20,nominal,2.0NRT,291.32,22.64,D
19.40179,-155.28137,351.33,0.39,0.36,2025-01-16,2335,N20,nominal,2.0NRT,290.63,22.64,D
19.40124,-155.2851,290.55,0.39,0.36,2025-01-16,2335,N20,low,2.0NRT,315.08,158.79,D
19.4062,-155.27451,356.67,0.39,0.36,2025-01-16,2335,N20,nominal,2.0NRT,298.09,9.63,D
19.40566,-155.2782,352.29,0.39,0.36,2025-01-16,2335,N20,nominal,2.0NRT,304.95,22.64,D
22.12937,-159.30539,342.55,0.42,0.38,2025-01-16,2337,N20,nominal,2.0NRT,299.38,5.11,D
26.45482,-77.07836,297.3,0.43,0.38,2025-01-17,0658,N20,nominal,2.0NRT,281.79,0.42,N
26.55866,-78.62717,306.11,0.39,0.36,2025-01-17,0658,N20,nominal,2.0NRT,284.62,0.66,N
26.55801,-78.62326,299.57,0.39,0.36,2025-01-17,0658,N20,nominal,2.0NRT,285.09,0.66,N
40.65343,-74.11176,301.34,0.39,0.37,2025-01-17,0656,N20,nominal,2.0NRT,264.77,0.57,N
26.28293,-80.15536,305.93,0.38,0.36,2025-01-17,0658,N20,nominal,2.0NRT,285.92,0.41,N
40.6377,-74.22247,304.02,0.39,0.36,2025-01-17,0656,N20,nominal,2.0NRT,275.29,1.79,N
26.27964,-80.15599,298.48,0.38,0.36,2025-01-17,0658,N20,nominal,2.0NRT,284.86,0.41,N
40.63692,-74.21789,303.54,0.39,0.36,2025-01-17,0656,N20,nominal,2.0NRT,270.43,1.4,N
21.95373,-77.97411,311.5,0.45,0.39,2025-01-17,0701,N20,nominal,2.0NRT,288.98,0.65,N
40.62796,-74.20605,298.86,0.39,0.36,2025-01-17,0656,N20,nominal,2.0NRT,270.2,0.68,N
21.94945,-77.97056,298.93,0.45,0.39,2025-01-17,0701,N20,nominal,2.0NRT,288.11,0.65,N
21.28374,-78.24332,316.8,0.44,0.39,2025-01-17,0701,N20,nominal,2.0NRT,288.63,1.57,N
40.59165,-74.20929,311.54,0.39,0.36,2025-01-17,0656,N20,nominal,2.0NRT,269.58,0.92,N
17.96629,-76.73122,304.59,0.39,0.44,2025-01-17,0701,N20,nominal,2.0NRT,294.08,1.4,N
41.72986,-92.4452,298.32,0.67,0.74,2025-01-17,0656,N20,nominal,2.0NRT,266.86,0.98,N
17.96462,-76.73121,306.35,0.39,0.44,2025-01-17,0701,N20,nominal,2.0NRT,294.26,1.55,N
39.97843,-86.83892,336.21,0.33,0.55,2025-01-17,0656,N20,nominal,2.0NRT,267.73,2.9,N
39.74557,-86.49857,296.49,0.63,0.54,2025-01-17,0656,N20,nominal,2.0NRT,264.62,0.47,N
18.22323,-78.29492,311.02,0.48,0.4,2025-01-17,0701,N20,nominal,2.0NRT,292.8,0.82,N
19.60523,-92.29865,367,0.44,0.62,2025-01-17,0701,N20,high,2.0NRT,281.53,6.05,N
38.32089,-76.57404,304.14,0.38,0.36,2025-01-17,0656,N20,nominal,2.0NRT,270.2,0.63,N
38.54486,-78.44821,311.32,0.4,0.37,2025-01-17,0656,N20,nominal,2.0NRT,268.31,1.65,N
19.60564,-92.30285,299.5,0.44,0.62,2025-01-17,0701,N20,nominal,2.0NRT,280.76,6.05,N
19.60481,-92.29444,317.72,0.44,0.62,2025-01-17,0701,N20,nominal,2.0NRT,281.26,4.5,N
38.5444,-78.45093,309.54,0.4,0.37,2025-01-17,0656,N20,nominal,2.0NRT,268.3,1.5,N
38.83654,-90.06745,295.51,0.49,0.65,2025-01-17,0656,N20,nominal,2.0NRT,273.79,2.43,N
19.60439,-92.29024,305.44,0.44,0.62,2025-01-17,0701,N20,nominal,2.0NRT,281.14,4.5,N
37.66478,-77.83814,301.69,0.39,0.36,2025-01-17,0656,N20,nominal,2.0NRT,270.61,0.7,N
19.44972,-92.09051,367,0.42,0.61,2025-01-17,0701,N20,high,2.0NRT,288.18,4.19,N
38.69836,-90.13736,299.2,0.49,0.65,2025-01-17,0656,N20,nominal,2.0NRT,273.53,1.43,N
19.45012,-92.09456,311.21,0.42,0.61,2025-01-17,0701,N20,nominal,2.0NRT,285.34,4.19,N
37.43317,-77.74335,305.58,0.39,0.36,2025-01-17,0656,N20,nominal,2.0NRT,270.84,2.06,N
19.42588,-92.08099,311.66,0.42,0.61,2025-01-17,0701,N20,nominal,2.0NRT,285.03,1.66,N
37.18147,-77.44904,319.07,0.39,0.36,2025-01-17,0658,N20,nominal,2.0NRT,274.54,1.72,N
19.39975,-92.04732,346.2,0.42,0.61,2025-01-17,0701,N20,nominal,2.0NRT,286.19,5.69,N
37.13628,-78.03626,297.24,0.39,0.36,2025-01-17,0658,N20,nominal,2.0NRT,273.15,0.6,N
19.39936,-92.0433,314.68,0.42,0.61,2025-01-17,0701,N20,nominal,2.0NRT,286.63,4.38,N
37.27388,-80.00029,314.19,0.44,0.38,2025-01-17,0658,N20,nominal,2.0NRT,271.4,1.74,N
19.39411,-92.04799,343.35,0.42,0.61,2025-01-17,0701,N20,nominal,2.0NRT,286.49,6.46,N
38.0074,-90.0841,296.22,0.48,0.65,2025-01-17,0658,N20,nominal,2.0NRT,270.91,1.1,N
19.40215,-92.04548,331.73,0.42,0.61,2025-01-17,0701,N20,nominal,2.0NRT,286.3,4.46,N
19.39651,-92.04613,356.06,0.42,0.61,2025-01-17,0701,N20,nominal,2.0NRT,287.27,4.46,N
37.9712,-90.08088,307.54,0.48,0.65,2025-01-17,0658,N20,nominal,2.0NRT,271.64,1.49,N
37.97453,-90.06995,296.39,0.48,0.65,2025-01-17,0658,N20,nominal,2.0NRT,271.08,1.72,N
19.39692,-92.05015,309.51,0.42,0.61,2025-01-17,0701,N20,nominal,2.0NRT,284.95,4.46,N
37.969,-90.08114,307.5,0.48,0.65,2025-01-17,0658,N20,nominal,2.0NRT,271.77,1.56,N
19.3961,-92.04211,303.43,0.42,0.61,2025-01-17,0701,N20,nominal,2.0NRT,286.31,4.84,N
36.35618,-76.80848,332.52,0.38,0.36,2025-01-17,0658,N20,nominal,2.0NRT,275.95,3.09,N
18.648,-92.17617,306.61,0.42,0.61,2025-01-17,0701,N20,nominal,2.0NRT,288.97,2.19,N
36.35358,-76.81352,299.04,0.38,0.36,2025-01-17,0658,N20,nominal,2.0NRT,272.97,0.6,N
18.64462,-92.17612,305.94,0.42,0.61,2025-01-17,0701,N20,nominal,2.0NRT,288.83,1.27,N
36.53451,-80.64098,297.4,0.45,0.39,2025-01-17,0658,N20,nominal,2.0NRT,268.49,0.78,N
18.64421,-92.17214,307.41,0.42,0.61,2025-01-17,0701,N20,nominal,2.0NRT,289.38,1.27,N
35.89455,-77.3624,305.27,0.38,0.36,2025-01-17,0658,N20,nominal,2.0NRT,272.74,0.66,N
18.63854,-92.51285,325.09,0.44,0.62,2025-01-17,0701,N20,nominal,2.0NRT,276.35,2.71,N
35.98001,-83.95839,322.01,0.42,0.45,2025-01-17,0658,N20,nominal,2.0NRT,271.92,2.19,N
18.62701,-92.51419,299.13,0.44,0.62,2025-01-17,0701,N20,nominal,2.0NRT,278.3,1.58,N
35.50325,-80.33109,298.36,0.43,0.38,2025-01-17,0658,N20,nominal,2.0NRT,272.86,0.97,N
18.6266,-92.50999,301.64,0.44,0.62,2025-01-17,0701,N20,nominal,2.0NRT,278.9,1.43,N
17.90065,-92.49087,301.95,0.43,0.62,2025-01-17,0701,N20,nominal,2.0NRT,288.47,0.6,N
35.69417,-82.51493,309.43,0.53,0.42,2025-01-17,0658,N20,nominal,2.0NRT,272.03,1.37,N
35.34458,-80.83014,302.34,0.45,0.39,2025-01-17,0658,N20,nominal,2.0NRT,272.98,0.79,N
17.89536,-92.49562,302.51,0.43,0.62,2025-01-17,0701,N20,nominal,2.0NRT,288.4,2.24,N
34.87904,-78.88402,298.62,0.39,0.36,2025-01-17,0658,N20,nominal,2.0NRT,270.64,0.85,N
17.89494,-92.49154,312.74,0.43,0.62,2025-01-17,0701,N20,nominal,2.0NRT,288.83,3.02,N
35.94922,-89.71376,297.77,0.44,0.62,2025-01-17,0658,N20,nominal,2.0NRT,274.02,1,N
17.88353,-92.49281,315.04,0.43,0.62,2025-01-17,0701,N20,nominal,2.0NRT,288.74,1.55,N
35.9379,-89.71976,296.41,0.44,0.62,2025-01-17,0658,N20,nominal,2.0NRT,271.38,1.72,N
17.87782,-92.49349,311.08,0.43,0.62,2025-01-17,0701,N20,nominal,2.0NRT,288.55,1.55,N
35.93764,-89.71478,304.08,0.44,0.62,2025-01-17,0658,N20,nominal,2.0NRT,273.92,1.81,N
35.73207,-88.812,300.74,0.39,0.59,2025-01-17,0658,N20,nominal,2.0NRT,272.02,1.17,N
35.79893,-91.75035,303.17,0.57,0.69,2025-01-17,0658,N20,nominal,2.0NRT,272.02,1.19,N
35.67036,-89.968,297,0.45,0.63,2025-01-17,0658,N20,nominal,2.0NRT,273.26,0.66,N
35.65224,-89.93705,332.97,0.45,0.63,2025-01-17,0658,N20,nominal,2.0NRT,274.77,2.76,N
35.6464,-89.93758,299.41,0.45,0.63,2025-01-17,0658,N20,nominal,2.0NRT,275.15,2.76,N
34.15393,-79.55994,295.31,0.4,0.37,2025-01-17,0658,N20,nominal,2.0NRT,276.09,0.98,N
34.80705,-88.32544,317.43,0.36,0.57,2025-01-17,0658,N20,nominal,2.0NRT,274.62,1.56,N
34.64211,-87.0943,302.42,0.61,0.53,2025-01-17,0658,N20,nominal,2.0NRT,273.29,1.33,N
34.64161,-87.08761,315.22,0.61,0.53,2025-01-17,0658,N20,nominal,2.0NRT,274.78,2.68,N
34.64061,-87.09406,301.38,0.61,0.53,2025-01-17,0658,N20,nominal,2.0NRT,273.33,1.77,N
34.64007,-87.08738,314.83,0.61,0.53,2025-01-17,0658,N20,nominal,2.0NRT,276.42,1.77,N
34.30558,-84.41985,301.45,0.43,0.46,2025-01-17,0658,N20,nominal,2.0NRT,273.31,1.36,N
34.30515,-84.41533,304.31,0.43,0.46,2025-01-17,0658,N20,nominal,2.0NRT,274.74,1.32,N
34.30467,-84.41677,320.72,0.43,0.46,2025-01-17,0658,N20,nominal,2.0NRT,274.38,2.38,N
34.26852,-93.53153,298.4,0.71,0.75,2025-01-17,0658,N20,nominal,2.0NRT,271.28,0.95,N
34.26971,-93.53172,298.15,0.71,0.75,2025-01-17,0658,N20,nominal,2.0NRT,271.24,1.49,N
33.60256,-84.62393,298.6,0.43,0.46,2025-01-17,0658,N20,nominal,2.0NRT,271.88,0.68,N
33.01696,-79.88638,308.38,0.4,0.37,2025-01-17,0658,N20,nominal,2.0NRT,277.59,0.74,N
33.01359,-79.88706,336.24,0.4,0.37,2025-01-17,0658,N20,nominal,2.0NRT,279.73,6.67,N
33.00625,-79.88413,302.29,0.4,0.37,2025-01-17,0658,N20,nominal,2.0NRT,280.38,1.1,N
32.93158,-79.70885,314.54,0.4,0.37,2025-01-17,0658,N20,nominal,2.0NRT,278.53,1.59,N
32.96834,-81.04023,310.2,0.43,0.38,2025-01-17,0658,N20,nominal,2.0NRT,272.87,0.98,N
32.96546,-81.04548,302.78,0.43,0.38,2025-01-17,0658,N20,nominal,2.0NRT,274.41,0.98,N
32.96485,-81.04086,298.87,0.43,0.38,2025-01-17,0658,N20,nominal,2.0NRT,274.24,0.98,N
33.54482,-86.80687,296.22,0.57,0.52,2025-01-17,0658,N20,nominal,2.0NRT,273.94,1.04,N
33.53576,-86.75793,309.37,0.57,0.52,2025-01-17,0658,N20,nominal,2.0NRT,275.44,1.94,N
33.61562,-88.59015,296.15,0.36,0.58,2025-01-17,0658,N20,nominal,2.0NRT,271.58,0.41,N
33.44068,-88.57279,350.59,0.36,0.57,2025-01-17,0658,N20,nominal,2.0NRT,275.71,3.81,N
33.22184,-86.81749,301.98,0.57,0.52,2025-01-17,0658,N20,nominal,2.0NRT,275.55,1.49,N
33.21968,-86.79272,299.92,0.56,0.52,2025-01-17,0658,N20,nominal,2.0NRT,274.78,1.28,N
33.18324,-86.76067,295.78,0.56,0.52,2025-01-17,0658,N20,nominal,2.0NRT,272.11,0.78,N
33.23479,-87.50956,301.22,0.62,0.54,2025-01-17,0658,N20,nominal,2.0NRT,275.94,2.36,N
33.42131,-90.40282,310.52,0.46,0.64,2025-01-17,0658,N20,nominal,2.0NRT,275.16,1.61,N
33.23034,-87.51686,305.77,0.62,0.54,2025-01-17,0658,N20,nominal,2.0NRT,275.76,1.68,N
33.10461,-86.80194,304.08,0.56,0.52,2025-01-17,0658,N20,nominal,2.0NRT,275.78,1.71,N
33.24323,-89.92137,295.52,0.43,0.62,2025-01-17,0658,N20,nominal,2.0NRT,271.44,0.26,N
32.61118,-83.73292,304.18,0.56,0.43,2025-01-17,0658,N20,nominal,2.0NRT,274.43,0.96,N
32.61245,-83.73227,296.99,0.56,0.43,2025-01-17,0658,N20,nominal,2.0NRT,275.16,2.24,N
32.06751,-82.66629,298.12,0.49,0.4,2025-01-17,0658,N20,nominal,2.0NRT,275.4,0.69,N
32.06617,-82.66799,301.29,0.49,0.4,2025-01-17,0658,N20,nominal,2.0NRT,274.61,0.91,N
32.54338,-87.70499,310.68,0.63,0.54,2025-01-17,0658,N20,nominal,2.0NRT,274.1,1.94,N
32.17981,-85.02773,298.48,0.43,0.46,2025-01-17,0658,N20,nominal,2.0NRT,278.78,0.94,N
31.95591,-83.02297,301.93,0.51,0.41,2025-01-17,0658,N20,nominal,2.0NRT,273.64,1.07,N
31.95214,-83.02361,299.76,0.51,0.41,2025-01-17,0658,N20,nominal,2.0NRT,274.22,1.29,N
32.27383,-86.36859,311.11,0.52,0.5,2025-01-17,0658,N20,nominal,2.0NRT,274.77,1.32,N
32.31545,-90.13593,305,0.43,0.62,2025-01-17,0658,N20,nominal,2.0NRT,275.96,1.02,N
32.31452,-90.13718,321.4,0.43,0.62,2025-01-17,0658,N20,nominal,2.0NRT,275.61,1.68,N
31.5125,-86.30074,309,0.5,0.49,2025-01-17,0658,N20,nominal,2.0NRT,275.28,1.04,N
30.85083,-83.9241,305.94,0.55,0.43,2025-01-17,0658,N20,nominal,2.0NRT,262.62,1.15,N
30.94193,-88.01271,298.76,0.63,0.54,2025-01-17,0658,N20,nominal,2.0NRT,277.85,2.71,N
30.56023,-85.02513,297.55,0.42,0.45,2025-01-17,0658,N20,nominal,2.0NRT,273.83,0.73,N
30.74465,-89.0613,295.53,0.36,0.57,2025-01-17,0701,N20,nominal,2.0NRT,274.67,0.49,N
30.58658,-91.24496,295.6,0.49,0.65,2025-01-17,0701,N20,nominal,2.0NRT,276.55,0.62,N
30.34487,-88.49166,298.92,0.33,0.55,2025-01-17,0701,N20,nominal,2.0NRT,283.95,1.29,N
30.34459,-88.48818,305.18,0.33,0.55,2025-01-17,0701,N20,nominal,2.0NRT,288.11,1.29,N
30.34431,-88.48472,297.61,0.33,0.55,2025-01-17,0701,N20,nominal,2.0NRT,285.87,1.38,N
30.48639,-91.18693,298.12,0.48,0.65,2025-01-17,0701,N20,nominal,2.0NRT,283.24,2.24,N
30.4861,-91.18179,300.34,0.48,0.65,2025-01-17,0701,N20,nominal,2.0NRT,286.94,2.57,N
30.48421,-91.18783,295.65,0.48,0.65,2025-01-17,0701,N20,nominal,2.0NRT,281.98,1.82,N
30.48388,-91.18267,303.03,0.48,0.65,2025-01-17,0701,N20,nominal,2.0NRT,287.44,1.82,N
30.35051,-91.21258,367,0.48,0.65,2025-01-17,0701,N20,high,2.0NRT,281.2,12.31,N
30.32834,-91.24542,295.8,0.48,0.65,2025-01-17,0701,N20,nominal,2.0NRT,281.5,1.5,N
30.2607,-93.29102,296.5,0.64,0.72,2025-01-17,0701,N20,nominal,2.0NRT,276.79,1.06,N
30.06605,-90.60275,298.89,0.44,0.62,2025-01-17,0701,N20,nominal,2.0NRT,283.08,2.89,N
30.05318,-90.67434,300.07,0.45,0.63,2025-01-17,0701,N20,nominal,2.0NRT,276.27,0.67,N
30.18147,-93.33098,297.77,0.64,0.72,2025-01-17,0701,N20,nominal,2.0NRT,283.47,2.59,N
30.05316,-90.67324,299.63,0.44,0.63,2025-01-17,0701,N20,nominal,2.0NRT,276.27,1.16,N
30.18541,-93.32576,296.99,0.64,0.72,2025-01-17,0701,N20,nominal,2.0NRT,284.18,1.33,N
30.00533,-90.40556,296.84,0.43,0.62,2025-01-17,0701,N20,nominal,2.0NRT,284.14,2.16,N
30.00501,-90.40108,295.13,0.43,0.62,2025-01-17,0701,N20,nominal,2.0NRT,281.56,1.13,N
30.0047,-90.39661,295.1,0.43,0.62,2025-01-17,0701,N20,nominal,2.0NRT,278.16,1.13,N
29.99993,-90.41061,342.27,0.43,0.62,2025-01-17,0701,N20,nominal,2.0NRT,279.27,2.16,N
29.99961,-90.40611,304.87,0.43,0.62,2025-01-17,0701,N20,nominal,2.0NRT,282.84,2.16,N
29.9993,-90.40163,298.83,0.43,0.62,2025-01-17,0701,N20,nominal,2.0NRT,285.41,1.13,N
29.93488,-89.97403,303.49,0.4,0.6,2025-01-17,0701,N20,nominal,2.0NRT,285.24,1.54,N
29.93276,-89.94455,295.85,0.4,0.6,2025-01-17,0701,N20,nominal,2.0NRT,282.57,0.69,N
29.92752,-90.35919,296.94,0.42,0.61,2025-01-17,0701,N20,nominal,2.0NRT,278.28,0.41,N
29.92153,-90.35532,321.1,0.42,0.61,2025-01-17,0701,N20,nominal,2.0NRT,280.16,1.5,N
29.92514,-90.3579,300.86,0.42,0.61,2025-01-17,0701,N20,nominal,2.0NRT,279.85,1.65,N
29.92481,-90.35345,312.52,0.42,0.61,2025-01-17,0701,N20,nominal,2.0NRT,280.68,1.46,N
30.05332,-93.7582,322.47,0.68,0.74,2025-01-17,0701,N20,nominal,2.0NRT,280.08,3.06,N
28.82871,-81.09784,303.73,0.41,0.37,2025-01-17,0701,N20,nominal,2.0NRT,279.55,0.79,N
28.97271,-82.22639,338.57,0.44,0.38,2025-01-17,0701,N20,nominal,2.0NRT,271.86,5.31,N
28.96919,-82.22701,336.44,0.44,0.38,2025-01-17,0701,N20,nominal,2.0NRT,274.41,5.31,N
29.88878,-93.96573,298.28,0.7,0.75,2025-01-17,0701,N20,nominal,2.0NRT,284.4,3.63,N
29.88941,-93.96604,298.75,0.7,0.75,2025-01-17,0701,N20,nominal,2.0NRT,284.25,2.01,N
28.78997,-82.31629,295.28,0.44,0.39,2025-01-17,0701,N20,nominal,2.0NRT,277.07,0.52,N
29.83455,-93.96807,295.16,0.7,0.75,2025-01-17,0701,N20,nominal,2.0NRT,277.68,1.6,N
29.68737,-91.47643,297.95,0.49,0.65,2025-01-17,0701,N20,nominal,2.0NRT,277.79,0.55,N
29.76126,-93.88461,304.08,0.69,0.74,2025-01-17,0701,N20,nominal,2.0NRT,279.06,2.86,N
29.54703,-91.89493,299.45,0.52,0.67,2025-01-17,0701,N20,nominal,2.0NRT,276.09,0.91,N
29.37562,-94.94241,295.29,0.79,0.78,2025-01-17,0701,N20,nominal,2.0NRT,279.13,2.97,N
29.37499,-94.92561,307.66,0.79,0.78,2025-01-17,0701,N20,nominal,2.0NRT,281.53,4.7,N
45.78337,-94.36954,318.11,0.47,0.4,2025-01-17,0837,N20,nominal,2.0NRT,265.84,2.04,N
42.28141,-83.11369,306.81,0.62,0.71,2025-01-17,0837,N20,nominal,2.0NRT,269.07,1.43,N
23.06414,-99.12399,316.21,0.48,0.48,2025-01-17,0841,N20,nominal,2.0NRT,282.73,2.26,N
42.28138,-83.11272,306.27,0.62,0.71,2025-01-17,0837,N20,nominal,2.0NRT,268.91,1.31,N
41.61957,-87.33082,322.1,0.41,0.6,2025-01-17,0837,N20,nominal,2.0NRT,270.69,3.12,N
23.06304,-99.11863,306.16,0.48,0.48,2025-01-17,0841,N20,nominal,2.0NRT,283.29,2.07,N
22.79995,-98.83749,329.76,0.51,0.49,2025-01-17,0841,N20,nominal,2.0NRT,286.51,2.55,N
44.72893,-104.76061,326.47,0.49,0.4,2025-01-17,0837,N20,nominal,2.0NRT,272.2,4.56,N
22.80095,-98.84235,310.8,0.51,0.49,2025-01-17,0841,N20,nominal,2.0NRT,284.35,3.37,N
44.36403,-104.19671,308.49,0.46,0.39,2025-01-17,0837,N20,nominal,2.0NRT,267.7,1.53,N
22.79548,-98.83853,300.45,0.51,0.49,2025-01-17,0841,N20,nominal,2.0NRT,283.83,2.55,N
44.3611,-104.20325,297.85,0.47,0.39,2025-01-17,0837,N20,nominal,2.0NRT,265.94,0.45,N
22.59167,-98.52245,297.71,0.54,0.51,2025-01-17,0841,N20,nominal,2.0NRT,284.6,0.53,N
44.36042,-104.19752,295.02,0.46,0.39,2025-01-17,0837,N20,nominal,2.0NRT,267.8,0.88,N
22.10605,-101.58932,302.65,0.54,0.42,2025-01-17,0841,N20,nominal,2.0NRT,276.31,1.13,N
21.99636,-101.16087,299.74,0.38,0.43,2025-01-17,0841,N20,nominal,2.0NRT,279.15,0.98,N
44.35682,-104.19828,296.55,0.46,0.39,2025-01-17,0837,N20,nominal,2.0NRT,267.6,0.88,N
19.60074,-92.29643,340.83,0.77,0.78,2025-01-17,0841,N20,nominal,2.0NRT,286.09,10.55,N
42.47615,-94.17085,300.74,0.55,0.43,2025-01-17,0837,N20,nominal,2.0NRT,270.26,1.22,N
19.59898,-92.28929,333.09,0.77,0.78,2025-01-17,0841,N20,nominal,2.0NRT,286.11,10.55,N
19.60249,-92.30357,305.3,0.77,0.77,2025-01-17,0841,N20,nominal,2.0NRT,286.54,6.47,N
41.72598,-92.44124,312.01,0.46,0.47,2025-01-17,0837,N20,nominal,2.0NRT,268.85,1.87,N
21.15522,-102.07732,308.9,0.53,0.42,2025-01-17,0843,N20,nominal,2.0NRT,278.92,1.84,N
42.08533,-97.36527,326.16,0.43,0.38,2025-01-17,0839,N20,nominal,2.0NRT,273.53,3.14,N
20.41998,-99.02032,295.08,0.55,0.51,2025-01-17,0843,N20,nominal,2.0NRT,280.5,0.44,N
42.08098,-97.36138,309.7,0.43,0.38,2025-01-17,0839,N20,nominal,2.0NRT,274.44,1.42,N
20.931,-101.78229,327.98,0.55,0.43,2025-01-17,0843,N20,nominal,2.0NRT,284.33,5.21,N
38.7594,-84.99818,295.76,0.64,0.72,2025-01-17,0839,N20,nominal,2.0NRT,270.24,1.81,N
20.93054,-101.78422,325.92,0.55,0.43,2025-01-17,0843,N20,nominal,2.0NRT,282.62,5.22,N
41.02694,-96.25542,298.68,0.48,0.4,2025-01-17,0839,N20,nominal,2.0NRT,272.04,0.81,N
20.58743,-101.17744,299.91,0.4,0.44,2025-01-17,0843,N20,nominal,2.0NRT,288.22,1.75,N
41.0068,-96.15456,299.66,0.49,0.4,2025-01-17,0839,N20,nominal,2.0NRT,272.77,1.53,N
20.58198,-101.17069,315.01,0.4,0.45,2025-01-17,0843,N20,nominal,2.0NRT,285.17,2.86,N
42.39004,-105.36205,299.95,0.49,0.4,2025-01-17,0839,N20,nominal,2.0NRT,271.23,1.57,N
20.57795,-101.17155,342.08,0.4,0.45,2025-01-17,0843,N20,nominal,2.0NRT,289.24,6.67,N
42.39206,-105.36238,295.5,0.49,0.4,2025-01-17,0839,N20,nominal,2.0NRT,271.01,1.59,N
20.57866,-101.17537,313.15,0.4,0.45,2025-01-17,0843,N20,nominal,2.0NRT,284.2,6.67,N
20.52712,-100.92475,339.58,0.42,0.45,2025-01-17,0843,N20,nominal,2.0NRT,284.75,6.46,N
40.79393,-95.5158,298.7,0.52,0.41,2025-01-17,0839,N20,nominal,2.0NRT,268.22,1.13,N
20.52193,-100.94224,300.24,0.42,0.45,2025-01-17,0843,N20,nominal,2.0NRT,281.32,0.25,N
42.68446,-111.59467,351.08,0.33,0.55,2025-01-17,0839,N20,nominal,2.0NRT,261.41,6.26,N
18.63616,-92.5136,300.3,0.79,0.78,2025-01-17,0843,N20,nominal,2.0NRT,284.28,3.04,N
39.20779,-89.82482,301.26,0.36,0.57,2025-01-17,0839,N20,nominal,2.0NRT,267.53,0.92,N
20.05255,-99.29244,306.27,0.54,0.51,2025-01-17,0843,N20,nominal,2.0NRT,280.84,3.34,N
39.58258,-92.27771,303.19,0.52,0.5,2025-01-17,0839,N20,nominal,2.0NRT,267.66,0.91,N
38.83743,-90.06268,300.87,0.35,0.57,2025-01-17,0839,N20,nominal,2.0NRT,278.93,1.68,N
20.05053,-99.28248,296.89,0.54,0.51,2025-01-17,0843,N20,nominal,2.0NRT,284.61,1.45,N
41.41648,-103.47952,305.83,0.42,0.37,2025-01-17,0839,N20,nominal,2.0NRT,268.26,0.74,N
20.04952,-99.2775,297.88,0.54,0.51,2025-01-17,0843,N20,nominal,2.0NRT,285.02,1.45,N
38.69739,-90.14855,297.97,0.35,0.57,2025-01-17,0839,N20,nominal,2.0NRT,271.88,0.61,N
20.04799,-99.29355,329.98,0.54,0.51,2025-01-17,0843,N20,nominal,2.0NRT,281.26,5.53,N
38.69431,-90.13692,295.79,0.35,0.57,2025-01-17,0839,N20,nominal,2.0NRT,271.05,1.62,N
20.02925,-99.27199,301.32,0.54,0.51,2025-01-17,0843,N20,nominal,2.0NRT,280.12,1.6,N
40.07747,-96.13427,298.89,0.5,0.41,2025-01-17,0839,N20,nominal,2.0NRT,270.32,0.61,N
20.4505,-101.54887,304.41,0.39,0.44,2025-01-17,0843,N20,nominal,2.0NRT,285.27,0.86,N
39.94242,-96.88572,295.69,0.47,0.4,2025-01-17,0839,N20,nominal,2.0NRT,272.16,0.66,N
19.99585,-99.17061,295.3,0.55,0.51,2025-01-17,0843,N20,nominal,2.0NRT,279.57,0.6,N
39.82223,-96.35907,303.99,0.5,0.41,2025-01-17,0839,N20,nominal,2.0NRT,271.02,1.19,N
39.44114,-95.16003,309.51,0.57,0.43,2025-01-17,0839,N20,nominal,2.0NRT,270.5,1.43,N
19.34749,-96.70684,296.68,0.41,0.61,2025-01-17,0843,N20,nominal,2.0NRT,285.22,0.47,N
39.4373,-95.16149,330.31,0.57,0.43,2025-01-17,0839,N20,nominal,2.0NRT,271.15,4.61,N
20.63726,-103.34164,295.24,0.46,0.39,2025-01-17,0843,N20,nominal,2.0NRT,284.57,0.45,N
39.74437,-97.17665,296.49,0.46,0.39,2025-01-17,0839,N20,nominal,2.0NRT,271.33,0.64,N
19.34215,-96.70868,299.52,0.41,0.61,2025-01-17,0843,N20,nominal,2.0NRT,285.71,0.49,N
39.74083,-97.1778,297.22,0.46,0.39,2025-01-17,0839,N20,nominal,2.0NRT,270.72,0.42,N
20.60075,-103.34458,303.17,0.46,0.39,2025-01-17,0843,N20,nominal,2.0NRT,285.79,1.3,N
38.01039,-90.08025,303.85,0.37,0.58,2025-01-17,0839,N20,nominal,2.0NRT,273.19,1.25,N
19.90187,-99.67622,300.98,0.51,0.5,2025-01-17,0843,N20,nominal,2.0NRT,276.91,1.64,N
20.5865,-103.30619,300.04,0.47,0.39,2025-01-17,0843,N20,nominal,2.0NRT,281.7,0.27,N
37.97334,-90.06924,298.92,0.37,0.58,2025-01-17,0839,N20,nominal,2.0NRT,270.94,1.54,N
18.83348,-96.39737,296.65,0.44,0.62,2025-01-17,0843,N20,nominal,2.0NRT,282.5,0.35,N
37.97046,-90.07973,301.38,0.37,0.58,2025-01-17,0839,N20,nominal,2.0NRT,269.43,0.89,N
37.97436,-90.06721,296.02,0.37,0.58,2025-01-17,0839,N20,nominal,2.0NRT,271.5,0.85,N
18.82791,-96.39891,295.27,0.44,0.62,2025-01-17,0843,N20,nominal,2.0NRT,282.48,0.26,N
19.1766,-98.32021,304.33,0.32,0.55,2025-01-17,0843,N20,nominal,2.0NRT,277.99,1.25,N
37.96637,-90.08004,319.43,0.37,0.58,2025-01-17,0839,N20,nominal,2.0NRT,272.47,1.71,N
19.17165,-98.32133,300.61,0.32,0.55,2025-01-17,0843,N20,nominal,2.0NRT,281.26,1.17,N
39.15083,-98.52512,298.07,0.43,0.38,2025-01-17,0839,N20,nominal,2.0NRT,270.19,0.48,N
18.97157,-97.96564,311.17,0.35,0.56,2025-01-17,0843,N20,nominal,2.0NRT,281.85,1.35,N
40.82336,-114.259,304.94,0.44,0.62,2025-01-17,0839,N20,nominal,2.0NRT,268.81,1.45,N
18.96846,-97.9642,306.37,0.35,0.56,2025-01-17,0843,N20,nominal,2.0NRT,284.09,1.16,N
37.41357,-91.06091,298.49,0.34,0.56,2025-01-17,0839,N20,nominal,2.0NRT,269.96,0.44,N
17.96611,-93.65381,296.39,0.69,0.74,2025-01-17,0843,N20,nominal,2.0NRT,284.24,2.94,N
18.50765,-96.14928,322.81,0.46,0.64,2025-01-17,0843,N20,nominal,2.0NRT,280.8,2.52,N
38.51108,-96.15995,295.59,0.54,0.42,2025-01-17,0839,N20,nominal,2.0NRT,270.11,0.83,N
18.50671,-96.14501,317.49,0.46,0.64,2025-01-17,0843,N20,nominal,2.0NRT,280.93,2.52,N
38.50947,-96.16132,297.38,0.54,0.42,2025-01-17,0839,N20,nominal,2.0NRT,270.56,0.83,N
18.41344,-96.21519,309.53,0.46,0.63,2025-01-17,0843,N20,nominal,2.0NRT,278.3,1.76,N
38.5965,-97.74095,297.62,0.46,0.39,2025-01-17,0839,N20,nominal,2.0NRT,272.86,0.86,N
19.67241,-103.37656,309.18,0.48,0.4,2025-01-17,0843,N20,nominal,2.0NRT,286.82,1.69,N
19.70422,-103.95605,301.87,0.45,0.39,2025-01-17,0843,N20,nominal,2.0NRT,285.62,0.9,N
37.70587,-94.47005,308.84,0.45,0.47,2025-01-17,0839,N20,nominal,2.0NRT,273.1,0.78,N
19.7007,-103.95676,306.57,0.45,0.39,2025-01-17,0843,N20,nominal,2.0NRT,286.06,0.9,N
37.70173,-94.47154,299.42,0.45,0.47,2025-01-17,0839,N20,nominal,2.0NRT,272.25,1.01,N
37.70189,-94.46811,318.6,0.45,0.47,2025-01-17,0839,N20,nominal,2.0NRT,272.95,1.42,N
19.51245,-104.57269,302.02,0.43,0.38,2025-01-17,0843,N20,nominal,2.0NRT,287.8,0.65,N
37.62122,-95.41306,308.28,0.4,0.44,2025-01-17,0839,N20,nominal,2.0NRT,274.19,0.97,N
19.00749,-104.25867,322.95,0.44,0.39,2025-01-17,0843,N20,nominal,2.0NRT,294.02,2.24,N
39.0112,-104.96541,317.89,0.44,0.38,2025-01-17,0839,N20,nominal,2.0NRT,267.63,3.06,N
39.0077,-104.9661,335.2,0.44,0.38,2025-01-17,0839,N20,nominal,2.0NRT,267.79,3.06,N
35.94835,-89.71381,308.76,0.44,0.62,2025-01-17,0839,N20,nominal,2.0NRT,274.53,1.38,N
17.94431,-102.20916,315.65,0.39,0.44,2025-01-17,0843,N20,nominal,2.0NRT,293.16,1.27,N
35.94558,-89.71342,312.38,0.44,0.62,2025-01-17,0839,N20,nominal,2.0NRT,276.13,1.79,N
17.93638,-102.21075,308.43,0.39,0.44,2025-01-17,0843,N20,nominal,2.0NRT,293.3,1.67,N
35.89133,-89.78223,337.68,0.44,0.62,2025-01-17,0839,N20,nominal,2.0NRT,274.61,3.54,N
17.93176,-102.20796,331.12,0.39,0.44,2025-01-17,0843,N20,nominal,2.0NRT,294.39,4.32,N
36.80121,-94.45203,307.49,0.47,0.48,2025-01-17,0839,N20,nominal,2.0NRT,274.76,1.33,N
37.0491,-95.60761,296.62,0.4,0.45,2025-01-17,0839,N20,nominal,2.0NRT,278.28,0.93,N
17.93307,-102.21515,305.82,0.39,0.44,2025-01-17,0843,N20,nominal,2.0NRT,292.61,0.96,N
35.65084,-89.9325,295.66,0.44,0.62,2025-01-17,0839,N20,nominal,2.0NRT,274.28,0.98,N
17.93241,-102.21156,308.97,0.39,0.44,2025-01-17,0843,N20,nominal,2.0NRT,293.19,0.96,N
35.61263,-89.94802,301.7,0.44,0.62,2025-01-17,0839,N20,nominal,2.0NRT,272.61,1.33,N
17.92647,-102.20155,305.04,0.39,0.44,2025-01-17,0843,N20,nominal,2.0NRT,292.13,1.25,N
34.63816,-87.09329,295.63,0.66,0.73,2025-01-17,0839,N20,nominal,2.0NRT,272.56,2.25,N
34.64078,-87.092,304.7,0.66,0.73,2025-01-17,0839,N20,nominal,2.0NRT,273.13,1.51,N
34.63877,-87.08524,303.49,0.66,0.73,2025-01-17,0839,N20,nominal,2.0NRT,273.68,1.51,N
35.79409,-91.74572,305.58,0.34,0.56,2025-01-17,0839,N20,nominal,2.0NRT,274.02,0.98,N
38.24322,-104.60889,318.77,0.42,0.38,2025-01-17,0839,N20,nominal,2.0NRT,272.02,2.56,N
36.3407,-94.31934,302.01,0.49,0.48,2025-01-17,0839,N20,nominal,2.0NRT,272.43,1.45,N
36.33947,-94.31403,302.01,0.49,0.48,2025-01-17,0839,N20,nominal,2.0NRT,271.8,1.45,N
36.34023,-94.31405,314.31,0.49,0.48,2025-01-17,0839,N20,nominal,2.0NRT,272.13,1.67,N
36.55273,-96.15541,308.32,0.39,0.44,2025-01-17,0839,N20,nominal,2.0NRT,274.57,1.23,N
36.19431,-95.81287,297.94,0.41,0.45,2025-01-17,0839,N20,nominal,2.0NRT,277.25,0.98,N
36.51816,-97.84276,302.15,0.49,0.4,2025-01-17,0839,N20,nominal,2.0NRT,273.51,1.12,N
36.51711,-97.83742,305.84,0.49,0.4,2025-01-17,0839,N20,nominal,2.0NRT,272.18,1.33,N
36.71555,-101.47115,313.11,0.39,0.36,2025-01-17,0839,N20,nominal,2.0NRT,273.61,1.57,N
33.44511,-88.58171,295.51,0.59,0.7,2025-01-17,0839,N20,nominal,2.0NRT,273.26,2.58,N
33.44163,-88.5696,312.43,0.59,0.7,2025-01-17,0839,N20,nominal,2.0NRT,273.82,2.23,N
34.267,-93.5279,309.62,0.6,0.53,2025-01-17,0839,N20,nominal,2.0NRT,271.4,2.26,N
34.26833,-93.52879,311.5,0.6,0.53,2025-01-17,0839,N20,nominal,2.0NRT,270.57,1.66,N
33.41845,-90.40054,305.15,0.47,0.64,2025-01-17,0839,N20,nominal,2.0NRT,274.89,1.03,N
35.69593,-101.3605,297.26,0.39,0.36,2025-01-17,0839,N20,nominal,2.0NRT,276.82,1.5,N
34.04141,-95.32989,300.33,0.48,0.48,2025-01-17,0841,N20,nominal,2.0NRT,272.14,0.74,N
34.20477,-97.10197,295.49,0.39,0.44,2025-01-17,0841,N20,nominal,2.0NRT,280.08,0.68,N
33.98246,-96.35102,311.22,0.43,0.46,2025-01-17,0841,N20,nominal,2.0NRT,272.91,0.97,N
33.71603,-95.50497,297.53,0.48,0.48,2025-01-17,0841,N20,nominal,2.0NRT,274.68,0.72,N
33.71639,-95.50677,297.62,0.48,0.48,2025-01-17,0841,N20,nominal,2.0NRT,274.76,0.67,N
32.41689,-91.19479,295.27,0.45,0.63,2025-01-17,0841,N20,nominal,2.0NRT,273.45,0.43,N
33.67706,-96.91615,299.53,0.4,0.45,2025-01-17,0841,N20,nominal,2.0NRT,275.7,0.65,N
35.52085,-113.31531,300.08,0.35,0.57,2025-01-17,0841,N20,nominal,2.0NRT,269.61,0.73,N
35.52022,-113.31493,301.15,0.35,0.57,2025-01-17,0841,N20,nominal,2.0NRT,270.62,0.67,N
30.93625,-88.0136,295.97,0.74,0.76,2025-01-17,0841,N20,nominal,2.0NRT,275.53,1.1,N
32.77634,-96.93195,295.08,0.42,0.45,2025-01-17,0841,N20,nominal,2.0NRT,277.97,0.26,N
30.34166,-88.48966,301.36,0.72,0.76,2025-01-17,0841,N20,nominal,2.0NRT,283.99,2.88,N
30.34125,-88.48949,299.94,0.72,0.76,2025-01-17,0841,N20,nominal,2.0NRT,283.89,2.04,N
34.60953,-117.34061,299.59,0.58,0.7,2025-01-17,0841,N20,nominal,2.0NRT,275.17,1.52,N
30.4819,-91.1825,297.64,0.5,0.66,2025-01-17,0841,N20,nominal,2.0NRT,282.35,2.95,N
30.34654,-91.20979,367,0.5,0.66,2025-01-17,0841,N20,high,2.0NRT,280.73,11.14,N
31.45152,-95.75113,332.82,0.52,0.5,2025-01-17,0841,N20,nominal,2.0NRT,265.23,4.85,N
31.44986,-95.74831,332.82,0.52,0.5,2025-01-17,0841,N20,nominal,2.0NRT,264.19,5.24,N
30.35069,-91.21164,335.61,0.5,0.66,2025-01-17,0841,N20,nominal,2.0NRT,274.39,5.31,N
30.34938,-91.2066,330.35,0.5,0.66,2025-01-17,0841,N20,nominal,2.0NRT,278.06,5.31,N
30.3268,-91.24199,295.38,0.5,0.66,2025-01-17,0841,N20,nominal,2.0NRT,280.83,1.22,N
29.93248,-89.97318,295.49,0.61,0.71,2025-01-17,0841,N20,nominal,2.0NRT,280.55,1.61,N
30.06346,-90.59743,301.56,0.56,0.68,2025-01-17,0841,N20,nominal,2.0NRT,285.1,2.64,N
30.00368,-90.40379,345.6,0.57,0.69,2025-01-17,0841,N20,nominal,2.0NRT,284.38,5.85,N
30.00212,-90.39809,297.84,0.57,0.69,2025-01-17,0841,N20,nominal,2.0NRT,282.7,3.67,N
29.99756,-90.40596,345.06,0.57,0.69,2025-01-17,0841,N20,nominal,2.0NRT,279.21,5.85,N
29.996,-90.40028,297.1,0.57,0.69,2025-01-17,0841,N20,nominal,2.0NRT,281.95,3.67,N
30.0657,-90.59813,301.16,0.56,0.68,2025-01-17,0841,N20,nominal,2.0NRT,284.72,2.39,N
30.00099,-90.40611,350.83,0.57,0.69,2025-01-17,0841,N20,nominal,2.0NRT,282.72,6.09,N
29.99946,-90.40042,321.26,0.57,0.69,2025-01-17,0841,N20,nominal,2.0NRT,286.71,6.09,N
29.92571,-90.35159,308.63,0.58,0.7,2025-01-17,0841,N20,nominal,2.0NRT,277.91,1.55,N
30.46434,-92.53324,296.15,0.42,0.61,2025-01-17,0841,N20,nominal,2.0NRT,274.82,0.38,N
29.60039,-89.89909,297.02,0.63,0.72,2025-01-17,0841,N20,nominal,2.0NRT,278.03,0.88,N
30.05427,-93.75036,307.28,0.36,0.58,2025-01-17,0841,N20,nominal,2.0NRT,263.56,1.26,N
29.88975,-93.96271,297.09,0.36,0.57,2025-01-17,0841,N20,nominal,2.0NRT,279.6,0.59,N
29.88889,-93.95912,295.27,0.36,0.57,2025-01-17,0841,N20,nominal,2.0NRT,280.63,0.59,N
29.85741,-93.96522,295.75,0.36,0.57,2025-01-17,0841,N20,nominal,2.0NRT,279.35,1.02,N
29.83525,-93.9645,306.1,0.36,0.57,2025-01-17,0841,N20,nominal,2.0NRT,276.39,0.78,N
29.75941,-93.87917,302.48,0.36,0.58,2025-01-17,0841,N20,nominal,2.0NRT,278.43,0.87,N
29.75854,-93.87553,296.53,0.36,0.58,2025-01-17,0841,N20,nominal,2.0NRT,276.36,0.87,N
29.75766,-93.87188,297.43,0.36,0.58,2025-01-17,0841,N20,nominal,2.0NRT,276.16,1.24,N
29.74625,-95.0128,295.44,0.63,0.54,2025-01-17,0841,N20,nominal,2.0NRT,277.66,1.79,N
29.37309,-94.91747,303.94,0.32,0.55,2025-01-17,0841,N20,nominal,2.0NRT,270.4,0.86,N
32.36714,-116.61586,300.53,0.5,0.66,2025-01-17,0841,N20,nominal,2.0NRT,272.94,1.06,N
28.65919,-100.56032,310.67,0.49,0.4,2025-01-17,0841,N20,nominal,2.0NRT,263.81,1.62,N
25.58089,-99.93807,300.91,0.39,0.44,2025-01-17,0843,N20,nominal,2.0NRT,281.74,0.84,N
25.58015,-99.93425,303.09,0.39,0.44,2025-01-17,0843,N20,nominal,2.0NRT,282.13,0.84,N
25.57618,-99.93516,328.84,0.39,0.44,2025-01-17,0843,N20,nominal,2.0NRT,282.78,2.87,N
25.13203,-99.6299,337.58,0.41,0.45,2025-01-17,0843,N20,nominal,2.0NRT,283.19,4.08,N
48.66594,-103.42068,295.56,0.48,0.4,2025-01-17,0837,N20,nominal,2.0NRT,268.04,0.49,N
48.53176,-103.45432,310.85,0.48,0.4,2025-01-17,0837,N20,nominal,2.0NRT,269.68,1.43,N
48.5298,-103.4553,300.3,0.48,0.4,2025-01-17,0837,N20,nominal,2.0NRT,267.55,1.12,N
46.32166,-93.95291,299.05,0.48,0.4,2025-01-17,0837,N20,nominal,2.0NRT,269.34,0.68,N
46.39043,-95.60185,298.67,0.42,0.38,2025-01-17,0837,N20,nominal,2.0NRT,269.87,0.89,N
43.06433,-122.95567,304.59,0.41,0.37,2025-01-17,1017,N20,nominal,2.0NRT,271.98,1.61,N
43.06467,-122.95752,311.37,0.41,0.37,2025-01-17,1017,N20,nominal,2.0NRT,272.18,1.6,N
40.82332,-114.25918,313.29,0.36,0.57,2025-01-17,1017,N20,nominal,2.0NRT,270.22,2.13,N
42.52333,-121.82774,303.67,0.45,0.39,2025-01-17,1017,N20,nominal,2.0NRT,269.08,0.83,N
42.52418,-121.82938,297.53,0.45,0.39,2025-01-17,1017,N20,nominal,2.0NRT,268.73,0.45,N
42.38321,-122.7758,295.65,0.42,0.38,2025-01-17,1017,N20,nominal,2.0NRT,270.93,0.53,N
42.20406,-122.02503,308.02,0.45,0.39,2025-01-17,1017,N20,nominal,2.0NRT,269.49,1.53,N
42.20305,-122.01978,319.16,0.45,0.39,2025-01-17,1017,N20,nominal,2.0NRT,270.2,1.53,N
42.20205,-122.01454,307.78,0.45,0.39,2025-01-17,1017,N20,nominal,2.0NRT,270.47,1.43,N
42.19857,-122.01572,297.45,0.45,0.39,2025-01-17,1017,N20,nominal,2.0NRT,269.51,0.75,N
41.89258,-123.39679,308.22,0.41,0.37,2025-01-17,1017,N20,nominal,2.0NRT,274.02,1.1,N
41.88338,-123.38521,328.5,0.41,0.37,2025-01-17,1017,N20,nominal,2.0NRT,273.79,2.55,N
40.32681,-121.07249,322.63,0.52,0.42,2025-01-17,1017,N20,nominal,2.0NRT,266.68,3.45,N
40.32803,-121.07835,313.56,0.52,0.42,2025-01-17,1017,N20,nominal,2.0NRT,264.86,2.77,N
39.62082,-119.26193,307.77,0.43,0.46,2025-01-17,1019,N20,nominal,2.0NRT,271.98,2.06,N
40.0745,-123.87009,311.68,0.42,0.38,2025-01-17,1019,N20,nominal,2.0NRT,276.81,1.19,N
38.58231,-120.25571,310.69,0.41,0.45,2025-01-17,1019,N20,nominal,2.0NRT,268.2,1.47,N
38.01711,-122.11503,297.32,0.52,0.41,2025-01-17,1019,N20,nominal,2.0NRT,282.29,1.46,N
37.45404,-121.93557,300.37,0.54,0.42,2025-01-17,1019,N20,nominal,2.0NRT,273.41,0.78,N
37.45502,-121.93045,303,0.54,0.42,2025-01-17,1019,N20,nominal,2.0NRT,275.34,0.64,N
36.80719,-121.78455,300.03,0.56,0.43,2025-01-17,1019,N20,nominal,2.0NRT,279.63,1.37,N
34.61118,-117.33688,296.34,0.36,0.57,2025-01-17,1019,N20,nominal,2.0NRT,273.03,0.64,N
34.60604,-117.33849,309.08,0.36,0.57,2025-01-17,1019,N20,nominal,2.0NRT,274.44,1.06,N
34.33448,-118.51789,297.53,0.63,0.54,2025-01-17,1019,N20,nominal,2.0NRT,276.05,0.77,N
34.15499,-118.19211,296.41,0.33,0.55,2025-01-17,1019,N20,nominal,2.0NRT,276.67,0.31,N
34.29134,-118.80219,296.66,0.61,0.53,2025-01-17,1019,N20,nominal,2.0NRT,274.17,1.09,N
33.79471,-117.4763,301.87,0.37,0.58,2025-01-17,1019,N20,nominal,2.0NRT,275.89,0.76,N
33.71555,-117.71319,296.63,0.36,0.57,2025-01-17,1019,N20,nominal,2.0NRT,278,0.59,N
33.71513,-117.7126,298.59,0.36,0.57,2025-01-17,1019,N20,nominal,2.0NRT,278.22,0.52,N
32.59792,-117.0134,296.4,0.42,0.61,2025-01-17,1019,N20,nominal,2.0NRT,276.34,0.3,N
48.11535,-104.36224,295.14,0.6,0.7,2025-01-17,1015,N20,nominal,2.0NRT,266.42,0.71,N
47.63959,-103.10072,324.4,0.7,0.75,2025-01-17,1015,N20,nominal,2.0NRT,268.85,2.93,N
47.63943,-103.10596,310.5,0.7,0.75,2025-01-17,1015,N20,nominal,2.0NRT,267.29,3.48,N
47.95008,-104.04707,316.88,0.62,0.72,2025-01-17,1015,N20,nominal,2.0NRT,267.61,1.88,N
49.87109,-120.70123,330.34,0.4,0.37,2025-01-17,1015,N20,nominal,2.0NRT,262.36,4.44,N
49.80503,-124.49453,305.38,0.39,0.36,2025-01-17,1015,N20,nominal,2.0NRT,272.19,0.71,N
48.24949,-118.34763,299.41,0.48,0.4,2025-01-17,1015,N20,nominal,2.0NRT,261.64,0.79,N
48.88578,-122.73936,297.56,0.39,0.36,2025-01-17,1015,N20,nominal,2.0NRT,277.67,1.3,N
47.56651,-122.34228,308,0.39,0.36,2025-01-17,1015,N20,nominal,2.0NRT,272.67,1.18,N
19.42836,-155.2993,296.42,0.43,0.38,2025-01-17,1206,N20,nominal,2.0NRT,281.34,0.54,N
19.42767,-155.29532,299.63,0.43,0.38,2025-01-17,1206,N20,nominal,2.0NRT,281.14,0.54,N
19.42699,-155.29131,305.68,0.43,0.38,2025-01-17,1206,N20,nominal,2.0NRT,277.72,1.28,N
19.42284,-155.28792,330.76,0.43,0.38,2025-01-17,1206,N20,nominal,2.0NRT,280.61,1.57,N
19.42422,-155.29596,296.22,0.43,0.38,2025-01-17,1206,N20,nominal,2.0NRT,281.81,0.55,N
19.42354,-155.29195,314.6,0.43,0.38,2025-01-17,1206,N20,nominal,2.0NRT,280.11,1.57,N
19.42213,-155.28377,302.05,0.43,0.38,2025-01-17,1206,N20,nominal,2.0NRT,280.81,0.89,N
19.42008,-155.29257,321.8,0.43,0.38,2025-01-17,1206,N20,nominal,2.0NRT,281.47,1.57,N
19.42078,-155.29659,300.4,0.43,0.38,2025-01-17,1206,N20,nominal,2.0NRT,279.06,0.55,N
19.41939,-155.2885,308.56,0.43,0.38,2025-01-17,1206,N20,nominal,2.0NRT,281.48,1.57,N
19.41867,-155.28438,305.47,0.43,0.38,2025-01-17,1206,N20,nominal,2.0NRT,281.19,0.89,N
19.41662,-155.29317,326.2,0.43,0.38,2025-01-17,1206,N20,nominal,2.0NRT,279.51,2.11,N
19.41592,-155.28908,330.82,0.43,0.38,2025-01-17,1206,N20,nominal,2.0NRT,277.42,2.11,N
19.41732,-155.2972,302.2,0.43,0.38,2025-01-17,1206,N20,nominal,2.0NRT,274.65,0.67,N
19.41317,-155.29376,335.53,0.43,0.38,2025-01-17,1206,N20,nominal,2.0NRT,276.88,2.11,N
19.41246,-155.28966,322.48,0.43,0.38,2025-01-17,1206,N20,nominal,2.0NRT,274.28,2.11,N
19.41455,-155.3018,296.3,0.43,0.38,2025-01-17,1206,N20,nominal,2.0NRT,277.27,0.67,N
19.41386,-155.29781,312.32,0.43,0.38,2025-01-17,1206,N20,nominal,2.0NRT,273.13,0.67,N
19.40971,-155.29439,342.19,0.43,0.38,2025-01-17,1206,N20,nominal,2.0NRT,273.5,81.31,N
19.409,-155.29027,350.9,0.43,0.38,2025-01-17,1206,N20,nominal,2.0NRT,275.23,81.31,N
19.40829,-155.28619,324.54,0.43,0.38,2025-01-17,1206,N20,nominal,2.0NRT,274.65,5,N
19.4111,-155.30244,300.86,0.43,0.38,2025-01-17,1206,N20,nominal,2.0NRT,279.25,0.87,N
19.41041,-155.29842,317.44,0.43,0.38,2025-01-17,1206,N20,nominal,2.0NRT,275.54,0.87,N
19.40626,-155.29501,351.65,0.43,0.38,2025-01-17,1206,N20,nominal,2.0NRT,276.81,81.31,N
19.40555,-155.29089,367,0.43,0.38,2025-01-17,1206,N20,high,2.0NRT,328.38,81.31,N
19.40484,-155.2868,344.35,0.43,0.38,2025-01-17,1206,N20,nominal,2.0NRT,277.2,5,N
19.40834,-155.30704,297.79,0.43,0.38,2025-01-17,1206,N20,nominal,2.0NRT,282.71,0.88,N
19.40765,-155.30304,299.49,0.43,0.38,2025-01-17,1206,N20,nominal,2.0NRT,282.22,0.87,N
19.40696,-155.29904,317.56,0.43,0.38,2025-01-17,1206,N20,nominal,2.0NRT,280.19,0.87,N
19.40414,-155.28276,295.24,0.43,0.38,2025-01-17,1206,N20,nominal,2.0NRT,272.5,5,N
19.40345,-155.27875,303.49,0.43,0.38,2025-01-17,1206,N20,nominal,2.0NRT,276.17,0.42,N
19.40275,-155.27473,297.39,0.43,0.38,2025-01-17,1206,N20,nominal,2.0NRT,278.52,0.42,N
19.40206,-155.27074,312.29,0.43,0.38,2025-01-17,1206,N20,nominal,2.0NRT,280.82,1.21,N
19.40137,-155.26672,310.06,0.43,0.38,2025-01-17,1206,N20,nominal,2.0NRT,282.62,1.21,N
19.40068,-155.26274,300.59,0.43,0.38,2025-01-17,1206,N20,nominal,2.0NRT,283.7,1.04,N
19.40281,-155.29564,351.58,0.43,0.38,2025-01-17,1206,N20,nominal,2.0NRT,280.85,35.56,N
19.4021,-155.29155,329.23,0.43,0.38,2025-01-17,1206,N20,nominal,2.0NRT,307.06,35.56,N
19.40139,-155.28748,327.56,0.43,0.38,2025-01-17,1206,N20,nominal,2.0NRT,287.04,36.01,N
19.4007,-155.28345,350.99,0.43,0.38,2025-01-17,1206,N20,nominal,2.0NRT,273.6,36.01,N
19.4,-155.27943,352.71,0.43,0.38,2025-01-17,1206,N20,nominal,2.0NRT,277.17,3.96,N
19.39931,-155.27542,340.76,0.43,0.38,2025-01-17,1206,N20,nominal,2.0NRT,279.24,3.96,N
19.4042,-155.30367,298.16,0.43,0.38,2025-01-17,1206,N20,nominal,2.0NRT,283.55,1.39,N
19.4035,-155.29967,317.23,0.43,0.38,2025-01-17,1206,N20,nominal,2.0NRT,283.1,1.39,N
19.39862,-155.27141,313.56,0.43,0.38,2025-01-17,1206,N20,nominal,2.0NRT,280.8,1.14,N
19.39792,-155.26741,308.34,0.43,0.38,2025-01-17,1206,N20,nominal,2.0NRT,282.9,1.14,N
19.39723,-155.2634,306.5,0.43,0.38,2025-01-17,1206,N20,nominal,2.0NRT,282.48,1.04,N
19.40005,-155.30029,337,0.43,0.38,2025-01-17,1206,N20,nominal,2.0NRT,283.53,1.39,N
19.39935,-155.29626,356.19,0.43,0.38,2025-01-17,1206,N20,nominal,2.0NRT,283.11,35.56,N
19.39865,-155.29222,356.04,0.43,0.38,2025-01-17,1206,N20,nominal,2.0NRT,281.33,35.56,N
19.39795,-155.28816,349.73,0.43,0.38,2025-01-17,1206,N20,nominal,2.0NRT,276.75,36.01,N
19.39725,-155.28415,354.28,0.43,0.38,2025-01-17,1206,N20,nominal,2.0NRT,273.97,36.01,N
19.39656,-155.28012,342.64,0.43,0.38,2025-01-17,1206,N20,nominal,2.0NRT,274.56,3.96,N
19.40074,-155.30429,299,0.43,0.38,2025-01-17,1206,N20,nominal,2.0NRT,283.58,1.39,N
19.39586,-155.27609,304.3,0.43,0.38,2025-01-17,1206,N20,nominal,2.0NRT,277.24,3.96,N
19.39517,-155.27208,298.32,0.43,0.38,2025-01-17,1206,N20,nominal,2.0NRT,279.48,1.14,N
19.39447,-155.26807,314.53,0.43,0.38,2025-01-17,1206,N20,nominal,2.0NRT,281.86,1.14,N
19.39378,-155.26404,304,0.43,0.38,2025-01-17,1206,N20,nominal,2.0NRT,282.44,1.04,N
19.3966,-155.30092,333.03,0.43,0.38,2025-01-17,1206,N20,nominal,2.0NRT,283.12,1.43,N
19.3959,-155.29689,367,0.43,0.38,2025-01-17,1206,N20,high,2.0NRT,282.74,6.46,N
19.3952,-155.29288,367,0.43,0.38,2025-01-17,1206,N20,high,2.0NRT,282.82,6.46,N
19.3945,-155.28883,355.09,0.43,0.38,2025-01-17,1206,N20,nominal,2.0NRT,281.68,3.75,N
19.39381,-155.28481,334.12,0.43,0.38,2025-01-17,1206,N20,nominal,2.0NRT,278.81,3.75,N
19.39729,-155.30492,301.09,0.43,0.38,2025-01-17,1206,N20,nominal,2.0NRT,283.49,1.43,N
19.39311,-155.28076,314.49,0.43,0.38,2025-01-17,1206,N20,nominal,2.0NRT,272.13,1.07,N
19.39241,-155.27675,308.61,0.43,0.38,2025-01-17,1206,N20,nominal,2.0NRT,273.99,1.07,N
19.39171,-155.27271,310.66,0.43,0.38,2025-01-17,1206,N20,nominal,2.0NRT,277.68,1.19,N
19.39102,-155.26869,304.9,0.43,0.38,2025-01-17,1206,N20,nominal,2.0NRT,281.97,1.19,N
19.39032,-155.26466,295.99,0.43,0.38,2025-01-17,1206,N20,nominal,2.0NRT,283.19,0.81,N
19.39245,-155.29752,323.43,0.43,0.38,2025-01-17,1206,N20,nominal,2.0NRT,283.31,6.46,N
19.39175,-155.2935,330.92,0.43,0.38,2025-01-17,1206,N20,nominal,2.0NRT,283.48,6.46,N
19.39314,-155.30153,305.15,0.43,0.38,2025-01-17,1206,N20,nominal,2.0NRT,282.69,1.43,N
19.39105,-155.28946,312.72,0.43,0.38,2025-01-17,1206,N20,nominal,2.0NRT,283.59,3.75,N
19.39035,-155.28543,301.55,0.43,0.38,2025-01-17,1206,N20,nominal,2.0NRT,281.74,3.75,N
19.38965,-155.2814,297.85,0.43,0.38,2025-01-17,1206,N20,nominal,2.0NRT,278.09,1.07,N
19.3936,-155.29619,338.83,0.43,0.38,2025-01-17,1206,N20,nominal,2.0NRT,283.64,2.18,N
19.39292,-155.29216,340.16,0.43,0.38,2025-01-17,1206,N20,nominal,2.0NRT,283.82,2.18,N
19.39496,-155.30423,298.24,0.43,0.38,2025-01-17,1206,N20,nominal,2.0NRT,282.78,0.66,N
19.39428,-155.30022,314.26,0.43,0.38,2025-01-17,1206,N20,nominal,2.0NRT,282.97,0.66,N
19.39224,-155.28812,314.96,0.43,0.38,2025-01-17,1206,N20,nominal,2.0NRT,283.58,1.16,N
19.39156,-155.28409,305.88,0.43,0.38,2025-01-17,1206,N20,nominal,2.0NRT,281.51,1.16,N
19.39088,-155.28003,299.1,0.43,0.38,2025-01-17,1206,N20,nominal,2.0NRT,277.83,0.32,N
19.3902,-155.27602,298.79,0.43,0.38,2025-01-17,1206,N20,nominal,2.0NRT,277.65,0.32,N
19.38952,-155.27199,296.74,0.43,0.38,2025-01-17,1206,N20,nominal,2.0NRT,279.95,0.3,N
19.39083,-155.30084,297.64,0.43,0.38,2025-01-17,1206,N20,nominal,2.0NRT,282.83,0.66,N
19.39015,-155.29683,307.16,0.43,0.38,2025-01-17,1206,N20,nominal,2.0NRT,283.09,2.18,N
19.38947,-155.29279,308.45,0.43,0.38,2025-01-17,1206,N20,nominal,2.0NRT,283.14,2.18,N
30.5697,-85.16588,328.22,0.44,0.46,2025-01-17,1817,N20,nominal,2.0NRT,292.25,11.89,D
18.42163,-70.84159,331.34,0.53,0.42,2025-01-17,1813,N20,nominal,2.0NRT,300.69,2.94,D
18.57136,-70.17345,335.17,0.39,0.44,2025-01-17,1813,N20,nominal,2.0NRT,298.96,2.29,D
18.40098,-71.75131,348,0.47,0.4,2025-01-17,1813,N20,nominal,2.0NRT,300.64,5.62,D
18.74537,-70.0358,340.43,0.39,0.44,2025-01-17,1813,N20,nominal,2.0NRT,296.04,4.24,D
18.5375,-71.65067,332.16,0.48,0.4,2025-01-17,1813,N20,nominal,2.0NRT,299,3.69,D
17.93916,-76.77005,344.32,0.4,0.37,2025-01-17,1813,N20,nominal,2.0NRT,301.54,3.12,D
17.94635,-77.00555,330.45,0.41,0.37,2025-01-17,1813,N20,low,2.0NRT,303.55,2.5,D
17.96293,-76.94564,339.27,0.41,0.37,2025-01-17,1813,N20,nominal,2.0NRT,302.77,3.88,D
17.97744,-77.00709,331.88,0.41,0.37,2025-01-17,1813,N20,low,2.0NRT,303.15,3.44,D
17.98083,-77.00768,336.17,0.41,0.37,2025-01-17,1813,N20,nominal,2.0NRT,304.37,3.44,D
17.97224,-77.06134,338,0.41,0.37,2025-01-17,1813,N20,nominal,2.0NRT,303.3,2.54,D
17.98179,-77.0081,340.43,0.41,0.37,2025-01-17,1813,N20,nominal,2.0NRT,304.08,4.47,D
17.97303,-77.0617,342.9,0.41,0.37,2025-01-17,1813,N20,nominal,2.0NRT,303.85,4.91,D
17.98518,-77.00869,336.85,0.41,0.37,2025-01-17,1813,N20,nominal,2.0NRT,302.14,4.47,D
18.73409,-71.9958,333.38,0.46,0.39,2025-01-17,1813,N20,nominal,2.0NRT,301.17,18.76,D
18.73353,-72.00002,331.39,0.46,0.39,2025-01-17,1813,N20,nominal,2.0NRT,301.92,7.56,D
18.7377,-71.99635,338.89,0.46,0.39,2025-01-17,1813,N20,nominal,2.0NRT,304.98,18.76,D
18.73714,-72.00051,336.39,0.46,0.39,2025-01-17,1813,N20,nominal,2.0NRT,305,7.56,D
18.82801,-72.07428,332.78,0.46,0.39,2025-01-17,1813,N20,low,2.0NRT,304.54,4.08,D
18.82247,-72.36093,338.68,0.45,0.39,2025-01-17,1813,N20,nominal,2.0NRT,300.42,4,D
18.82196,-72.36465,343.77,0.45,0.39,2025-01-17,1813,N20,nominal,2.0NRT,305.36,7.81,D
18.03344,-77.78573,332.56,0.43,0.38,2025-01-17,1813,N20,nominal,2.0NRT,299.85,3.96,D
19.09732,-72.46097,335.66,0.45,0.39,2025-01-17,1813,N20,nominal,2.0NRT,307.17,5.46,D
18.26832,-78.14344,347.23,0.45,0.39,2025-01-17,1813,N20,nominal,2.0NRT,297.97,8.26,D
19.29955,-72.53917,332.7,0.45,0.39,2025-01-17,1813,N20,low,2.0NRT,304.85,2.36,D
19.96682,-75.85429,331.46,0.38,0.36,2025-01-17,1815,N20,nominal,2.0NRT,301.85,2.04,D
20.17716,-75.11194,352.54,0.39,0.36,2025-01-17,1815,N20,nominal,2.0NRT,303.35,8.48,D
19.92652,-77.10661,330.55,0.4,0.37,2025-01-17,1815,N20,nominal,2.0NRT,302.08,2.43,D
20.24325,-75.23943,331.4,0.39,0.36,2025-01-17,1815,N20,low,2.0NRT,302.2,2.75,D
20.23456,-75.34298,335.18,0.38,0.36,2025-01-17,1815,N20,nominal,2.0NRT,304.65,4.22,D
20.15534,-75.99919,333.74,0.38,0.36,2025-01-17,1815,N20,nominal,2.0NRT,295.92,1.84,D
20.24603,-75.64808,343.89,0.38,0.36,2025-01-17,1815,N20,nominal,2.0NRT,304.08,3.43,D
20.19192,-77.13191,332.5,0.4,0.37,2025-01-17,1815,N20,nominal,2.0NRT,300.4,3.4,D
20.46004,-75.94062,336.09,0.38,0.36,2025-01-17,1815,N20,nominal,2.0NRT,296.21,6.27,D
20.30659,-77.00925,345.85,0.4,0.37,2025-01-17,1815,N20,nominal,2.0NRT,301.1,5.89,D
20.30993,-77.00985,339.31,0.4,0.37,2025-01-17,1815,N20,nominal,2.0NRT,299.55,7.71,D
20.38732,-76.82375,341.07,0.39,0.36,2025-01-17,1815,N20,nominal,2.0NRT,305.43,4.77,D
20.39064,-76.82435,346.36,0.39,0.36,2025-01-17,1815,N20,nominal,2.0NRT,303.33,4.77,D
20.39006,-76.82807,331.83,0.39,0.36,2025-01-17,1815,N20,nominal,2.0NRT,302.11,2.9,D
20.55078,-75.92625,335.83,0.38,0.36,2025-01-17,1815,N20,nominal,2.0NRT,293.96,3.26,D
20.43497,-76.7365,334.64,0.39,0.36,2025-01-17,1815,N20,nominal,2.0NRT,301.31,5.1,D
20.41407,-76.8897,339.16,0.39,0.36,2025-01-17,1815,N20,nominal,2.0NRT,299.19,3.46,D
20.4301,-76.89641,333.1,0.39,0.36,2025-01-17,1815,N20,nominal,2.0NRT,300.02,2.42,D
20.42892,-76.90387,337.05,0.39,0.36,2025-01-17,1815,N20,nominal,2.0NRT,303.09,6.1,D
20.52557,-76.3316,339.01,0.39,0.36,2025-01-17,1815,N20,nominal,2.0NRT,301.58,3.91,D
20.525,-76.33528,356.14,0.39,0.36,2025-01-17,1815,N20,nominal,2.0NRT,303.09,11.12,D
20.44459,-76.89131,333.69,0.39,0.36,2025-01-17,1815,N20,nominal,2.0NRT,300.66,3.01,D
20.44103,-76.91372,337.33,0.39,0.36,2025-01-17,1815,N20,nominal,2.0NRT,298.5,2.72,D
20.45714,-76.85519,346.81,0.39,0.36,2025-01-17,1815,N20,nominal,2.0NRT,303.65,44.32,D
20.45987,-76.85951,367,0.39,0.36,2025-01-17,1815,N20,high,2.0NRT,300.09,44.32,D
20.45928,-76.86324,367,0.39,0.36,2025-01-17,1815,N20,high,2.0NRT,329.7,89.3,D
20.46164,-76.84832,335.21,0.39,0.36,2025-01-17,1815,N20,nominal,2.0NRT,299.34,17.75,D
20.46105,-76.85205,354.92,0.39,0.36,2025-01-17,1815,N20,nominal,2.0NRT,309.2,17.75,D
20.46046,-76.85577,342.27,0.39,0.36,2025-01-17,1815,N20,nominal,2.0NRT,305.98,44.32,D
20.45869,-76.86697,337.09,0.39,0.36,2025-01-17,1815,N20,nominal,2.0NRT,292.4,89.3,D
20.4632,-76.86011,335.65,0.39,0.36,2025-01-17,1815,N20,nominal,2.0NRT,297.98,6.32,D
20.4626,-76.86383,346.66,0.39,0.36,2025-01-17,1815,N20,nominal,2.0NRT,303.3,37.31,D
20.4677,-76.85324,332.48,0.39,0.36,2025-01-17,1815,N20,nominal,2.0NRT,301.43,3.32,D
20.49504,-76.89649,338.72,0.39,0.36,2025-01-17,1815,N20,nominal,2.0NRT,299.39,2.64,D
20.59223,-76.44933,342.53,0.39,0.36,2025-01-17,1815,N20,nominal,2.0NRT,301.6,3.57,D
20.66554,-76.89244,335.49,0.39,0.36,2025-01-17,1815,N20,nominal,2.0NRT,298.78,4.79,D
20.66886,-76.89304,330.66,0.39,0.36,2025-01-17,1815,N20,nominal,2.0NRT,301.73,3.09,D
20.68037,-76.90661,348.3,0.39,0.36,2025-01-17,1815,N20,nominal,2.0NRT,301.14,13.63,D
20.69681,-76.86736,341.46,0.39,0.36,2025-01-17,1815,N20,nominal,2.0NRT,301.29,22.93,D
20.68267,-76.95697,346.46,0.39,0.36,2025-01-17,1815,N20,nominal,2.0NRT,300.89,6.46,D
20.69575,-76.98241,332.06,0.39,0.36,2025-01-17,1815,N20,nominal,2.0NRT,299.83,3.49,D
20.69907,-76.98301,340.57,0.39,0.36,2025-01-17,1815,N20,nominal,2.0NRT,302.25,3.49,D
20.7024,-76.9836,333.33,0.39,0.36,2025-01-17,1815,N20,nominal,2.0NRT,300.04,1.81,D
20.69448,-77.05546,331.27,0.39,0.37,2025-01-17,1815,N20,nominal,2.0NRT,299.59,1.84,D
20.69388,-77.05921,335.63,0.4,0.37,2025-01-17,1815,N20,nominal,2.0NRT,302.88,4.7,D
20.69688,-77.05661,348.17,0.39,0.37,2025-01-17,1815,N20,nominal,2.0NRT,302.87,6.96,D
20.70021,-77.05721,343.28,0.39,0.37,2025-01-17,1815,N20,nominal,2.0NRT,302.89,6.96,D
20.90108,-75.78879,349.36,0.38,0.36,2025-01-17,1815,N20,nominal,2.0NRT,302.75,17.54,D
20.90438,-75.78936,347.25,0.38,0.36,2025-01-17,1815,N20,nominal,2.0NRT,300.36,17.54,D
20.89169,-76.79556,339.5,0.39,0.36,2025-01-17,1815,N20,nominal,2.0NRT,299,5.16,D
21.01595,-76.84845,340.21,0.39,0.36,2025-01-17,1815,N20,nominal,2.0NRT,302.36,6.23,D
20.9049,-78.12729,333.85,0.42,0.38,2025-01-17,1815,N20,nominal,2.0NRT,298.46,3.25,D
21.36813,-78.28298,340.58,0.42,0.38,2025-01-17,1815,N20,nominal,2.0NRT,303.28,12.76,D
21.3676,-78.28242,342.6,0.42,0.38,2025-01-17,1815,N20,nominal,2.0NRT,302.37,13.67,D
21.47774,-77.72323,333.48,0.4,0.37,2025-01-17,1815,N20,nominal,2.0NRT,299.08,3.44,D
21.62684,-78.28963,329.17,0.42,0.38,2025-01-17,1815,N20,nominal,2.0NRT,297.47,1.66,D
21.60468,-79.26006,332.76,0.46,0.39,2025-01-17,1815,N20,nominal,2.0NRT,299.39,2.31,D
21.78661,-78.19585,342.1,0.42,0.37,2025-01-17,1815,N20,nominal,2.0NRT,300.24,7.41,D
21.62641,-79.19711,346.88,0.45,0.39,2025-01-17,1815,N20,nominal,2.0NRT,300.89,12.3,D
21.65306,-79.10454,332.69,0.45,0.39,2025-01-17,1815,N20,nominal,2.0NRT,299.87,4.67,D
21.81883,-78.14893,345.33,0.41,0.37,2025-01-17,1815,N20,nominal,2.0NRT,300.94,7.64,D
21.63604,-79.24825,347.24,0.46,0.39,2025-01-17,1815,N20,nominal,2.0NRT,302.16,7.94,D
21.63531,-79.25259,333.02,0.46,0.39,2025-01-17,1815,N20,nominal,2.0NRT,300.68,5.26,D
21.6396,-79.24895,341.57,0.46,0.39,2025-01-17,1815,N20,nominal,2.0NRT,306.95,19.29,D
21.64314,-79.24965,342.53,0.46,0.39,2025-01-17,1815,N20,nominal,2.0NRT,300.9,19.29,D
21.63877,-79.24763,336.03,0.46,0.39,2025-01-17,1815,N20,nominal,2.0NRT,301.95,15.38,D
21.63801,-79.25198,336.31,0.46,0.39,2025-01-17,1815,N20,nominal,2.0NRT,302.49,22.62,D
21.64232,-79.24833,342.98,0.46,0.39,2025-01-17,1815,N20,nominal,2.0NRT,303.09,15.38,D
21.65341,-79.20573,329.89,0.45,0.39,2025-01-17,1815,N20,nominal,2.0NRT,299.85,2.25,D
21.84937,-78.09337,336.68,0.41,0.37,2025-01-17,1815,N20,nominal,2.0NRT,298.78,4.23,D
21.75637,-78.73268,329.8,0.43,0.38,2025-01-17,1815,N20,nominal,2.0NRT,296.05,2.5,D
21.76602,-78.78157,341.43,0.43,0.38,2025-01-17,1815,N20,nominal,2.0NRT,300.07,5.65,D
21.84542,-78.37141,336.32,0.42,0.38,2025-01-17,1815,N20,nominal,2.0NRT,299.86,15.91,D
21.6948,-79.26311,343.87,0.46,0.39,2025-01-17,1815,N20,nominal,2.0NRT,301.27,5.41,D
21.84884,-78.37206,333.93,0.42,0.38,2025-01-17,1815,N20,nominal,2.0NRT,297.62,15.91,D
21.69909,-79.25946,331.69,0.46,0.39,2025-01-17,1815,N20,nominal,2.0NRT,298.3,6.55,D
21.69835,-79.26381,333.86,0.46,0.39,2025-01-17,1815,N20,nominal,2.0NRT,298.73,5.41,D
21.95367,-77.96759,334.84,0.41,0.37,2025-01-17,1815,N20,nominal,2.0NRT,302.1,7.64,D
21.95304,-77.9715,351.4,0.41,0.37,2025-01-17,1815,N20,nominal,2.0NRT,300.84,7.64,D
21.86601,-78.54636,331.82,0.43,0.38,2025-01-17,1815,N20,nominal,2.0NRT,300.03,2.18,D
21.95832,-78.43372,338.64,0.42,0.38,2025-01-17,1815,N20,nominal,2.0NRT,301.01,3.6,D
21.95765,-78.43775,333.33,0.42,0.38,2025-01-17,1815,N20,nominal,2.0NRT,301,3.6,D
21.90941,-78.89846,333.67,0.44,0.38,2025-01-17,1815,N20,nominal,2.0NRT,296.79,3.45,D
21.9129,-78.89913,338.5,0.44,0.38,2025-01-17,1815,N20,nominal,2.0NRT,297.67,3.45,D
22.08063,-78.24633,335.76,0.41,0.37,2025-01-17,1815,N20,nominal,2.0NRT,297.28,5.51,D
22.15188,-78.7306,345.17,0.43,0.38,2025-01-17,1815,N20,nominal,2.0NRT,294.6,7.09,D
22.23744,-78.72113,346.24,0.43,0.38,2025-01-17,1815,N20,nominal,2.0NRT,298.1,6.15,D
22.23676,-78.72523,345.43,0.43,0.38,2025-01-17,1815,N20,nominal,2.0NRT,297.71,6.15,D
22.23539,-78.73344,328.69,0.43,0.38,2025-01-17,1815,N20,nominal,2.0NRT,296.67,3.59,D
22.24021,-78.7259,349.61,0.43,0.38,2025-01-17,1815,N20,nominal,2.0NRT,297.87,6.15,D
22.23952,-78.73,331.05,0.43,0.38,2025-01-17,1815,N20,nominal,2.0NRT,297.78,3.59,D
22.13398,-80.55671,337.8,0.52,0.41,2025-01-17,1815,N20,nominal,2.0NRT,296.96,5.52,D
22.13774,-80.5575,338.76,0.52,0.41,2025-01-17,1815,N20,nominal,2.0NRT,296.3,6.55,D
22.25017,-80.19669,332.42,0.49,0.41,2025-01-17,1815,N20,nominal,2.0NRT,295.18,5.36,D
22.25166,-80.38044,329.84,0.51,0.41,2025-01-17,1815,N20,nominal,2.0NRT,293.26,1.05,D
22.31991,-80.1473,332.77,0.49,0.4,2025-01-17,1815,N20,nominal,2.0NRT,294.23,2.78,D
22.29569,-80.48035,340.04,0.51,0.41,2025-01-17,1815,N20,nominal,2.0NRT,296.51,6.16,D
22.2966,-80.4791,332.53,0.51,0.41,2025-01-17,1815,N20,nominal,2.0NRT,295.84,4.39,D
20.98207,-87.26614,336.02,0.47,0.64,2025-01-17,1815,N20,nominal,2.0NRT,292.97,3.63,D
22.35869,-80.99506,327.75,0.54,0.42,2025-01-17,1815,N20,nominal,2.0NRT,293.54,2.88,D
22.41898,-80.81618,331.35,0.53,0.42,2025-01-17,1815,N20,nominal,2.0NRT,295.17,4.66,D
22.66674,-80.7841,344.83,0.52,0.42,2025-01-17,1815,N20,nominal,2.0NRT,292.4,10.85,D
22.66044,-80.81928,328.95,0.53,0.42,2025-01-17,1815,N20,nominal,2.0NRT,295.22,2.64,D
22.67052,-80.7849,346.94,0.52,0.42,2025-01-17,1815,N20,nominal,2.0NRT,290.26,10.85,D
22.69788,-80.8253,332,0.52,0.42,2025-01-17,1815,N20,nominal,2.0NRT,295.83,5.7,D
22.71152,-81.20792,334.68,0.55,0.43,2025-01-17,1815,N20,nominal,2.0NRT,291.6,4.74,D
22.71227,-81.20995,333.4,0.55,0.43,2025-01-17,1815,N20,nominal,2.0NRT,290.33,5.37,D
22.71521,-81.79301,348,0.39,0.44,2025-01-17,1815,N20,nominal,2.0NRT,294.78,6.29,D
22.71992,-81.79008,339.02,0.39,0.44,2025-01-17,1815,N20,nominal,2.0NRT,294.34,5.97,D
22.7192,-81.79386,341.54,0.39,0.44,2025-01-17,1815,N20,nominal,2.0NRT,297.43,9.14,D
22.83605,-81.34776,343.47,0.56,0.43,2025-01-17,1815,N20,nominal,2.0NRT,293.91,17.68,D
22.75298,-81.81297,339.6,0.4,0.44,2025-01-17,1815,N20,nominal,2.0NRT,292.91,3.04,D
22.91714,-81.21239,331.55,0.55,0.42,2025-01-17,1815,N20,nominal,2.0NRT,295.31,3.71,D
22.77532,-82.22603,330.16,0.42,0.45,2025-01-17,1815,N20,nominal,2.0NRT,293.19,2.68,D
22.76875,-82.46169,326.79,0.43,0.46,2025-01-17,1815,N20,nominal,2.0NRT,296.39,2.44,D
23.04516,-81.44274,337.34,0.56,0.43,2025-01-17,1815,N20,nominal,2.0NRT,295.84,11.14,D
27.35012,-81.83159,328.5,0.5,0.41,2025-01-17,1817,N20,nominal,2.0NRT,287.12,3.16,D
27.3492,-81.83658,329.3,0.5,0.41,2025-01-17,1817,N20,nominal,2.0NRT,287.22,3.16,D
27.35382,-81.83244,335.51,0.5,0.41,2025-01-17,1817,N20,nominal,2.0NRT,287.56,3.16,D
27.35844,-81.82831,326.76,0.5,0.41,2025-01-17,1817,N20,nominal,2.0NRT,285.04,2.75,D
27.35752,-81.83331,352.35,0.5,0.41,2025-01-17,1817,N20,nominal,2.0NRT,289.54,5.54,D
27.3566,-81.83829,342.17,0.5,0.41,2025-01-17,1817,N20,nominal,2.0NRT,283.65,5.54,D
27.35567,-81.84329,330.65,0.5,0.41,2025-01-17,1817,N20,nominal,2.0NRT,284.13,3.9,D
27.36213,-81.82916,326.75,0.5,0.41,2025-01-17,1817,N20,nominal,2.0NRT,286.28,2.75,D
27.36122,-81.83416,349.07,0.5,0.41,2025-01-17,1817,N20,nominal,2.0NRT,287.28,5.54,D
27.36029,-81.83916,339.46,0.5,0.41,2025-01-17,1817,N20,nominal,2.0NRT,283.19,5.54,D
27.35938,-81.84415,331.52,0.5,0.41,2025-01-17,1817,N20,nominal,2.0NRT,284.05,3.9,D
27.36492,-81.83501,327.31,0.5,0.41,2025-01-17,1817,N20,nominal,2.0NRT,283,3.26,D
27.364,-81.84001,332.54,0.5,0.41,2025-01-17,1817,N20,nominal,2.0NRT,284.67,3.26,D
27.4353,-81.83881,326.13,0.5,0.41,2025-01-17,1817,N20,nominal,2.0NRT,294.09,5.34,D
27.5568,-82.21449,332.18,0.52,0.42,2025-01-17,1817,N20,nominal,2.0NRT,298.19,5.93,D
27.55723,-82.21122,341.51,0.52,0.42,2025-01-17,1817,N20,nominal,2.0NRT,297.43,10.33,D
27.58337,-82.239,332.65,0.52,0.42,2025-01-17,1817,N20,nominal,2.0NRT,293.56,7.05,D
28.14879,-81.27642,325.22,0.46,0.39,2025-01-17,1817,N20,nominal,2.0NRT,295.72,3.85,D
28.14797,-81.28106,331.4,0.46,0.39,2025-01-17,1817,N20,nominal,2.0NRT,296.99,3.76,D
28.19594,-81.31399,325.62,0.46,0.39,2025-01-17,1817,N20,nominal,2.0NRT,294.35,1.69,D
28.40615,-80.80835,329.1,0.44,0.38,2025-01-17,1817,N20,nominal,2.0NRT,295.18,3.46,D
28.30826,-81.58784,333.47,0.47,0.4,2025-01-17,1817,N20,nominal,2.0NRT,295.56,3.17,D
28.63228,-81.71669,329.28,0.48,0.4,2025-01-17,1817,N20,nominal,2.0NRT,298.61,4.21,D
28.53118,-82.54751,330.96,0.52,0.42,2025-01-17,1817,N20,nominal,2.0NRT,295.64,2.7,D
28.67476,-82.02386,338.94,0.49,0.4,2025-01-17,1817,N20,nominal,2.0NRT,297.78,5.65,D
28.6785,-82.36828,336.08,0.51,0.41,2025-01-17,1817,N20,nominal,2.0NRT,298.18,4.36,D
28.95434,-80.96633,331.28,0.44,0.38,2025-01-17,1817,N20,nominal,2.0NRT,294.06,2.18,D
28.872,-81.59975,328.91,0.47,0.4,2025-01-17,1817,N20,nominal,2.0NRT,294.42,2.49,D
28.78694,-82.31176,326.85,0.5,0.41,2025-01-17,1817,N20,nominal,2.0NRT,291.97,2.81,D
28.84447,-82.16774,329.36,0.5,0.41,2025-01-17,1817,N20,nominal,2.0NRT,291.75,3.25,D
28.8647,-82.33791,326.41,0.5,0.41,2025-01-17,1817,N20,nominal,2.0NRT,294.81,2.31,D
28.88574,-82.39079,329,0.51,0.41,2025-01-17,1817,N20,nominal,2.0NRT,291.41,2.24,D
28.86337,-82.53063,332.13,0.52,0.41,2025-01-17,1817,N20,nominal,2.0NRT,296.65,4.83,D
28.96653,-82.22535,331.79,0.5,0.41,2025-01-17,1817,N20,nominal,2.0NRT,297.84,4.3,D
28.97021,-82.22623,337.13,0.5,0.41,2025-01-17,1817,N20,nominal,2.0NRT,296.82,4.3,D
29.04418,-82.06609,331.12,0.49,0.4,2025-01-17,1817,N20,nominal,2.0NRT,296.55,3.55,D
29.02813,-82.35957,333.79,0.5,0.41,2025-01-17,1817,N20,nominal,2.0NRT,293.4,3.58,D
29.03183,-82.36047,337.26,0.5,0.41,2025-01-17,1817,N20,nominal,2.0NRT,291.9,3.58,D
29.10823,-82.47697,328.11,0.51,0.41,2025-01-17,1817,N20,nominal,2.0NRT,296.43,3.75,D
29.1539,-82.41866,331.36,0.5,0.41,2025-01-17,1817,N20,nominal,2.0NRT,291.65,2.31,D
29.3365,-82.32502,331.73,0.5,0.41,2025-01-17,1817,N20,nominal,2.0NRT,296.02,9.66,D
29.30515,-82.51344,326.85,0.51,0.41,2025-01-17,1817,N20,low,2.0NRT,297.54,2.78,D
29.43876,-82.8016,329.08,0.52,0.42,2025-01-17,1817,N20,nominal,2.0NRT,294.82,1.88,D
29.50001,-82.56123,333.19,0.51,0.41,2025-01-17,1817,N20,nominal,2.0NRT,294.26,7.22,D
29.59071,-82.66132,332.67,0.51,0.41,2025-01-17,1817,N20,nominal,2.0NRT,298.96,3.81,D
29.86967,-82.16015,335.27,0.48,0.4,2025-01-17,1817,N20,nominal,2.0NRT,293.87,6.72,D
29.87328,-82.16103,346.81,0.48,0.4,2025-01-17,1817,N20,nominal,2.0NRT,299.19,6.72,D
29.87009,-82.15794,331.31,0.48,0.4,2025-01-17,1817,N20,nominal,2.0NRT,293.99,3.58,D
29.83608,-82.3398,329.11,0.49,0.4,2025-01-17,1817,N20,nominal,2.0NRT,292.77,2.64,D
29.8737,-82.15881,339.06,0.48,0.4,2025-01-17,1817,N20,nominal,2.0NRT,294.37,5.83,D
29.9462,-81.98969,339.31,0.47,0.4,2025-01-17,1817,N20,nominal,2.0NRT,296.15,5.85,D
30.02033,-82.64858,329.92,0.5,0.41,2025-01-17,1817,N20,nominal,2.0NRT,293.73,3.93,D
29.95214,-83.50623,331.21,0.55,0.43,2025-01-17,1817,N20,nominal,2.0NRT,292.39,3.96,D
29.95252,-83.50785,329.97,0.55,0.43,2025-01-17,1817,N20,nominal,2.0NRT,292.09,3.39,D
30.06668,-83.22972,326.39,0.53,0.42,2025-01-17,1817,N20,nominal,2.0NRT,295.94,2.67,D
30.08524,-83.59724,330.63,0.56,0.43,2025-01-17,1817,N20,nominal,2.0NRT,295.13,9.18,D
30.08414,-83.6029,341.58,0.56,0.43,2025-01-17,1817,N20,nominal,2.0NRT,296.45,9.18,D
29.99123,-84.57697,332.19,0.42,0.45,2025-01-17,1817,N20,nominal,2.0NRT,290.62,2.25,D
30.32855,-82.88281,329.75,0.51,0.41,2025-01-17,1817,N20,nominal,2.0NRT,296.87,5.02,D
30.40438,-82.85647,328.48,0.51,0.41,2025-01-17,1817,N20,nominal,2.0NRT,292.63,3.01,D
30.5814,-81.92843,332.28,0.46,0.39,2025-01-17,1817,N20,nominal,2.0NRT,297.33,4.55,D
30.40708,-82.86259,328.48,0.51,0.41,2025-01-17,1817,N20,nominal,2.0NRT,291.65,6.54,D
30.58495,-81.92928,336.06,0.46,0.39,2025-01-17,1817,N20,nominal,2.0NRT,296.56,4.55,D
30.54609,-82.28396,331.76,0.47,0.4,2025-01-17,1817,N20,nominal,2.0NRT,297.81,23.56,D
30.68855,-81.72129,329.47,0.45,0.39,2025-01-17,1817,N20,nominal,2.0NRT,293.97,2.98,D
30.44209,-83.06847,345.35,0.52,0.41,2025-01-17,1817,N20,nominal,2.0NRT,296.28,7.18,D
30.44583,-83.06941,326.14,0.52,0.41,2025-01-17,1817,N20,nominal,2.0NRT,293.83,3.51,D
30.34627,-83.59214,336.41,0.55,0.43,2025-01-17,1817,N20,nominal,2.0NRT,297.34,6.06,D
30.37641,-83.47697,327.57,0.54,0.42,2025-01-17,1817,N20,nominal,2.0NRT,295.38,1.97,D
30.0495,-85.18748,345.77,0.45,0.47,2025-01-17,1817,N20,nominal,2.0NRT,292.53,6.13,D
30.28357,-84.07419,338.95,0.39,0.44,2025-01-17,1817,N20,nominal,2.0NRT,296.32,12.3,D
30.28277,-84.07816,353.42,0.39,0.44,2025-01-17,1817,N20,nominal,2.0NRT,301.04,12.3,D
30.28751,-84.07523,328.45,0.39,0.44,2025-01-17,1817,N20,nominal,2.0NRT,292.72,3.03,D
30.28672,-84.0792,329.6,0.39,0.44,2025-01-17,1817,N20,nominal,2.0NRT,291.7,3.03,D
30.45515,-83.49303,338.38,0.54,0.42,2025-01-17,1817,N20,nominal,2.0NRT,292.28,4.37,D
30.45408,-83.49858,325.61,0.54,0.42,2025-01-17,1817,N20,nominal,2.0NRT,289.3,4.37,D
30.42048,-83.79771,333.94,0.56,0.43,2025-01-17,1817,N20,nominal,2.0NRT,292.05,5.92,D
30.36359,-84.26353,342.09,0.4,0.44,2025-01-17,1817,N20,nominal,2.0NRT,295.17,5.95,D
30.82731,-82.08713,329.93,0.46,0.39,2025-01-17,1817,N20,nominal,2.0NRT,290.68,3.27,D
30.65563,-83.01667,325.38,0.51,0.41,2025-01-17,1817,N20,nominal,2.0NRT,290.76,1.78,D
30.34616,-85.13995,337.98,0.44,0.46,2025-01-17,1817,N20,nominal,2.0NRT,299.53,4.4,D
30.7207,-83.27364,328.74,0.52,0.42,2025-01-17,1817,N20,nominal,2.0NRT,291.05,4.46,D
30.7032,-83.36534,326.03,0.53,0.42,2025-01-17,1817,N20,nominal,2.0NRT,292.85,3.41,D
31.08036,-81.75499,354.61,0.44,0.39,2025-01-17,1817,N20,nominal,2.0NRT,294.82,11.45,D
31.08304,-81.76043,345.1,0.45,0.39,2025-01-17,1817,N20,nominal,2.0NRT,292.29,11.45,D
30.81626,-83.24445,325.62,0.52,0.42,2025-01-17,1817,N20,nominal,2.0NRT,289.93,1.84,D
30.86592,-83.00356,343.62,0.51,0.41,2025-01-17,1817,N20,nominal,2.0NRT,297.13,8.49,D
30.86493,-83.00877,328.12,0.51,0.41,2025-01-17,1817,N20,nominal,2.0NRT,291.79,8.49,D
30.42726,-85.61136,367,0.47,0.48,2025-01-17,1817,N20,high,2.0NRT,299.1,12.32,D
30.42827,-85.60661,337.11,0.47,0.48,2025-01-17,1817,N20,nominal,2.0NRT,294.9,6.48,D
30.93659,-83.12827,335.53,0.51,0.41,2025-01-17,1817,N20,nominal,2.0NRT,296.43,6.68,D
30.74426,-84.13589,325.17,0.39,0.44,2025-01-17,1817,N20,nominal,2.0NRT,291.11,1.36,D
30.63784,-84.79037,337.99,0.42,0.45,2025-01-17,1817,N20,nominal,2.0NRT,293.3,3.78,D
30.56138,-85.16357,340.77,0.44,0.46,2025-01-17,1817,N20,nominal,2.0NRT,294.51,3.03,D
30.64278,-84.78722,339.04,0.42,0.45,2025-01-17,1817,N20,nominal,2.0NRT,291.85,5.08,D
30.6419,-84.7915,331.39,0.42,0.45,2025-01-17,1817,N20,nominal,2.0NRT,292.35,3.88,D
30.56554,-85.16473,343.49,0.44,0.46,2025-01-17,1817,N20,nominal,2.0NRT,295.44,11.89,D
30.56461,-85.16926,352.48,0.44,0.46,2025-01-17,1817,N20,nominal,2.0NRT,299.09,22.42,D
30.77565,-84.16521,337.9,0.39,0.44,2025-01-17,1817,N20,nominal,2.0NRT,291.4,2.38,D
30.48061,-85.61625,354.01,0.47,0.48,2025-01-17,1817,N20,nominal,2.0NRT,297.8,8.41,D
30.47962,-85.62103,346.01,0.47,0.48,2025-01-17,1817,N20,nominal,2.0NRT,294.64,8.41,D
30.48489,-85.61746,342.61,0.47,0.48,2025-01-17,1817,N20,nominal,2.0NRT,296.69,8.41,D
30.48389,-85.62224,343.12,0.47,0.48,2025-01-17,1817,N20,nominal,2.0NRT,293.7,8.41,D
30.48289,-85.62704,344.18,0.47,0.48,2025-01-17,1817,N20,nominal,2.0NRT,297.55,9.25,D
30.94915,-83.30936,326.07,0.52,0.42,2025-01-17,1817,N20,nominal,2.0NRT,292.46,1.8,D
30.48916,-85.6187,329.92,0.47,0.48,2025-01-17,1817,N20,nominal,2.0NRT,288.81,6.99,D
30.48718,-85.62817,350.69,0.47,0.48,2025-01-17,1817,N20,nominal,2.0NRT,296.44,8.9,D
30.48617,-85.63298,337.71,0.47,0.48,2025-01-17,1817,N20,nominal,2.0NRT,294.59,8.9,D
30.49145,-85.62943,349.3,0.47,0.48,2025-01-17,1817,N20,nominal,2.0NRT,298.12,8.9,D
30.49046,-85.63419,331.89,0.47,0.48,2025-01-17,1817,N20,nominal,2.0NRT,296.41,8.9,D
30.49572,-85.63066,341.15,0.47,0.48,2025-01-17,1817,N20,nominal,2.0NRT,290.53,5.49,D
30.49473,-85.63542,330.17,0.47,0.48,2025-01-17,1817,N20,nominal,2.0NRT,293.12,5.49,D
30.99562,-83.18745,334.9,0.51,0.41,2025-01-17,1817,N20,nominal,2.0NRT,293.26,8.92,D
31.00033,-83.18315,345.16,0.51,0.41,2025-01-17,1817,N20,nominal,2.0NRT,295.56,11.35,D
30.84814,-83.91917,327.13,0.56,0.43,2025-01-17,1817,N20,nominal,2.0NRT,291.16,2.67,D
30.99649,-83.18454,335.54,0.51,0.41,2025-01-17,1817,N20,nominal,2.0NRT,295,11.31,D
31.00021,-83.18549,347.49,0.51,0.41,2025-01-17,1817,N20,nominal,2.0NRT,297.23,11.31,D
31.00393,-83.18644,325.12,0.51,0.41,2025-01-17,1817,N20,nominal,2.0NRT,290.72,2.39,D
31.00895,-83.34386,346.83,0.52,0.42,2025-01-17,1817,N20,nominal,2.0NRT,293.65,9.75,D
29.59991,-89.88602,329.46,0.44,0.62,2025-01-17,1817,N20,nominal,2.0NRT,287.12,1.84,D
30.73738,-84.92599,367,0.42,0.46,2025-01-17,1817,N20,high,2.0NRT,295.9,9.21,D
31.04034,-83.38577,330.32,0.52,0.42,2025-01-17,1817,N20,nominal,2.0NRT,295.84,8.54,D
30.7365,-84.93034,340.64,0.43,0.46,2025-01-17,1817,N20,nominal,2.0NRT,290.35,9.21,D
30.74146,-84.92719,331.38,0.42,0.46,2025-01-17,1817,N20,nominal,2.0NRT,288.52,4.4,D
30.74059,-84.93151,343.71,0.43,0.46,2025-01-17,1817,N20,nominal,2.0NRT,290.46,4.4,D
30.81363,-84.63252,343.15,0.41,0.45,2025-01-17,1817,N20,nominal,2.0NRT,295.21,5.01,D
31.01397,-83.63855,332.91,0.54,0.42,2025-01-17,1817,N20,nominal,2.0NRT,289.64,4.4,D
30.82313,-84.64709,338.27,0.41,0.45,2025-01-17,1817,N20,low,2.0NRT,312.15,57.53,D
30.82228,-84.65127,335.4,0.41,0.45,2025-01-17,1817,N20,nominal,2.0NRT,294.01,9.11,D
31.39524,-81.73048,347.51,0.44,0.38,2025-01-17,1817,N20,nominal,2.0NRT,295.06,16.54,D
31.39361,-81.73962,355.94,0.44,0.38,2025-01-17,1817,N20,nominal,2.0NRT,300.83,11.57,D
31.39872,-81.73133,349.33,0.44,0.38,2025-01-17,1817,N20,nominal,2.0NRT,293.94,16.51,D
31.39791,-81.73589,330.75,0.44,0.38,2025-01-17,1817,N20,nominal,2.0NRT,293.09,16.51,D
31.39709,-81.74045,337.41,0.44,0.38,2025-01-17,1817,N20,nominal,2.0NRT,299.51,29.4,D
31.40301,-81.72762,340.23,0.44,0.38,2025-01-17,1817,N20,nominal,2.0NRT,296.99,16.72,D
31.36628,-82.21861,328.21,0.46,0.39,2025-01-17,1817,N20,nominal,2.0NRT,290.14,3.09,D
31.36542,-82.22338,329.05,0.46,0.39,2025-01-17,1817,N20,nominal,2.0NRT,292.29,3.09,D
31.36897,-82.22426,327.88,0.46,0.39,2025-01-17,1817,N20,nominal,2.0NRT,290.19,2.32,D
30.69948,-85.96946,341.57,0.49,0.48,2025-01-17,1817,N20,nominal,2.0NRT,299.94,23.83,D
30.70381,-85.97074,339.95,0.49,0.48,2025-01-17,1817,N20,nominal,2.0NRT,288.65,23.83,D
30.70276,-85.97565,327.2,0.49,0.48,2025-01-17,1817,N20,nominal,2.0NRT,291.85,23.83,D
31.41875,-82.40977,325.86,0.47,0.4,2025-01-17,1817,N20,nominal,2.0NRT,294.68,2.16,D
31.17139,-83.72256,336.84,0.54,0.42,2025-01-17,1817,N20,nominal,2.0NRT,289,7.31,D
31.42233,-82.41066,347.61,0.47,0.4,2025-01-17,1817,N20,nominal,2.0NRT,294.52,8.29,D
30.85353,-85.32542,341.34,0.44,0.46,2025-01-17,1817,N20,nominal,2.0NRT,290.97,3.74,D
31.16213,-83.95722,347.8,0.56,0.43,2025-01-17,1817,N20,nominal,2.0NRT,297.53,13.86,D
31.16102,-83.96295,343.41,0.56,0.43,2025-01-17,1817,N20,nominal,2.0NRT,298.3,13.86,D
31.16599,-83.95826,330.95,0.56,0.43,2025-01-17,1817,N20,nominal,2.0NRT,295.14,13.86,D
31.16488,-83.96398,341.26,0.56,0.43,2025-01-17,1817,N20,nominal,2.0NRT,295.35,13.86,D
31.16615,-83.95972,343.64,0.56,0.43,2025-01-17,1817,N20,nominal,2.0NRT,293.54,8.86,D
31.16501,-83.96543,332.5,0.56,0.43,2025-01-17,1817,N20,nominal,2.0NRT,292.88,8.25,D
31.40483,-82.85261,336.02,0.49,0.4,2025-01-17,1817,N20,nominal,2.0NRT,294.29,6.41,D
31.07552,-84.63467,325.1,0.4,0.44,2025-01-17,1817,N20,nominal,2.0NRT,291.59,1.18,D
31.07468,-84.63881,328.36,0.4,0.45,2025-01-17,1817,N20,nominal,2.0NRT,291.95,2.76,D
31.22414,-83.93314,331.71,0.55,0.43,2025-01-17,1817,N20,nominal,2.0NRT,288.71,3.94,D
31.51174,-82.50125,334.43,0.47,0.4,2025-01-17,1817,N20,nominal,2.0NRT,292.89,4.5,D
31.38393,-83.20779,343.96,0.51,0.41,2025-01-17,1817,N20,nominal,2.0NRT,293.85,9.7,D
31.35589,-83.35546,325.79,0.52,0.41,2025-01-17,1817,N20,low,2.0NRT,296.8,11.35,D
31.41924,-83.20584,336.02,0.51,0.41,2025-01-17,1817,N20,nominal,2.0NRT,294.32,5.47,D
30.96164,-85.52817,337,0.45,0.47,2025-01-17,1817,N20,nominal,2.0NRT,290.27,2.52,D
31.59406,-82.33522,329.01,0.46,0.39,2025-01-17,1817,N20,nominal,2.0NRT,292.13,3.52,D
31.59604,-82.33446,332.59,0.46,0.39,2025-01-17,1817,N20,nominal,2.0NRT,292.73,3.4,D
30.96032,-85.52724,331.56,0.45,0.47,2025-01-17,1817,N20,nominal,2.0NRT,289.91,1.65,D
30.95213,-85.73384,339.91,0.47,0.47,2025-01-17,1817,N20,nominal,2.0NRT,293.73,5.9,D
31.64019,-82.27565,345.09,0.46,0.39,2025-01-17,1817,N20,nominal,2.0NRT,295.91,8.29,D
30.95436,-85.74461,331.62,0.47,0.48,2025-01-17,1817,N20,nominal,2.0NRT,290.66,4.56,D
31.14954,-84.83161,329.62,0.41,0.45,2025-01-17,1817,N20,nominal,2.0NRT,295.19,2.35,D
31.40574,-83.62647,329.94,0.53,0.42,2025-01-17,1817,N20,nominal,2.0NRT,291.52,8.98,D
31.53172,-83.00526,329.82,0.49,0.41,2025-01-17,1817,N20,nominal,2.0NRT,293.52,8.27,D
31.49432,-83.24507,328.47,0.51,0.41,2025-01-17,1817,N20,nominal,2.0NRT,290.68,2.82,D
31.06012,-85.54047,339.55,0.45,0.47,2025-01-17,1817,N20,nominal,2.0NRT,292.6,4.34,D
31.06432,-85.54166,340.4,0.45,0.47,2025-01-17,1817,N20,nominal,2.0NRT,291.46,7.01,D
31.53878,-83.15272,333.96,0.5,0.41,2025-01-17,1817,N20,nominal,2.0NRT,290.67,3.69,D
31.42257,-83.78746,327.1,0.54,0.42,2025-01-17,1817,N20,nominal,2.0NRT,289.93,3.61,D
31.4214,-83.78294,332.79,0.54,0.42,2025-01-17,1817,N20,nominal,2.0NRT,290.29,2.73,D
31.02418,-85.80722,336.09,0.47,0.48,2025-01-17,1817,N20,nominal,2.0NRT,293.68,6.64,D
31.60247,-83.0094,345.73,0.49,0.4,2025-01-17,1817,N20,nominal,2.0NRT,298.62,8.66,D
31.51353,-83.4744,333.52,0.52,0.41,2025-01-17,1817,N20,nominal,2.0NRT,289.79,3.96,D
31.60613,-83.01034,334.64,0.49,0.4,2025-01-17,1817,N20,nominal,2.0NRT,294.02,8.66,D
31.51726,-83.4754,333.65,0.52,0.41,2025-01-17,1817,N20,nominal,2.0NRT,288.73,3.96,D
31.59604,-83.18575,332.03,0.5,0.41,2025-01-17,1817,N20,nominal,2.0NRT,292.24,7.57,D
29.99903,-90.40395,351.89,0.46,0.63,2025-01-17,1817,N20,nominal,2.0NRT,287.95,7.51,D
30.90325,-86.62091,345.86,0.53,0.5,2025-01-17,1817,N20,nominal,2.0NRT,288.04,13.05,D
30.90209,-86.6262,355.82,0.53,0.5,2025-01-17,1817,N20,nominal,2.0NRT,291.35,13.05,D
30.90657,-86.62753,339.37,0.53,0.5,2025-01-17,1817,N20,nominal,2.0NRT,286.88,13.37,D
31.46614,-84.0684,335.43,0.56,0.43,2025-01-17,1817,N20,nominal,2.0NRT,291.03,3.12,D
31.9958,-81.40961,333.08,0.42,0.38,2025-01-17,1817,N20,nominal,2.0NRT,289.65,4.97,D
31.99503,-81.41402,334.54,0.42,0.38,2025-01-17,1817,N20,nominal,2.0NRT,289.82,4.97,D
31.99999,-81.40601,342.06,0.42,0.38,2025-01-17,1817,N20,nominal,2.0NRT,288.94,7.17,D
31.99922,-81.41043,346.24,0.42,0.38,2025-01-17,1817,N20,nominal,2.0NRT,289.9,4.97,D
31.99845,-81.41484,349.29,0.42,0.38,2025-01-17,1817,N20,nominal,2.0NRT,290.09,4.97,D
31.99768,-81.41927,337.98,0.42,0.38,2025-01-17,1817,N20,nominal,2.0NRT,289.66,5.28,D
31.99691,-81.42368,341.1,0.42,0.38,2025-01-17,1817,N20,nominal,2.0NRT,292.17,5.28,D
31.61801,-83.48149,333.35,0.52,0.41,2025-01-17,1817,N20,nominal,2.0NRT,291.1,5.8,D
31.61698,-83.48681,336.38,0.52,0.41,2025-01-17,1817,N20,nominal,2.0NRT,296.24,5.8,D
31.55101,-83.82499,328.72,0.54,0.42,2025-01-17,1817,N20,nominal,2.0NRT,291.29,2.05,D
32.00341,-81.40682,345.08,0.42,0.38,2025-01-17,1817,N20,nominal,2.0NRT,288.41,5.43,D
32.00264,-81.41125,343.08,0.42,0.38,2025-01-17,1817,N20,nominal,2.0NRT,288.47,5.47,D
32.00187,-81.41566,346.23,0.42,0.38,2025-01-17,1817,N20,nominal,2.0NRT,289.21,5.47,D
32.0011,-81.42008,335.2,0.42,0.38,2025-01-17,1817,N20,nominal,2.0NRT,288.37,4.97,D
31.62175,-83.48248,331.96,0.52,0.41,2025-01-17,1817,N20,nominal,2.0NRT,288.89,14.6,D
31.62072,-83.4878,351.58,0.52,0.41,2025-01-17,1817,N20,nominal,2.0NRT,294.85,14.6,D
31.61968,-83.49313,331.67,0.52,0.41,2025-01-17,1817,N20,nominal,2.0NRT,291.08,9.94,D
31.61865,-83.4985,346.9,0.52,0.41,2025-01-17,1817,N20,nominal,2.0NRT,295.42,9.94,D
31.61761,-83.50386,338.56,0.52,0.41,2025-01-17,1817,N20,nominal,2.0NRT,296.2,6.8,D
32.00683,-81.40764,346.09,0.42,0.38,2025-01-17,1817,N20,nominal,2.0NRT,287.43,5.43,D
32.00607,-81.41206,333.89,0.42,0.38,2025-01-17,1817,N20,nominal,2.0NRT,286.56,5.47,D
31.62342,-83.49413,351.72,0.52,0.41,2025-01-17,1817,N20,nominal,2.0NRT,290.25,9.94,D
31.62135,-83.50484,327.47,0.52,0.41,2025-01-17,1817,N20,nominal,2.0NRT,289,6.8,D
31.50997,-84.09411,330.37,0.56,0.43,2025-01-17,1817,N20,nominal,2.0NRT,294,5.94,D
31.3922,-84.68011,329.58,0.4,0.44,2025-01-17,1817,N20,nominal,2.0NRT,290.49,2.3,D
31.86992,-82.48345,335.9,0.46,0.39,2025-01-17,1817,N20,nominal,2.0NRT,293.74,9.54,D
32.0812,-81.30634,329.58,0.42,0.38,2025-01-17,1817,N20,nominal,2.0NRT,290.04,1.77,D
31.72036,-83.31341,327.81,0.51,0.41,2025-01-17,1817,N20,nominal,2.0NRT,290.73,2.91,D
30.85103,-87.59811,350.97,0.6,0.53,2025-01-17,1817,N20,nominal,2.0NRT,270.25,10,D
31.65037,-83.85914,343.97,0.54,0.42,2025-01-17,1817,N20,nominal,2.0NRT,290.61,7.02,D
30.84995,-87.59863,335.92,0.6,0.53,2025-01-17,1817,N20,nominal,2.0NRT,271.98,4.21,D
31.68984,-83.67811,329.46,0.53,0.42,2025-01-17,1817,N20,nominal,2.0NRT,290.07,3.29,D
30.91157,-87.4181,336.22,0.58,0.52,2025-01-17,1817,N20,nominal,2.0NRT,277.05,8.18,D
31.80917,-83.15874,340.34,0.5,0.41,2025-01-17,1817,N20,nominal,2.0NRT,292.97,8.49,D
31.8082,-83.16387,332.45,0.5,0.41,2025-01-17,1817,N20,nominal,2.0NRT,293.31,5.9,D
31.81284,-83.15968,344.34,0.5,0.41,2025-01-17,1817,N20,nominal,2.0NRT,291.47,8.49,D
31.98307,-82.26008,340.67,0.45,0.39,2025-01-17,1817,N20,nominal,2.0NRT,296.23,26.81,D
31.98222,-82.26479,340.63,0.45,0.39,2025-01-17,1817,N20,nominal,2.0NRT,304.04,26.81,D
31.81651,-83.16064,327.65,0.5,0.41,2025-01-17,1817,N20,nominal,2.0NRT,288.48,3.15,D
31.9866,-82.26095,336.93,0.45,0.39,2025-01-17,1817,N20,nominal,2.0NRT,300.19,26.81,D
31.78669,-83.33833,336.47,0.51,0.41,2025-01-17,1817,N20,nominal,2.0NRT,289.8,4.32,D
31.11477,-86.619,335.67,0.52,0.5,2025-01-17,1817,N20,nominal,2.0NRT,270.54,6.47,D
31.79039,-83.33929,345.06,0.51,0.41,2025-01-17,1817,N20,nominal,2.0NRT,293.15,10.16,D
31.79409,-83.34023,343.22,0.51,0.41,2025-01-17,1817,N20,nominal,2.0NRT,293.26,10.16,D
31.7931,-83.34547,344.2,0.51,0.41,2025-01-17,1817,N20,nominal,2.0NRT,296.3,16.17,D
31.35909,-85.5212,336.72,0.45,0.47,2025-01-17,1817,N20,nominal,2.0NRT,288.25,5.4,D
31.64944,-84.15112,328.91,0.56,0.43,2025-01-17,1817,N20,nominal,2.0NRT,290.11,2.42,D
31.64581,-84.21109,351.07,0.56,0.43,2025-01-17,1817,N20,nominal,2.0NRT,296.75,32.06,D
31.75388,-83.69508,327.12,0.53,0.42,2025-01-17,1817,N20,nominal,2.0NRT,291.27,2.97,D
32.07759,-81.97696,334.06,0.44,0.38,2025-01-17,1817,N20,nominal,2.0NRT,293.19,7.34,D
31.58736,-84.61171,350.39,0.39,0.44,2025-01-17,1817,N20,nominal,2.0NRT,297.62,18.8,D
31.99307,-82.5119,332.38,0.46,0.39,2025-01-17,1817,N20,nominal,2.0NRT,292.4,4.74,D
32.32262,-80.67708,338.21,0.4,0.37,2025-01-17,1817,N20,nominal,2.0NRT,291.99,3.27,D
32.14072,-81.89043,335.09,0.44,0.38,2025-01-17,1817,N20,nominal,2.0NRT,292.99,7.07,D
31.94841,-82.94115,342.57,0.48,0.4,2025-01-17,1817,N20,nominal,2.0NRT,295.35,11.67,D
31.95298,-82.93707,342.18,0.48,0.4,2025-01-17,1817,N20,nominal,2.0NRT,301.76,29.88,D
32.0465,-82.4728,351.84,0.46,0.39,2025-01-17,1817,N20,nominal,2.0NRT,304.91,16.29,D
32.24489,-81.37912,329.23,0.42,0.38,2025-01-17,1817,N20,nominal,2.0NRT,291.74,1.91,D
32.05006,-82.47371,328.14,0.46,0.39,2025-01-17,1817,N20,nominal,2.0NRT,289.61,16.29,D
31.94872,-83.02063,332.09,0.49,0.4,2025-01-17,1817,N20,nominal,2.0NRT,294.01,6.88,D
31.33042,-86.30542,355.34,0.49,0.49,2025-01-17,1817,N20,nominal,2.0NRT,295.47,11.69,D
31.32935,-86.31042,337.33,0.49,0.49,2025-01-17,1817,N20,nominal,2.0NRT,292.82,11.69,D
31.44127,-85.80341,328.22,0.46,0.47,2025-01-17,1817,N20,nominal,2.0NRT,291.01,3.63,D
31.44028,-85.80815,343.33,0.46,0.47,2025-01-17,1817,N20,nominal,2.0NRT,289.86,5.47,D
31.43928,-85.81291,331.32,0.46,0.47,2025-01-17,1817,N20,nominal,2.0NRT,289.21,5.47,D
31.4425,-85.819,325.17,0.46,0.47,2025-01-17,1817,N20,nominal,2.0NRT,289.49,2.7,D
32.06368,-82.66459,330.32,0.47,0.4,2025-01-17,1817,N20,nominal,2.0NRT,293.93,2.36,D
31.44873,-85.81068,340.71,0.46,0.47,2025-01-17,1817,N20,nominal,2.0NRT,289.11,5.65,D
31.44773,-85.81548,337.65,0.46,0.47,2025-01-17,1817,N20,nominal,2.0NRT,290.43,5.65,D
31.45037,-85.81484,346.14,0.46,0.47,2025-01-17,1817,N20,nominal,2.0NRT,291.03,11.48,D
31.69243,-84.8696,338.87,0.4,0.45,2025-01-17,1817,N20,nominal,2.0NRT,294.15,7.22,D
31.92166,-83.73875,342.34,0.53,0.42,2025-01-17,1817,N20,nominal,2.0NRT,290.41,7.4,D
30.76712,-89.15711,356.22,0.37,0.58,2025-01-17,1817,N20,nominal,2.0NRT,289.57,15.05,D
32.49522,-80.75615,340.59,0.4,0.37,2025-01-17,1817,N20,nominal,2.0NRT,293.73,9.97,D
32.0729,-83.18942,341.97,0.49,0.41,2025-01-17,1817,N20,nominal,2.0NRT,293.61,13.5,D
31.48793,-86.12709,352.09,0.48,0.48,2025-01-17,1817,N20,nominal,2.0NRT,293.63,20.93,D
31.48689,-86.13199,333.53,0.48,0.48,2025-01-17,1817,N20,nominal,2.0NRT,293.13,20.93,D
31.49224,-86.12834,339.1,0.48,0.48,2025-01-17,1817,N20,nominal,2.0NRT,286.74,7.11,D
31.49121,-86.13324,339.48,0.48,0.48,2025-01-17,1817,N20,nominal,2.0NRT,289,7.11,D
32.42674,-81.26681,337.51,0.42,0.37,2025-01-17,1817,N20,nominal,2.0NRT,291.29,6.88,D
31.49201,-86.131,331.43,0.48,0.48,2025-01-17,1817,N20,nominal,2.0NRT,286.9,3.83,D
32.24713,-82.55476,329.94,0.46,0.39,2025-01-17,1817,N20,nominal,2.0NRT,293.5,6.72,D
31.26804,-87.35136,350.94,0.57,0.52,2025-01-17,1817,N20,nominal,2.0NRT,293.23,15.82,D
31.50831,-86.30997,341.76,0.49,0.49,2025-01-17,1817,N20,nominal,2.0NRT,287.82,11.96,D
31.5072,-86.31508,352.54,0.49,0.49,2025-01-17,1817,N20,nominal,2.0NRT,290.74,11.96,D
32.39922,-81.85131,334.99,0.43,0.38,2025-01-17,1817,N20,nominal,2.0NRT,289.42,2.69,D
32.28598,-82.48416,330.41,0.46,0.39,2025-01-17,1817,N20,nominal,2.0NRT,294.83,3.85,D
31.94197,-84.34001,329.18,0.56,0.43,2025-01-17,1817,N20,nominal,2.0NRT,291.15,4.99,D
31.94355,-84.35274,344.68,0.56,0.43,2025-01-17,1817,N20,nominal,2.0NRT,293.32,13.88,D
31.94743,-84.3538,331.19,0.56,0.43,2025-01-17,1817,N20,nominal,2.0NRT,288.85,5.53,D
32.24073,-82.83393,327.25,0.47,0.4,2025-01-17,1817,N20,nominal,2.0NRT,291.06,2.66,D
32.23981,-82.83889,327.03,0.47,0.4,2025-01-17,1817,N20,nominal,2.0NRT,291.51,2.66,D
32.24432,-82.83485,334.07,0.47,0.4,2025-01-17,1817,N20,nominal,2.0NRT,289.95,3.91,D
32.24341,-82.83983,329.58,0.47,0.4,2025-01-17,1817,N20,nominal,2.0NRT,292.56,3.91,D
31.89965,-84.65759,325.13,0.39,0.44,2025-01-17,1817,N20,nominal,2.0NRT,289.52,6.57,D
31.89885,-84.6616,347.56,0.39,0.44,2025-01-17,1817,N20,nominal,2.0NRT,302.77,37.63,D
31.9028,-84.66267,353.42,0.39,0.44,2025-01-17,1817,N20,nominal,2.0NRT,293.87,18.2,D
32.1859,-83.25367,327.01,0.5,0.41,2025-01-17,1817,N20,nominal,2.0NRT,290.34,2.89,D
32.18769,-83.25619,338.92,0.5,0.41,2025-01-17,1817,N20,nominal,2.0NRT,292.74,4.95,D
32.03243,-84.11156,328.74,0.55,0.42,2025-01-17,1817,N20,nominal,2.0NRT,290.06,3.22,D
32.64286,-80.80598,338.44,0.4,0.37,2025-01-17,1817,N20,nominal,2.0NRT,290.46,6,D
32.54654,-81.36998,337.91,0.42,0.37,2025-01-17,1817,N20,nominal,2.0NRT,290.52,25.21,D
32.54578,-81.37435,346.14,0.42,0.37,2025-01-17,1817,N20,nominal,2.0NRT,307.68,25.21,D
32.54502,-81.37872,326.37,0.42,0.37,2025-01-17,1817,N20,nominal,2.0NRT,292.53,9.2,D
32.54993,-81.37079,344.83,0.42,0.37,2025-01-17,1817,N20,nominal,2.0NRT,291.39,33.52,D
32.54918,-81.37516,339.09,0.42,0.37,2025-01-17,1817,N20,nominal,2.0NRT,308.25,33.52,D
32.54842,-81.37955,328.88,0.42,0.37,2025-01-17,1817,N20,nominal,2.0NRT,294.54,19.76,D
32.44857,-82.02807,343.91,0.44,0.38,2025-01-17,1817,N20,nominal,2.0NRT,295.05,8.94,D
31.59749,-86.42948,352.87,0.5,0.49,2025-01-17,1817,N20,nominal,2.0NRT,284.49,12.51,D
31.94607,-84.85021,337.71,0.4,0.44,2025-01-17,1817,N20,nominal,2.0NRT,290.53,4.86,D
31.94523,-84.85436,342.39,0.4,0.44,2025-01-17,1817,N20,nominal,2.0NRT,291.39,7.56,D
32.14933,-84.04809,345.39,0.54,0.42,2025-01-17,1817,N20,nominal,2.0NRT,291.29,6.58,D
32.14825,-84.05372,327.48,0.54,0.42,2025-01-17,1817,N20,nominal,2.0NRT,290.15,5.79,D
32.15314,-84.04909,332.09,0.54,0.42,2025-01-17,1817,N20,nominal,2.0NRT,288.02,6.58,D
32.15049,-84.05048,353.91,0.54,0.42,2025-01-17,1817,N20,nominal,2.0NRT,292.52,15.99,D
32.1543,-84.05145,334.95,0.54,0.42,2025-01-17,1817,N20,nominal,2.0NRT,288.06,5.82,D
32.58329,-81.78464,339.1,0.43,0.38,2025-01-17,1817,N20,nominal,2.0NRT,292.04,14.49,D
32.5825,-81.78912,341.09,0.43,0.38,2025-01-17,1817,N20,nominal,2.0NRT,296.24,14.49,D
32.15811,-84.05247,332.71,0.54,0.42,2025-01-17,1817,N20,nominal,2.0NRT,288.32,5.82,D
32.16191,-84.05349,331.55,0.54,0.42,2025-01-17,1817,N20,nominal,2.0NRT,287.27,3.39,D
31.75368,-86.02671,334.76,0.47,0.47,2025-01-17,1817,N20,nominal,2.0NRT,293.92,5,D
32.02514,-84.75471,328.86,0.39,0.44,2025-01-17,1817,N20,nominal,2.0NRT,289.99,1.7,D
32.58282,-81.94978,328.54,0.43,0.38,2025-01-17,1817,N20,nominal,2.0NRT,291.05,5.66,D
32.16504,-84.22117,332.17,0.55,0.43,2025-01-17,1817,N20,nominal,2.0NRT,290.79,5.92,D
32.17271,-84.22329,338.37,0.55,0.43,2025-01-17,1817,N20,nominal,2.0NRT,290.97,8.18,D
32.31349,-83.51632,329.36,0.51,0.41,2025-01-17,1817,N20,nominal,2.0NRT,291.27,4.4,D
33.01227,-79.8191,329.78,0.39,0.36,2025-01-17,1817,N20,nominal,2.0NRT,293.1,3.43,D
32.6695,-81.99782,337.5,0.44,0.38,2025-01-17,1817,N20,nominal,2.0NRT,295,5.32,D
32.67134,-82.0078,333.17,0.44,0.38,2025-01-17,1817,N20,nominal,2.0NRT,292.13,7.61,D
32.67561,-82.0041,331.2,0.44,0.38,2025-01-17,1817,N20,nominal,2.0NRT,292,7.61,D
32.24527,-84.31085,343.66,0.56,0.43,2025-01-17,1817,N20,nominal,2.0NRT,297.44,24.76,D
31.8693,-86.12905,346.51,0.47,0.48,2025-01-17,1817,N20,nominal,2.0NRT,290.56,17.42,D
31.86826,-86.13391,328.14,0.47,0.48,2025-01-17,1817,N20,nominal,2.0NRT,289.35,10.89,D
32.67521,-82.04695,332.39,0.44,0.38,2025-01-17,1817,N20,nominal,2.0NRT,298.47,17.34,D
32.6744,-82.05153,330.57,0.44,0.38,2025-01-17,1817,N20,nominal,2.0NRT,295.07,13.26,D
31.80613,-86.48499,338.08,0.49,0.49,2025-01-17,1817,N20,nominal,2.0NRT,281.26,4.09,D
32.65084,-82.48965,328.67,0.45,0.39,2025-01-17,1817,N20,nominal,2.0NRT,289.98,3.21,D
32.65435,-82.49056,327.91,0.45,0.39,2025-01-17,1817,N20,nominal,2.0NRT,290.03,3.21,D
32.65713,-82.49004,326.95,0.45,0.39,2025-01-17,1817,N20,nominal,2.0NRT,288.62,1.96,D
33.22527,-79.28265,345.36,0.38,0.36,2025-01-17,1817,N20,nominal,2.0NRT,292.23,11.57,D
33.22465,-79.28673,325.62,0.38,0.36,2025-01-17,1817,N20,nominal,2.0NRT,292.08,6.08,D
32.90097,-81.3201,330.12,0.41,0.37,2025-01-17,1817,N20,nominal,2.0NRT,289.74,4.24,D
32.96628,-81.03919,346.36,0.41,0.37,2025-01-17,1817,N20,nominal,2.0NRT,295.74,7.17,D
32.41939,-84.12782,331.95,0.54,0.42,2025-01-17,1817,N20,nominal,2.0NRT,303.12,35.63,D
32.49927,-83.85817,330.08,0.52,0.42,2025-01-17,1817,N20,nominal,2.0NRT,289.34,3.55,D
32.8334,-82.16512,337.02,0.44,0.38,2025-01-17,1817,N20,nominal,2.0NRT,291.61,6.64,D
33.15937,-80.30432,331.76,0.39,0.36,2025-01-17,1817,N20,nominal,2.0NRT,289.42,2.33,D
32.89331,-81.87029,343.18,0.43,0.38,2025-01-17,1817,N20,nominal,2.0NRT,296.33,17.94,D
32.91681,-81.8997,348.23,0.43,0.38,2025-01-17,1817,N20,nominal,2.0NRT,309.51,45.09,D
32.91602,-81.90421,341.1,0.43,0.38,2025-01-17,1817,N20,nominal,2.0NRT,315.18,45.09,D
32.92025,-81.90054,348.41,0.43,0.38,2025-01-17,1817,N20,nominal,2.0NRT,296.09,45.09,D
32.91946,-81.90506,343.02,0.43,0.38,2025-01-17,1817,N20,nominal,2.0NRT,309.68,45.09,D
32.82119,-82.45483,337.6,0.45,0.39,2025-01-17,1817,N20,nominal,2.0NRT,291.19,3.29,D
32.67934,-83.22308,329.1,0.49,0.4,2025-01-17,1817,N20,nominal,2.0NRT,293.42,4.02,D
32.8247,-82.45573,355.05,0.45,0.39,2025-01-17,1817,N20,nominal,2.0NRT,296.27,9.32,D
32.82385,-82.46043,334.64,0.45,0.39,2025-01-17,1817,N20,nominal,2.0NRT,290.91,9.32,D
32.68297,-83.22405,337.88,0.49,0.4,2025-01-17,1817,N20,nominal,2.0NRT,293.42,10.25,D
32.82737,-82.46133,328.44,0.45,0.39,2025-01-17,1817,N20,nominal,2.0NRT,288.71,9.32,D
32.05252,-86.38784,338.17,0.48,0.48,2025-01-17,1817,N20,nominal,2.0NRT,289.5,6.79,D
33.12683,-80.77493,336.47,0.4,0.37,2025-01-17,1817,N20,nominal,2.0NRT,290.13,2.83,D
33.13017,-80.77571,341.1,0.4,0.37,2025-01-17,1817,N20,nominal,2.0NRT,297.54,21.38,D
32.60535,-83.73496,337.19,0.51,0.41,2025-01-17,1817,N20,nominal,2.0NRT,295.73,4.76,D
32.60907,-83.73598,338.17,0.51,0.41,2025-01-17,1817,N20,nominal,2.0NRT,292.03,4.56,D
32.80518,-82.70558,344.01,0.46,0.39,2025-01-17,1817,N20,nominal,2.0NRT,293.89,10.65,D
33.24286,-80.2116,328.71,0.39,0.36,2025-01-17,1817,N20,nominal,2.0NRT,291.58,2.71,D
33.00245,-81.65446,333.74,0.42,0.38,2025-01-17,1817,N20,nominal,2.0NRT,294.14,4.87,D
33.07817,-81.2526,334.99,0.41,0.37,2025-01-17,1817,N20,nominal,2.0NRT,290.7,3.44,D
33.12647,-81.13737,328.52,0.41,0.37,2025-01-17,1817,N20,nominal,2.0NRT,289.96,3.57,D
32.7286,-83.4817,329.89,0.5,0.41,2025-01-17,1817,N20,nominal,2.0NRT,288.9,2.07,D
32.52261,-84.53445,331.74,0.56,0.43,2025-01-17,1817,N20,nominal,2.0NRT,291.32,4.77,D
32.52769,-84.52953,327.66,0.56,0.43,2025-01-17,1817,N20,nominal,2.0NRT,289.97,3.92,D
33.29175,-80.32973,325.1,0.39,0.36,2025-01-17,1817,N20,nominal,2.0NRT,287.8,2.7,D
33.29506,-80.33049,334.35,0.39,0.36,2025-01-17,1817,N20,nominal,2.0NRT,287.99,2.7,D
33.04985,-81.78568,329.39,0.42,0.38,2025-01-17,1817,N20,nominal,2.0NRT,292.12,3.92,D
33.04906,-81.7902,332.09,0.42,0.38,2025-01-17,1817,N20,nominal,2.0NRT,296.87,6.71,D
33.05327,-81.78652,331.09,0.42,0.38,2025-01-17,1817,N20,nominal,2.0NRT,291.85,4.13,D
32.54983,-84.47994,343.85,0.56,0.43,2025-01-17,1817,N20,nominal,2.0NRT,292.45,20.05,D
32.54865,-84.48587,339.78,0.56,0.43,2025-01-17,1817,N20,nominal,2.0NRT,292.13,20.05,D
32.55368,-84.48101,346.41,0.56,0.43,2025-01-17,1817,N20,nominal,2.0NRT,291.39,20.05,D
32.55251,-84.48692,346.06,0.56,0.43,2025-01-17,1817,N20,nominal,2.0NRT,303.92,20.05,D
32.98053,-82.23885,331.5,0.44,0.38,2025-01-17,1817,N20,nominal,2.0NRT,289.25,3.15,D
32.55754,-84.4821,332.02,0.56,0.43,2025-01-17,1817,N20,nominal,2.0NRT,290.03,5.58,D
32.55638,-84.48798,344.43,0.56,0.43,2025-01-17,1817,N20,nominal,2.0NRT,289.3,5.58,D
32.38127,-85.35262,327.38,0.42,0.45,2025-01-17,1817,N20,nominal,2.0NRT,290.25,2.96,D
32.91284,-82.69569,332.1,0.46,0.39,2025-01-17,1817,N20,nominal,2.0NRT,293.16,4.73,D
32.77461,-83.48286,342.64,0.5,0.41,2025-01-17,1817,N20,nominal,2.0NRT,295.88,12.23,D
32.77827,-83.48387,331.35,0.5,0.41,2025-01-17,1817,N20,nominal,2.0NRT,291.2,12.23,D
32.9651,-82.64629,326.57,0.46,0.39,2025-01-17,1817,N20,nominal,2.0NRT,291.19,1.72,D
33.2083,-81.29932,329.4,0.41,0.37,2025-01-17,1817,N20,nominal,2.0NRT,293.12,9.58,D
32.95127,-82.9426,334.84,0.47,0.4,2025-01-17,1817,N20,nominal,2.0NRT,291.74,4.1,D
32.76939,-83.90247,327.93,0.52,0.41,2025-01-17,1817,N20,nominal,2.0NRT,291.05,2.92,D
33.47731,-79.89524,338.45,0.39,0.36,2025-01-17,1817,N20,nominal,2.0NRT,296.8,16,D
33.4005,-80.37518,331.87,0.39,0.36,2025-01-17,1817,N20,nominal,2.0NRT,290.29,3.48,D
32.57058,-84.92515,328.42,0.39,0.44,2025-01-17,1817,N20,nominal,2.0NRT,289.67,0.75,D
32.89958,-83.28066,342.79,0.48,0.4,2025-01-17,1817,N20,nominal,2.0NRT,292.96,9.03,D
33.03456,-82.58919,327.84,0.45,0.39,2025-01-17,1817,N20,nominal,2.0NRT,288.07,3.64,D
32.50432,-85.43679,327,0.42,0.45,2025-01-17,1817,N20,nominal,2.0NRT,289.21,2.43,D
33.13311,-82.32666,334.59,0.44,0.38,2025-01-17,1817,N20,nominal,2.0NRT,297.61,18.12,D
32.7482,-84.38599,339.17,0.55,0.43,2025-01-17,1817,N20,nominal,2.0NRT,290.43,5.11,D
33.34309,-81.19111,325.7,0.41,0.37,2025-01-17,1817,N20,nominal,2.0NRT,289.58,2.1,D
32.75204,-84.38701,325.37,0.55,0.43,2025-01-17,1817,N20,nominal,2.0NRT,288.69,5.11,D
33.34645,-81.19191,329.23,0.41,0.37,2025-01-17,1817,N20,nominal,2.0NRT,289.51,7.94,D
33.40578,-81.00539,345.13,0.4,0.37,2025-01-17,1817,N20,nominal,2.0NRT,289.86,5.41,D
33.06296,-83.09386,330.05,0.47,0.4,2025-01-17,1817,N20,nominal,2.0NRT,289.45,5.94,D
33.23137,-82.34667,347.16,0.44,0.38,2025-01-17,1817,N20,nominal,2.0NRT,292.97,7.84,D
33.23055,-82.35133,350.7,0.44,0.38,2025-01-17,1817,N20,nominal,2.0NRT,294.63,7.84,D
33.23221,-82.34545,345.29,0.44,0.38,2025-01-17,1817,N20,nominal,2.0NRT,292.83,8.62,D
33.23137,-82.3501,350.55,0.44,0.38,2025-01-17,1817,N20,nominal,2.0NRT,294.5,8.62,D
33.23052,-82.35474,331.8,0.44,0.38,2025-01-17,1817,N20,nominal,2.0NRT,290.35,2.75,D
33.7453,-79.35465,333.47,0.38,0.36,2025-01-17,1817,N20,nominal,2.0NRT,288.07,3.5,D
33.74467,-79.35876,326.07,0.38,0.36,2025-01-17,1817,N20,nominal,2.0NRT,287.77,3.5,D
32.6343,-85.49952,335.33,0.42,0.45,2025-01-17,1817,N20,nominal,2.0NRT,290.34,2.92,D
33.75938,-79.30681,343.56,0.38,0.36,2025-01-17,1817,N20,nominal,2.0NRT,290.46,5.85,D
32.63927,-85.49638,337.84,0.42,0.45,2025-01-17,1817,N20,nominal,2.0NRT,289.39,2.67,D
33.02782,-83.60149,329.29,0.5,0.41,2025-01-17,1817,N20,nominal,2.0NRT,292.58,17.2,D
33.02682,-83.60671,342.34,0.5,0.41,2025-01-17,1817,N20,nominal,2.0NRT,297.7,17.2,D
33.41279,-81.50573,339.29,0.41,0.37,2025-01-17,1817,N20,nominal,2.0NRT,302.97,24.44,D
33.41204,-81.51014,331.28,0.41,0.37,2025-01-17,1817,N20,nominal,2.0NRT,292.8,24.44,D
33.03149,-83.60245,329.28,0.5,0.41,2025-01-17,1817,N20,nominal,2.0NRT,291.7,17.2,D
33.03049,-83.60768,329.95,0.5,0.41,2025-01-17,1817,N20,nominal,2.0NRT,304.49,17.2,D
33.57521,-80.60097,327.74,0.39,0.36,2025-01-17,1817,N20,nominal,2.0NRT,287.72,2.1,D
33.15619,-83.16331,327.16,0.48,0.4,2025-01-17,1817,N20,nominal,2.0NRT,292.03,3.12,D
33.7362,-80.08897,335.97,0.39,0.36,2025-01-17,1817,N20,nominal,2.0NRT,289.82,3.49,D
33.73554,-80.09312,331.8,0.39,0.36,2025-01-17,1817,N20,nominal,2.0NRT,292.82,2.91,D
33.45147,-81.79049,329.59,0.42,0.38,2025-01-17,1817,N20,nominal,2.0NRT,290.52,4.56,D
33.73883,-80.09386,344.47,0.39,0.36,2025-01-17,1817,N20,nominal,2.0NRT,293.81,4.08,D
33.45487,-81.79134,334.75,0.42,0.38,2025-01-17,1817,N20,nominal,2.0NRT,298.63,28.32,D
33.29186,-82.82008,331.13,0.46,0.39,2025-01-17,1817,N20,nominal,2.0NRT,293.39,19.74,D
33.29096,-82.82494,333.96,0.46,0.39,2025-01-17,1817,N20,nominal,2.0NRT,297.4,12.99,D
33.18049,-83.41676,330.71,0.49,0.4,2025-01-17,1817,N20,nominal,2.0NRT,294.02,6.98,D
33.2954,-82.82099,352.34,0.46,0.39,2025-01-17,1817,N20,nominal,2.0NRT,301.11,19.74,D
33.29451,-82.82584,330.58,0.46,0.39,2025-01-17,1817,N20,nominal,2.0NRT,293.26,12.99,D
33.18509,-83.41259,329.35,0.49,0.4,2025-01-17,1817,N20,nominal,2.0NRT,292.33,6.98,D
33.18412,-83.41771,340.5,0.49,0.4,2025-01-17,1817,N20,nominal,2.0NRT,293.16,6.98,D
33.29894,-82.82189,335.15,0.46,0.39,2025-01-17,1817,N20,nominal,2.0NRT,292.38,24.31,D
33.29226,-83.06093,345.59,0.47,0.4,2025-01-17,1817,N20,nominal,2.0NRT,308.13,51.53,D
33.22281,-83.55771,344.5,0.49,0.41,2025-01-17,1817,N20,nominal,2.0NRT,294.6,18.68,D
33.22744,-83.55344,353.23,0.49,0.4,2025-01-17,1817,N20,nominal,2.0NRT,304.05,18.68,D
33.22647,-83.55867,352.2,0.49,0.41,2025-01-17,1817,N20,nominal,2.0NRT,299.42,18.68,D
33.22685,-83.54985,330.22,0.49,0.4,2025-01-17,1817,N20,nominal,2.0NRT,295.37,9.27,D
33.22584,-83.55507,344.73,0.49,0.4,2025-01-17,1817,N20,nominal,2.0NRT,297.66,9.27,D
33.22484,-83.5603,343.12,0.49,0.4,2025-01-17,1817,N20,nominal,2.0NRT,294.26,10.35,D
33.2305,-83.55083,329.38,0.49,0.4,2025-01-17,1817,N20,nominal,2.0NRT,290.48,9.27,D
33.2295,-83.55603,353.34,0.49,0.4,2025-01-17,1817,N20,nominal,2.0NRT,295.62,9.27,D
33.22849,-83.56125,337.78,0.49,0.4,2025-01-17,1817,N20,nominal,2.0NRT,295.68,10.35,D
33.34428,-83.00979,339.96,0.47,0.39,2025-01-17,1817,N20,nominal,2.0NRT,295.02,24.63,D
33.62549,-81.62355,325.39,0.41,0.37,2025-01-17,1817,N20,nominal,2.0NRT,291.87,1.89,D
32.82468,-85.95455,325.4,0.44,0.46,2025-01-17,1817,N20,nominal,2.0NRT,287.04,2.26,D
33.09223,-84.87062,328.68,0.57,0.43,2025-01-17,1817,N20,nominal,2.0NRT,288.26,4.84,D
33.09106,-84.87657,336.64,0.57,0.43,2025-01-17,1817,N20,nominal,2.0NRT,288.89,4.84,D
33.43819,-83.11456,367,0.47,0.4,2025-01-17,1817,N20,high,2.0NRT,294.35,13.88,D
33.09467,-84.87294,341.53,0.57,0.43,2025-01-17,1817,N20,nominal,2.0NRT,291.34,16.32,D
33.09346,-84.8789,338.32,0.57,0.43,2025-01-17,1817,N20,nominal,2.0NRT,288.63,11.6,D
33.44176,-83.11548,328.18,0.47,0.4,2025-01-17,1817,N20,nominal,2.0NRT,287.27,1.97,D
34.33045,-77.78253,327.11,0.4,0.37,2025-01-17,1817,N20,nominal,2.0NRT,284.31,2.1,D
33.59047,-82.46496,342.98,0.44,0.38,2025-01-17,1817,N20,nominal,2.0NRT,292.73,31.72,D
33.59395,-82.46584,350.85,0.44,0.38,2025-01-17,1817,N20,nominal,2.0NRT,296.92,31.72,D
33.0235,-85.50718,331,0.41,0.45,2025-01-17,1817,N20,nominal,2.0NRT,288.02,2.16,D
32.98139,-85.87836,342.42,0.43,0.46,2025-01-17,1817,N20,nominal,2.0NRT,290.87,6.28,D
32.98047,-85.88282,344.12,0.43,0.46,2025-01-17,1817,N20,nominal,2.0NRT,291.3,6.28,D
32.97954,-85.8873,326.55,0.43,0.46,2025-01-17,1817,N20,nominal,2.0NRT,289.75,2.09,D
32.98458,-85.88404,334.18,0.43,0.46,2025-01-17,1817,N20,nominal,2.0NRT,287.43,3.87,D
34.06263,-80.00718,338.82,0.39,0.36,2025-01-17,1817,N20,nominal,2.0NRT,289.63,3.37,D
34.01002,-80.33939,353.1,0.39,0.36,2025-01-17,1817,N20,nominal,2.0NRT,298.17,29.58,D
34.01335,-80.33901,331.24,0.39,0.36,2025-01-17,1817,N20,nominal,2.0NRT,289.21,2.48,D
32.98104,-85.88554,367,0.43,0.46,2025-01-17,1817,N20,high,2.0NRT,294.07,10.73,D
32.98199,-85.8811,355.3,0.43,0.46,2025-01-17,1817,N20,nominal,2.0NRT,292.8,11.28,D
33.97367,-80.64664,329.22,0.39,0.36,2025-01-17,1817,N20,nominal,2.0NRT,290.66,3.95,D
32.79953,-86.88631,325.08,0.5,0.49,2025-01-17,1817,N20,nominal,2.0NRT,287.3,6.4,D
32.7984,-86.89143,344.96,0.5,0.49,2025-01-17,1817,N20,nominal,2.0NRT,292.25,6.4,D
34.44112,-77.94059,329.75,0.4,0.37,2025-01-17,1817,N20,nominal,2.0NRT,289.97,3.4,D
33.7481,-82.52251,330.14,0.44,0.38,2025-01-17,1819,N20,nominal,2.0NRT,290.41,14.13,D
33.75157,-82.52345,334.78,0.44,0.38,2025-01-17,1819,N20,nominal,2.0NRT,294.62,14.13,D
33.74867,-82.52159,327.79,0.44,0.38,2025-01-17,1819,N20,nominal,2.0NRT,286.71,6.6,D
33.74782,-82.52626,339.47,0.44,0.38,2025-01-17,1819,N20,nominal,2.0NRT,295.87,27.94,D
33.75214,-82.52254,327.78,0.44,0.38,2025-01-17,1819,N20,nominal,2.0NRT,286.9,6.6,D
32.82947,-87.18456,339.26,0.51,0.5,2025-01-17,1819,N20,nominal,2.0NRT,289.1,6.06,D
33.05195,-86.19293,326.57,0.45,0.47,2025-01-17,1819,N20,nominal,2.0NRT,284.67,5.13,D
33.67252,-83.15637,327.83,0.47,0.4,2025-01-17,1819,N20,nominal,2.0NRT,288.36,2.94,D
33.55281,-83.81042,330.59,0.5,0.41,2025-01-17,1819,N20,nominal,2.0NRT,290.66,6.87,D
33.62511,-83.55109,349.23,0.49,0.4,2025-01-17,1819,N20,nominal,2.0NRT,298.55,17.96,D
33.62874,-83.55209,338.06,0.49,0.4,2025-01-17,1819,N20,nominal,2.0NRT,287.81,17.96,D
34.00134,-81.48878,328.84,0.41,0.37,2025-01-17,1819,N20,nominal,2.0NRT,288.52,3.16,D
34.19414,-80.44585,325.47,0.39,0.36,2025-01-17,1819,N20,nominal,2.0NRT,289.36,21.65,D
34.19347,-80.45004,333.21,0.39,0.36,2025-01-17,1819,N20,nominal,2.0NRT,304.95,21.65,D
34.20787,-80.61322,348.76,0.39,0.36,2025-01-17,1819,N20,nominal,2.0NRT,290.81,9.97,D
34.20718,-80.61742,355.81,0.39,0.36,2025-01-17,1819,N20,nominal,2.0NRT,291.67,9.97,D
34.2065,-80.62161,338.81,0.39,0.36,2025-01-17,1819,N20,nominal,2.0NRT,289.62,6.02,D
33.86817,-82.6289,340.28,0.44,0.39,2025-01-17,1819,N20,nominal,2.0NRT,299.3,23.91,D
33.87165,-82.62978,333.32,0.44,0.39,2025-01-17,1819,N20,nominal,2.0NRT,289.77,23.91,D
33.8708,-82.63447,349.43,0.44,0.39,2025-01-17,1819,N20,nominal,2.0NRT,308.15,57.73,D
33.86996,-82.63917,340.51,0.44,0.39,2025-01-17,1819,N20,nominal,2.0NRT,295.43,57.73,D
33.86395,-82.67229,342.41,0.45,0.39,2025-01-17,1819,N20,nominal,2.0NRT,307.1,141.44,D
33.87429,-82.63537,343.59,0.44,0.39,2025-01-17,1819,N20,nominal,2.0NRT,291.28,9.83,D
33.87344,-82.64007,343.51,0.44,0.39,2025-01-17,1819,N20,nominal,2.0NRT,291.61,9.83,D
33.86744,-82.67323,346.5,0.45,0.39,2025-01-17,1819,N20,nominal,2.0NRT,294.12,23.01,D
33.87092,-82.67415,338.15,0.45,0.39,2025-01-17,1819,N20,nominal,2.0NRT,297.7,23.01,D
33.99733,-81.98431,330.03,0.42,0.38,2025-01-17,1819,N20,nominal,2.0NRT,290.76,16.19,D
34.00073,-81.98518,334.98,0.42,0.38,2025-01-17,1819,N20,nominal,2.0NRT,296.7,16.19,D
34.60807,-78.3203,326.07,0.39,0.36,2025-01-17,1819,N20,nominal,2.0NRT,287.37,2.11,D
34.48209,-79.27316,335.95,0.38,0.36,2025-01-17,1819,N20,nominal,2.0NRT,290.42,2.61,D
34.40253,-79.81638,346.15,0.38,0.36,2025-01-17,1819,N20,nominal,2.0NRT,290.34,7.2,D
33.9327,-82.65553,346.33,0.44,0.39,2025-01-17,1819,N20,nominal,2.0NRT,291.6,7.42,D
33.26681,-86.11797,367,0.44,0.46,2025-01-17,1819,N20,high,2.0NRT,292.65,6.57,D
33.93703,-82.65172,342.39,0.44,0.39,2025-01-17,1819,N20,nominal,2.0NRT,290.14,50.43,D
33.93618,-82.65645,352.8,0.44,0.39,2025-01-17,1819,N20,nominal,2.0NRT,296.49,50.43,D
33.26778,-86.11328,333.49,0.44,0.46,2025-01-17,1819,N20,nominal,2.0NRT,288.15,6.57,D
33.27193,-86.1145,367,0.44,0.46,2025-01-17,1819,N20,high,2.0NRT,292.41,6.57,D
33.94051,-82.65266,340.89,0.44,0.39,2025-01-17,1819,N20,nominal,2.0NRT,307.96,50.43,D
33.27095,-86.11919,326.31,0.44,0.46,2025-01-17,1819,N20,nominal,2.0NRT,289.31,6.57,D
33.93966,-82.6574,320.8,0.44,0.39,2025-01-17,1819,N20,low,2.0NRT,323.2,50.43,D
33.94399,-82.6536,343.66,0.44,0.39,2025-01-17,1819,N20,nominal,2.0NRT,291.61,11.96,D
33.94315,-82.65835,352.87,0.44,0.39,2025-01-17,1819,N20,nominal,2.0NRT,294.77,11.96,D
33.9423,-82.66309,328.11,0.44,0.39,2025-01-17,1819,N20,nominal,2.0NRT,288.18,6.36,D
33.94747,-82.65453,325.33,0.44,0.39,2025-01-17,1819,N20,nominal,2.0NRT,285.84,11.96,D
33.94445,-82.65176,330.5,0.44,0.39,2025-01-17,1819,N20,nominal,2.0NRT,289.57,7.91,D
33.94359,-82.65649,349.85,0.44,0.39,2025-01-17,1819,N20,nominal,2.0NRT,291.05,7.91,D
33.94272,-82.66123,346.22,0.44,0.39,2025-01-17,1819,N20,nominal,2.0NRT,290.38,13.28,D
33.26728,-86.11629,367,0.44,0.46,2025-01-17,1819,N20,high,2.0NRT,290.41,9.64,D
33.26628,-86.12096,337.76,0.44,0.46,2025-01-17,1819,N20,nominal,2.0NRT,291.18,7.9,D
33.27243,-86.11282,341.83,0.44,0.46,2025-01-17,1819,N20,nominal,2.0NRT,290.96,7.32,D
33.27143,-86.1175,346.55,0.44,0.46,2025-01-17,1819,N20,nominal,2.0NRT,290.02,7.32,D
34.58158,-79.06254,331.56,0.39,0.36,2025-01-17,1819,N20,nominal,2.0NRT,291.25,5.61,D
33.43579,-86.42129,336.34,0.45,0.47,2025-01-17,1819,N20,nominal,2.0NRT,290.46,6.07,D
34.34254,-81.84737,330.65,0.41,0.37,2025-01-17,1819,N20,nominal,2.0NRT,289.55,5.83,D
34.6994,-80.05339,331.42,0.39,0.36,2025-01-17,1819,N20,nominal,2.0NRT,291.2,5.16,D
34.54811,-81.34561,329.99,0.4,0.37,2025-01-17,1819,N20,nominal,2.0NRT,287.63,2.73,D
33.53223,-86.75766,338.99,0.47,0.48,2025-01-17,1819,N20,nominal,2.0NRT,292.85,4.7,D
33.88618,-85.16139,338.51,0.57,0.43,2025-01-17,1819,N20,nominal,2.0NRT,291.16,6.2,D
35.20732,-77.39977,328.75,0.41,0.37,2025-01-17,1819,N20,nominal,2.0NRT,287.94,2.35,D
34.57671,-81.82066,330.32,0.41,0.37,2025-01-17,1819,N20,nominal,2.0NRT,292.78,4.91,D
34.58084,-81.81712,331.34,0.41,0.37,2025-01-17,1819,N20,nominal,2.0NRT,287.91,7.65,D
35.00761,-79.32933,335.59,0.38,0.36,2025-01-17,1819,N20,nominal,2.0NRT,288.17,3.45,D
34.31492,-83.77092,327.03,0.48,0.4,2025-01-17,1819,N20,nominal,2.0NRT,288.41,2.65,D
33.97102,-85.76679,337.74,0.41,0.45,2025-01-17,1819,N20,nominal,2.0NRT,288.08,9.89,D
33.97014,-85.77106,329.32,0.41,0.45,2025-01-17,1819,N20,nominal,2.0NRT,294.55,9.89,D
34.90483,-80.69367,327.31,0.39,0.36,2025-01-17,1819,N20,nominal,2.0NRT,296.35,29.05,D
33.97503,-85.76801,333.57,0.41,0.45,2025-01-17,1819,N20,nominal,2.0NRT,288.42,7.57,D
33.97415,-85.7723,337.39,0.41,0.45,2025-01-17,1819,N20,nominal,2.0NRT,295.03,7.57,D
35.2117,-79.03019,329.53,0.39,0.36,2025-01-17,1819,N20,nominal,2.0NRT,286.55,2.51,D
34.04401,-85.66003,340.12,0.4,0.44,2025-01-17,1819,N20,nominal,2.0NRT,292.24,13.11,D
34.04314,-85.66418,351.29,0.4,0.44,2025-01-17,1819,N20,nominal,2.0NRT,293.59,13.11,D
34.30394,-84.41605,332.46,0.52,0.41,2025-01-17,1819,N20,nominal,2.0NRT,290.19,4.75,D
34.61378,-83.29152,335.32,0.46,0.39,2025-01-17,1819,N20,nominal,2.0NRT,287.12,3.38,D
34.68503,-83.00504,330.15,0.45,0.39,2025-01-17,1819,N20,nominal,2.0NRT,289.29,3.42,D
35.01793,-81.4425,330.19,0.4,0.37,2025-01-17,1819,N20,nominal,2.0NRT,289.1,2.31,D
34.79691,-83.13381,330.64,0.45,0.39,2025-01-17,1819,N20,nominal,2.0NRT,287.9,4.94,D
34.8013,-83.12989,353.04,0.45,0.39,2025-01-17,1819,N20,nominal,2.0NRT,297.58,13.74,D
34.80043,-83.13466,342.74,0.45,0.39,2025-01-17,1819,N20,nominal,2.0NRT,288.44,13.74,D
34.80483,-83.13072,334.17,0.45,0.39,2025-01-17,1819,N20,nominal,2.0NRT,285.03,13.74,D
34.80396,-83.13551,349.56,0.45,0.39,2025-01-17,1819,N20,nominal,2.0NRT,290.67,13.74,D
35.29147,-80.29865,326.57,0.39,0.36,2025-01-17,1819,N20,nominal,2.0NRT,289.47,2.02,D
34.42699,-85.41026,347.84,0.38,0.43,2025-01-17,1819,N20,nominal,2.0NRT,288.84,5.3,D
34.30737,-86.00497,330.72,0.41,0.45,2025-01-17,1819,N20,nominal,2.0NRT,288.81,2.94,D
35.18001,-81.86732,332.11,0.41,0.37,2025-01-17,1819,N20,nominal,2.0NRT,288.9,3.44,D
35.27073,-81.89028,331.25,0.41,0.37,2025-01-17,1819,N20,nominal,2.0NRT,287.8,2.89,D
35.41182,-81.78605,327.43,0.41,0.37,2025-01-17,1819,N20,nominal,2.0NRT,285.45,1.5,D
35.41314,-81.78509,328.83,0.4,0.37,2025-01-17,1819,N20,nominal,2.0NRT,288.66,2.78,D
36.02002,-77.80479,331.98,0.41,0.37,2025-01-17,1819,N20,nominal,2.0NRT,286.81,3.21,D
35.76418,-79.63866,337.36,0.38,0.36,2025-01-17,1819,N20,nominal,2.0NRT,286.45,4.02,D
35.54349,-81.90905,341.12,0.41,0.37,2025-01-17,1819,N20,nominal,2.0NRT,289.56,6.13,D
35.54272,-81.91354,335.16,0.41,0.37,2025-01-17,1819,N20,nominal,2.0NRT,288.08,6.13,D
35.78402,-80.46225,335.22,0.39,0.36,2025-01-17,1819,N20,nominal,2.0NRT,291.15,6.21,D
35.54683,-81.90997,341.77,0.41,0.37,2025-01-17,1819,N20,nominal,2.0NRT,288.19,6.13,D
35.7873,-80.46303,340.72,0.39,0.36,2025-01-17,1819,N20,nominal,2.0NRT,295.45,44.59,D
36.126,-78.64294,329.37,0.39,0.36,2025-01-17,1819,N20,nominal,2.0NRT,285.3,2.06,D
34.63707,-87.08232,341.91,0.46,0.47,2025-01-17,1819,N20,nominal,2.0NRT,290.85,7.04,D
36.05007,-79.63667,333.11,0.38,0.36,2025-01-17,1819,N20,nominal,2.0NRT,285.6,6.46,D
36.22041,-78.88933,330.86,0.39,0.36,2025-01-17,1819,N20,nominal,2.0NRT,284.59,3.58,D
35.69305,-82.5163,330.9,0.42,0.38,2025-01-17,1819,N20,nominal,2.0NRT,289.5,2.74,D
35.78272,-82.03663,327.68,0.41,0.37,2025-01-17,1819,N20,nominal,2.0NRT,282,1.79,D
36.26642,-80.77547,344.1,0.39,0.36,2025-01-17,1819,N20,nominal,2.0NRT,286.12,9.74,D
36.7457,-77.59897,327.74,0.42,0.38,2025-01-17,1819,N20,nominal,2.0NRT,284.29,3.66,D
35.98784,-83.34711,325.48,0.44,0.39,2025-01-17,1819,N20,nominal,2.0NRT,282.23,1.03,D
35.26855,-87.23234,326.59,0.46,0.47,2025-01-17,1817,N20,nominal,2.0NRT,286.59,3.86,D
35.97845,-83.95583,330.3,0.47,0.39,2025-01-17,1817,N20,nominal,2.0NRT,284.81,3.17,D
36.49673,-81.17048,340.63,0.39,0.36,2025-01-17,1817,N20,nominal,2.0NRT,283.21,8.21,D
36.50011,-81.16993,343.91,0.39,0.36,2025-01-17,1817,N20,nominal,2.0NRT,278.59,19.91,D
35.26484,-87.70695,352.47,0.49,0.48,2025-01-17,1817,N20,nominal,2.0NRT,292.45,14.79,D
35.27029,-87.70329,344.26,0.49,0.48,2025-01-17,1817,N20,nominal,2.0NRT,289.5,14.59,D
35.26914,-87.70841,337.75,0.49,0.48,2025-01-17,1817,N20,nominal,2.0NRT,289.36,14.79,D
36.19186,-83.33234,326.18,0.44,0.38,2025-01-17,1817,N20,nominal,2.0NRT,282.59,1.6,D
36.62439,-81.09748,333.32,0.39,0.36,2025-01-17,1817,N20,nominal,2.0NRT,280.67,5.05,D
36.60627,-81.35694,327.66,0.39,0.36,2025-01-17,1817,N20,nominal,2.0NRT,283.72,5.58,D
37.0396,-79.73039,328.17,0.39,0.36,2025-01-17,1817,N20,nominal,2.0NRT,285.72,1.55,D
37.43354,-77.73663,327.18,0.42,0.38,2025-01-17,1817,N20,nominal,2.0NRT,279.8,4.04,D
37.4323,-77.73899,336.38,0.42,0.38,2025-01-17,1817,N20,nominal,2.0NRT,281.61,4.08,D
35.76119,-87.59363,335.18,0.47,0.48,2025-01-17,1817,N20,nominal,2.0NRT,286.63,3.8,D
37.8257,-77.47336,327.18,0.43,0.38,2025-01-17,1817,N20,nominal,2.0NRT,280.12,2.13,D
35.76356,-89.3865,335.32,0.58,0.52,2025-01-17,1817,N20,nominal,2.0NRT,285.61,7.34,D
35.76208,-89.39265,338.81,0.58,0.52,2025-01-17,1817,N20,nominal,2.0NRT,288.11,7.34,D
37.74187,-79.00286,328.3,0.4,0.37,2025-01-17,1817,N20,nominal,2.0NRT,278.6,3.02,D
37.76943,-79.35946,326.13,0.39,0.36,2025-01-17,1817,N20,nominal,2.0NRT,275.93,2.03,D
35.65549,-91.565,328.65,0.39,0.59,2025-01-17,1817,N20,nominal,2.0NRT,281.1,2.99,D
35.65246,-91.56667,328.99,0.39,0.59,2025-01-17,1817,N20,nominal,2.0NRT,282.33,2.88,D
37.85064,-81.37056,344.16,0.39,0.36,2025-01-17,1817,N20,nominal,2.0NRT,279.65,5.18,D
36.47905,-89.54482,326.4,0.57,0.52,2025-01-17,1817,N20,nominal,2.0NRT,286.49,2.5,D
38.46604,-78.8239,331.66,0.4,0.37,2025-01-17,1817,N20,nominal,2.0NRT,276.95,3.69,D
38.68623,-78.77484,339.21,0.4,0.37,2025-01-17,1817,N20,nominal,2.0NRT,277.11,6.21,D
38.95514,-78.0606,327.29,0.42,0.38,2025-01-17,1817,N20,nominal,2.0NRT,274.99,4.25,D
38.9586,-78.06119,327.52,0.42,0.38,2025-01-17,1817,N20,nominal,2.0NRT,278.27,4.25,D
39.58562,-80.13212,328.37,0.39,0.36,2025-01-17,1817,N20,nominal,2.0NRT,273.59,3.18,D
39.46721,-84.38596,325.17,0.44,0.38,2025-01-17,1817,N20,nominal,2.0NRT,280.12,3.12,D
39.48027,-84.37424,325.4,0.44,0.38,2025-01-17,1817,N20,nominal,2.0NRT,275.61,1.94,D
40.3087,-80.60866,326.2,0.39,0.36,2025-01-17,1817,N20,nominal,2.0NRT,278.22,2.29,D
37.44532,-94.22938,333.97,0.48,0.65,2025-01-17,1817,N20,nominal,2.0NRT,275.64,4.32,D
41.46138,-81.67356,325.1,0.38,0.36,2025-01-17,1819,N20,nominal,2.0NRT,278.98,2.09,D
40.29622,-91.09045,330.08,0.55,0.51,2025-01-17,1819,N20,nominal,2.0NRT,280.48,4.27,D
40.25573,-92.1926,334.81,0.63,0.54,2025-01-17,1819,N20,nominal,2.0NRT,280.25,4.16,D
41.61758,-87.33123,331.07,0.52,0.41,2025-01-17,1819,N20,nominal,2.0NRT,280.75,5.64,D
41.68217,-87.42144,332.87,0.52,0.42,2025-01-17,1819,N20,nominal,2.0NRT,284.89,10.25,D
41.47987,-90.83198,340.51,0.5,0.49,2025-01-17,1819,N20,nominal,2.0NRT,283.62,6.05,D
41.45678,-92.56247,343.92,0.61,0.54,2025-01-17,1819,N20,nominal,2.0NRT,285.35,17.24,D
41.45441,-92.56271,337.62,0.61,0.54,2025-01-17,1819,N20,nominal,2.0NRT,285.99,22.13,D
42.14213,-90.16416,337.36,0.45,0.47,2025-01-17,1819,N20,nominal,2.0NRT,281.82,3.28,D
43.36129,-87.90093,328.36,0.51,0.41,2025-01-17,1819,N20,nominal,2.0NRT,279.83,3.74,D
18.09189,-94.04414,341.73,0.47,0.48,2025-01-17,1953,N20,nominal,2.0NRT,292.22,7.01,D
38.91758,-105.39017,346.05,0.39,0.36,2025-01-17,1959,N20,nominal,2.0NRT,283.29,28.09,D
18.09138,-94.04858,336.84,0.47,0.48,2025-01-17,1953,N20,nominal,2.0NRT,294.32,7.01,D
38.91695,-105.39458,341.64,0.39,0.36,2025-01-17,1959,N20,nominal,2.0NRT,273.47,28.09,D
38.8055,-106.56472,350.82,0.38,0.36,2025-01-17,1959,N20,nominal,2.0NRT,273.02,14.17,D
18.10048,-94.34534,339.05,0.45,0.47,2025-01-17,1953,N20,nominal,2.0NRT,292.81,6.05,D
18.04477,-95.23882,330.45,0.4,0.44,2025-01-17,1953,N20,nominal,2.0NRT,299.46,2.66,D
38.80877,-106.56556,325.11,0.38,0.36,2025-01-17,1959,N20,nominal,2.0NRT,266.17,10.26,D
17.99965,-96.11615,332.41,0.53,0.42,2025-01-17,1953,N20,nominal,2.0NRT,301.28,5.58,D
40.12547,-97.38316,337.94,0.54,0.51,2025-01-17,1959,N20,nominal,2.0NRT,280.1,6.76,D
18.64312,-92.17136,339.88,0.63,0.54,2025-01-17,1953,N20,nominal,2.0NRT,295.84,12.9,D
40.06157,-98.4943,326.45,0.47,0.48,2025-01-17,1959,N20,nominal,2.0NRT,281.68,7.22,D
18.64342,-92.17262,329.84,0.63,0.54,2025-01-17,1953,N20,nominal,2.0NRT,295.47,6.12,D
40.06598,-98.4948,353.17,0.47,0.48,2025-01-17,1959,N20,nominal,2.0NRT,282.05,7.22,D
18.21156,-96.0238,333.83,0.54,0.42,2025-01-17,1953,N20,nominal,2.0NRT,300.78,7.63,D
40.28559,-96.04978,329.63,0.32,0.54,2025-01-17,1959,N20,nominal,2.0NRT,278.96,1.73,D
40.28466,-96.05028,328.33,0.32,0.55,2025-01-17,1959,N20,nominal,2.0NRT,278.81,2,D
18.21542,-96.02434,329.51,0.54,0.42,2025-01-17,1953,N20,nominal,2.0NRT,299.41,1.92,D
40.56879,-97.24993,337.81,0.55,0.51,2025-01-17,1959,N20,nominal,2.0NRT,280.47,60.88,D
18.63711,-92.51038,333.33,0.6,0.53,2025-01-17,1953,N20,nominal,2.0NRT,294.77,9.02,D
40.79414,-95.51276,348.86,0.34,0.56,2025-01-17,1959,N20,nominal,2.0NRT,284.13,4.26,D
18.39333,-96.28852,335.87,0.52,0.42,2025-01-17,1953,N20,nominal,2.0NRT,302.61,4.38,D
41.68011,-95.19751,340.85,0.36,0.58,2025-01-17,1959,N20,nominal,2.0NRT,279.76,2.99,D
18.86806,-92.62201,354.34,0.59,0.53,2025-01-17,1953,N20,nominal,2.0NRT,293.9,16.83,D
42.09222,-89.0033,353.73,0.77,0.77,2025-01-17,1959,N20,nominal,2.0NRT,282.83,11.87,D
18.44574,-96.18462,343.18,0.53,0.42,2025-01-17,1953,N20,nominal,2.0NRT,303.93,32.09,D
38.39336,-122.04399,333.93,0.6,0.71,2025-01-17,1959,N20,nominal,2.0NRT,286.11,4.19,D
18.50773,-96.14505,335.75,0.53,0.42,2025-01-17,1953,N20,nominal,2.0NRT,304.27,5.37,D
38.39499,-122.04428,335.12,0.6,0.71,2025-01-17,1959,N20,nominal,2.0NRT,286.48,5.66,D
18.50692,-96.56967,339.62,0.51,0.41,2025-01-17,1953,N20,nominal,2.0NRT,301.27,5.4,D
38.8637,-121.58845,346.07,0.55,0.68,2025-01-17,1959,N20,nominal,2.0NRT,285.57,5.23,D
18.53815,-96.36202,331.35,0.52,0.41,2025-01-17,1953,N20,nominal,2.0NRT,298.88,1.76,D
39.09381,-122.19428,341.18,0.58,0.7,2025-01-17,2001,N20,nominal,2.0NRT,285.31,4.93,D
18.54283,-96.74204,345.73,0.5,0.41,2025-01-17,1953,N20,nominal,2.0NRT,296.88,11.13,D
39.54633,-121.35236,336.01,0.51,0.66,2025-01-17,2001,N20,nominal,2.0NRT,286.95,5.94,D
18.59689,-96.4434,330.3,0.51,0.41,2025-01-17,1953,N20,nominal,2.0NRT,299.14,3.54,D
39.91871,-122.2576,350.78,0.56,0.68,2025-01-17,2001,N20,nominal,2.0NRT,284.96,7.14,D
18.62013,-96.53067,333.5,0.51,0.41,2025-01-17,1953,N20,nominal,2.0NRT,301.58,4.89,D
39.91736,-122.25685,326.75,0.56,0.68,2025-01-17,2001,N20,nominal,2.0NRT,283.64,5.24,D
18.71506,-96.36312,334.85,0.52,0.42,2025-01-17,1953,N20,nominal,2.0NRT,301.27,5.68,D
17.9287,-102.20572,336.97,0.4,0.37,2025-01-17,1953,N20,nominal,2.0NRT,305.21,9.51,D
39.92325,-122.25984,332.23,0.56,0.68,2025-01-17,2001,N20,nominal,2.0NRT,285.06,5.24,D
18.73709,-96.7626,331.03,0.5,0.41,2025-01-17,1953,N20,nominal,2.0NRT,298.07,1.74,D
44.33364,-120.5385,352.88,0.34,0.56,2025-01-17,2001,N20,nominal,2.0NRT,276.81,6.08,D
18.5325,-98.52555,337.36,0.42,0.37,2025-01-17,1953,N20,nominal,2.0NRT,304.36,11.37,D
19.36751,-92.00429,337.88,0.33,0.55,2025-01-17,1953,N20,nominal,2.0NRT,293.33,3.19,D
44.9491,-120.25208,351.98,0.32,0.54,2025-01-17,2001,N20,nominal,2.0NRT,276.74,6.86,D
19.33512,-92.3969,329.83,0.62,0.54,2025-01-17,1953,N20,nominal,2.0NRT,292.53,4.79,D
19.3947,-92.03927,367,0.33,0.55,2025-01-17,1953,N20,high,2.0NRT,294.28,5.63,D
44.95007,-120.24847,356.52,0.32,0.54,2025-01-17,2001,N20,low,2.0NRT,272.78,6.86,D
19.54861,-90.63519,335.83,0.41,0.61,2025-01-17,1953,N20,nominal,2.0NRT,293.72,2.9,D
19.39979,-92.03983,344.54,0.33,0.55,2025-01-17,1953,N20,nominal,2.0NRT,292.49,5.63,D
19.39269,-92.04097,367,0.33,0.55,2025-01-17,1953,N20,high,2.0NRT,294.43,7.69,D
19.39779,-92.04155,341.03,0.33,0.55,2025-01-17,1953,N20,nominal,2.0NRT,293.37,5.02,D
19.54715,-90.63554,335.76,0.41,0.61,2025-01-17,1953,N20,nominal,2.0NRT,294.01,3.42,D
19.42509,-92.07644,329.57,0.33,0.55,2025-01-17,1953,N20,nominal,2.0NRT,292.77,1.85,D
19.44477,-92.085,350.71,0.33,0.55,2025-01-17,1953,N20,nominal,2.0NRT,295.69,7.29,D
18.71546,-98.16697,333.32,0.43,0.38,2025-01-17,1953,N20,nominal,2.0NRT,304.49,3.98,D
18.99877,-96.26052,333.6,0.53,0.42,2025-01-17,1953,N20,nominal,2.0NRT,299.24,4.15,D
18.89223,-97.08943,342.23,0.48,0.4,2025-01-17,1953,N20,nominal,2.0NRT,297.57,5.12,D
18.95858,-96.71856,334.35,0.5,0.41,2025-01-17,1953,N20,nominal,2.0NRT,304.24,3.19,D
19.52032,-92.18594,340.05,0.32,0.55,2025-01-17,1953,N20,nominal,2.0NRT,293.06,5.85,D
18.67712,-99.15583,334.5,0.4,0.37,2025-01-17,1953,N20,nominal,2.0NRT,305.08,3,D
19.77775,-90.05367,335.98,0.45,0.63,2025-01-17,1953,N20,nominal,2.0NRT,295.17,3.88,D
18.72473,-98.89567,334.16,0.41,0.37,2025-01-17,1953,N20,low,2.0NRT,304.86,3.54,D
19.56621,-92.23482,331.79,0.32,0.55,2025-01-17,1953,N20,nominal,2.0NRT,294,3.16,D
18.72812,-98.8962,333.28,0.41,0.37,2025-01-17,1953,N20,low,2.0NRT,304.95,2.66,D
18.70494,-99.27194,339.71,0.4,0.37,2025-01-17,1953,N20,nominal,2.0NRT,306.31,2.92,D
18.70693,-99.27309,334.33,0.4,0.37,2025-01-17,1953,N20,nominal,2.0NRT,305.89,3.44,D
19.60077,-92.28887,367,0.32,0.55,2025-01-17,1953,N20,high,2.0NRT,293.22,11.11,D
19.60045,-92.29193,351.28,0.32,0.55,2025-01-17,1953,N20,nominal,2.0NRT,294.85,11.67,D
19.04127,-97.39438,345.08,0.47,0.4,2025-01-17,1953,N20,nominal,2.0NRT,307.12,13.85,D
18.79202,-99.20601,346.49,0.4,0.37,2025-01-17,1953,N20,nominal,2.0NRT,303.26,6.44,D
18.83459,-99.05395,335.14,0.4,0.37,2025-01-17,1953,N20,nominal,2.0NRT,305.47,5.3,D
18.89394,-98.93851,339.02,0.41,0.37,2025-01-17,1953,N20,nominal,2.0NRT,305.84,4.74,D
19.22677,-97.59535,335.7,0.46,0.39,2025-01-17,1953,N20,low,2.0NRT,308.94,1.77,D
19.17208,-98.31968,334.95,0.43,0.38,2025-01-17,1953,N20,nominal,2.0NRT,303.91,3.5,D
19.02046,-100.21844,335.15,0.39,0.36,2025-01-17,1953,N20,nominal,2.0NRT,301.64,3.54,D
19.34734,-97.95573,336.56,0.44,0.39,2025-01-17,1953,N20,nominal,2.0NRT,309.09,4.54,D
18.5695,-103.58057,335.12,0.45,0.39,2025-01-17,1953,N20,nominal,2.0NRT,302.46,3.18,D
19.24248,-99.60641,331.46,0.39,0.37,2025-01-17,1953,N20,nominal,2.0NRT,293.53,3.22,D
18.92839,-101.77504,330.85,0.39,0.36,2025-01-17,1953,N20,low,2.0NRT,301.44,1.23,D
19.37054,-99.61189,334.24,0.4,0.37,2025-01-17,1953,N20,nominal,2.0NRT,305.46,4.72,D
18.97318,-102.26521,337.48,0.4,0.37,2025-01-17,1953,N20,nominal,2.0NRT,307.05,4.19,D
19.4428,-99.50883,331.61,0.4,0.37,2025-01-17,1953,N20,nominal,2.0NRT,299.47,2.09,D
19.44227,-99.51256,330.61,0.4,0.37,2025-01-17,1953,N20,low,2.0NRT,301.55,3.67,D
18.8725,-103.70284,335.1,0.45,0.39,2025-01-17,1953,N20,nominal,2.0NRT,303.19,3.56,D
19.08352,-102.54582,338.64,0.41,0.37,2025-01-17,1953,N20,nominal,2.0NRT,304.32,4.97,D
19.12501,-102.39669,340.89,0.4,0.37,2025-01-17,1953,N20,nominal,2.0NRT,310.84,17.82,D
19.12837,-102.39725,337.75,0.4,0.37,2025-01-17,1953,N20,nominal,2.0NRT,303.33,3.93,D
19.11966,-102.5797,335.83,0.41,0.37,2025-01-17,1953,N20,nominal,2.0NRT,305.09,21.32,D
19.00819,-104.2596,332.01,0.47,0.4,2025-01-17,1953,N20,nominal,2.0NRT,304.54,2.29,D
19.8651,-99.01711,344.39,0.41,0.37,2025-01-17,1953,N20,nominal,2.0NRT,303.68,9.09,D
19.71554,-100.61214,331.84,0.38,0.36,2025-01-17,1953,N20,nominal,2.0NRT,301.54,2.31,D
19.23138,-103.66606,334.32,0.44,0.38,2025-01-17,1953,N20,low,2.0NRT,304.75,4.61,D
21.10664,-89.37351,332.63,0.52,0.67,2025-01-17,1953,N20,nominal,2.0NRT,287.87,4.68,D
21.10621,-89.37854,334.49,0.52,0.67,2025-01-17,1953,N20,nominal,2.0NRT,288.09,4.68,D
20.02877,-99.27159,335.79,0.41,0.37,2025-01-17,1953,N20,nominal,2.0NRT,305.48,3.58,D
17.83934,-93.11565,353.3,0.54,0.5,2025-01-17,1953,N20,nominal,2.0NRT,292.37,6.91,D
19.37436,-103.54979,333.91,0.44,0.38,2025-01-17,1953,N20,low,2.0NRT,304.04,4.36,D
19.37785,-103.55038,341.39,0.44,0.38,2025-01-17,1953,N20,nominal,2.0NRT,304.16,4.36,D
17.83875,-93.12074,333,0.54,0.5,2025-01-17,1953,N20,nominal,2.0NRT,293.19,6.91,D
20.04686,-99.29004,335.05,0.41,0.37,2025-01-17,1953,N20,nominal,2.0NRT,301.98,5.29,D
17.84399,-93.11619,344.49,0.54,0.5,2025-01-17,1953,N20,nominal,2.0NRT,294.08,45.31,D
20.06581,-99.25368,341.9,0.41,0.37,2025-01-17,1953,N20,nominal,2.0NRT,303.77,5.16,D
17.8434,-93.12127,349.4,0.54,0.5,2025-01-17,1953,N20,nominal,2.0NRT,296.21,45.31,D
17.89076,-93.19186,341.35,0.53,0.5,2025-01-17,1953,N20,nominal,2.0NRT,293.58,18.3,D
19.25336,-104.45416,338.74,0.48,0.4,2025-01-17,1953,N20,nominal,2.0NRT,304.95,15.65,D
17.86973,-93.49718,335.6,0.51,0.49,2025-01-17,1953,N20,nominal,2.0NRT,292.26,4.04,D
19.25258,-104.45868,331.45,0.48,0.4,2025-01-17,1953,N20,low,2.0NRT,304.27,10.22,D
19.83849,-101.65096,336.21,0.39,0.36,2025-01-17,1953,N20,nominal,2.0NRT,303.22,5.8,D
17.94153,-93.27889,328.66,0.52,0.5,2025-01-17,1953,N20,nominal,2.0NRT,295.61,3.49,D
17.94553,-93.64905,332.76,0.5,0.49,2025-01-17,1953,N20,nominal,2.0NRT,295.33,3.17,D
19.83792,-101.65463,335.67,0.39,0.36,2025-01-17,1953,N20,nominal,2.0NRT,305.39,4.76,D
17.96403,-93.64662,337.25,0.5,0.49,2025-01-17,1953,N20,nominal,2.0NRT,292.42,4.33,D
20.07755,-100.32196,342.44,0.39,0.36,2025-01-17,1953,N20,nominal,2.0NRT,303.7,3.85,D
17.96348,-93.65131,331.61,0.5,0.49,2025-01-17,1953,N20,nominal,2.0NRT,292.2,4.35,D
20.01366,-102.20217,337.17,0.39,0.36,2025-01-17,1953,N20,nominal,2.0NRT,308.32,3.05,D
18.09126,-94.045,341.91,0.47,0.48,2025-01-17,1953,N20,nominal,2.0NRT,295.07,12.87,D
20.23532,-100.81296,331.08,0.38,0.36,2025-01-17,1953,N20,nominal,2.0NRT,304.15,1.4,D
20.24793,-100.86362,345.42,0.38,0.36,2025-01-17,1953,N20,nominal,2.0NRT,305.66,6.85,D
20.23474,-100.99574,336.37,0.38,0.36,2025-01-17,1953,N20,nominal,2.0NRT,305.81,8.13,D
20.02234,-102.46941,330.17,0.4,0.37,2025-01-17,1953,N20,low,2.0NRT,304.54,2.77,D
19.66201,-104.67943,340.64,0.48,0.4,2025-01-17,1953,N20,nominal,2.0NRT,303.81,6.23,D
20.05851,-102.37154,339.99,0.4,0.37,2025-01-17,1953,N20,nominal,2.0NRT,301.38,3.05,D
20.18661,-102.22901,331.78,0.39,0.36,2025-01-17,1953,N20,low,2.0NRT,302.81,3.58,D
20.21707,-102.10047,333.31,0.39,0.36,2025-01-17,1953,N20,nominal,2.0NRT,303.6,3.06,D
20.32896,-101.44518,336.62,0.38,0.36,2025-01-17,1953,N20,nominal,2.0NRT,307.26,3.29,D
20.37338,-101.19859,335.03,0.38,0.36,2025-01-17,1953,N20,nominal,2.0NRT,305.71,2.52,D
20.17113,-102.62052,333.21,0.4,0.37,2025-01-17,1953,N20,low,2.0NRT,307.11,4.49,D
20.32416,-101.67719,334.94,0.39,0.36,2025-01-17,1953,N20,nominal,2.0NRT,305.33,2.9,D
20.28439,-101.95322,334.59,0.39,0.36,2025-01-17,1953,N20,low,2.0NRT,308.25,2.99,D
20.29232,-101.92434,339.74,0.39,0.36,2025-01-17,1953,N20,nominal,2.0NRT,309.14,4.27,D
20.30437,-101.93403,333.64,0.39,0.36,2025-01-17,1953,N20,nominal,2.0NRT,306.45,2.31,D
20.30264,-101.94508,347.15,0.39,0.36,2025-01-17,1953,N20,nominal,2.0NRT,308.57,7.97,D
20.4987,-100.84283,332.91,0.38,0.36,2025-01-17,1953,N20,nominal,2.0NRT,302.7,3.5,D
20.50199,-100.84339,332.38,0.38,0.36,2025-01-17,1953,N20,nominal,2.0NRT,301.35,3.5,D
20.21309,-102.70243,331.72,0.4,0.37,2025-01-17,1953,N20,low,2.0NRT,305.4,3.88,D
20.22405,-102.72012,333.14,0.4,0.37,2025-01-17,1953,N20,nominal,2.0NRT,304.8,2.88,D
20.52005,-100.92503,332.6,0.38,0.36,2025-01-17,1953,N20,low,2.0NRT,306.33,6.59,D
20.52388,-100.92194,334.14,0.38,0.36,2025-01-17,1953,N20,low,2.0NRT,308.01,6.59,D
20.33179,-102.17075,334.15,0.39,0.36,2025-01-17,1953,N20,nominal,2.0NRT,305.94,2.71,D
20.52838,-101.38705,332,0.38,0.36,2025-01-17,1953,N20,nominal,2.0NRT,300.92,1.12,D
20.57814,-101.17113,352.07,0.38,0.36,2025-01-17,1953,N20,nominal,2.0NRT,310.57,13.8,D
20.56757,-101.26283,331.9,0.38,0.36,2025-01-17,1953,N20,nominal,2.0NRT,304.96,1.7,D
21.06371,-97.87905,328.13,0.46,0.39,2025-01-17,1953,N20,nominal,2.0NRT,296.29,1.81,D
21.06503,-97.87807,328.44,0.47,0.39,2025-01-17,1953,N20,nominal,2.0NRT,297.06,2.28,D
20.38066,-102.7999,332.88,0.4,0.37,2025-01-17,1953,N20,nominal,2.0NRT,304.58,2.34,D
20.65752,-101.27489,334.74,0.38,0.36,2025-01-17,1953,N20,nominal,2.0NRT,305.01,7.85,D
20.6608,-101.27545,337.36,0.38,0.36,2025-01-17,1953,N20,nominal,2.0NRT,305.31,7.85,D
20.63406,-101.65329,333.67,0.39,0.36,2025-01-17,1953,N20,nominal,2.0NRT,303.87,4.3,D
20.63349,-101.65695,334.52,0.39,0.36,2025-01-17,1953,N20,nominal,2.0NRT,304,4.3,D
20.69583,-101.42759,346.16,0.38,0.36,2025-01-17,1953,N20,nominal,2.0NRT,308.13,5.39,D
20.47099,-103.14993,331.88,0.41,0.37,2025-01-17,1953,N20,nominal,2.0NRT,303.48,1.17,D
20.47036,-103.15385,343.61,0.41,0.37,2025-01-17,1953,N20,nominal,2.0NRT,309.38,3.3,D
20.8434,-100.7859,333.35,0.39,0.36,2025-01-17,1953,N20,nominal,2.0NRT,301.64,2.17,D
20.74093,-101.77391,334.77,0.39,0.36,2025-01-17,1953,N20,nominal,2.0NRT,304.17,2.55,D
20.50767,-103.27003,337.63,0.42,0.37,2025-01-17,1953,N20,nominal,2.0NRT,306.53,2.04,D
20.45731,-103.57255,330.6,0.43,0.38,2025-01-17,1953,N20,low,2.0NRT,302.6,1.17,D
20.44794,-103.75582,344.49,0.43,0.38,2025-01-17,1953,N20,nominal,2.0NRT,309.8,25.26,D
20.81567,-101.94942,339.83,0.39,0.36,2025-01-17,1953,N20,nominal,2.0NRT,309.62,10.49,D
20.81896,-101.94999,342.04,0.39,0.36,2025-01-17,1953,N20,nominal,2.0NRT,308.42,10.3,D
20.69649,-102.76172,332.1,0.4,0.37,2025-01-17,1953,N20,nominal,2.0NRT,303.61,1.82,D
20.59853,-103.35889,340.23,0.42,0.38,2025-01-17,1953,N20,nominal,2.0NRT,308.4,5.93,D
20.52472,-103.84167,343.33,0.44,0.38,2025-01-17,1953,N20,nominal,2.0NRT,305.13,15.63,D
20.60421,-103.72971,345.61,0.43,0.38,2025-01-17,1953,N20,nominal,2.0NRT,305.88,4.09,D
20.92987,-101.78059,335.87,0.39,0.36,2025-01-17,1955,N20,nominal,2.0NRT,304.97,2.6,D
20.97545,-101.64262,339.47,0.39,0.36,2025-01-17,1955,N20,nominal,2.0NRT,309.21,6.71,D
20.65598,-103.83679,336.59,0.43,0.38,2025-01-17,1955,N20,nominal,2.0NRT,307.75,6.41,D
20.65945,-103.83744,335.38,0.43,0.38,2025-01-17,1955,N20,nominal,2.0NRT,304.32,6.41,D
21.46061,-98.67295,337.92,0.43,0.38,2025-01-17,1955,N20,nominal,2.0NRT,299.32,4.7,D
20.8715,-102.73534,333.58,0.4,0.37,2025-01-17,1955,N20,nominal,2.0NRT,305.38,2.1,D
21.04323,-101.6846,333.8,0.39,0.36,2025-01-17,1955,N20,low,2.0NRT,305.58,3.11,D
21.52732,-98.5834,337.65,0.44,0.38,2025-01-17,1955,N20,nominal,2.0NRT,303.71,11.33,D
21.59843,-98.45554,337.71,0.44,0.39,2025-01-17,1955,N20,nominal,2.0NRT,303.06,4.64,D
21.70767,-98.87787,340.03,0.43,0.38,2025-01-17,1955,N20,nominal,2.0NRT,302.14,7.66,D
21.20876,-102.28271,346.5,0.39,0.36,2025-01-17,1955,N20,nominal,2.0NRT,306.37,5.3,D
21.84137,-98.49912,329.49,0.44,0.39,2025-01-17,1955,N20,nominal,2.0NRT,299.09,2.43,D
22.05398,-98.14578,348.01,0.46,0.39,2025-01-17,1955,N20,nominal,2.0NRT,308.14,35.58,D
22.06819,-98.06555,347.78,0.47,0.39,2025-01-17,1955,N20,nominal,2.0NRT,304.73,8.56,D
22.0676,-98.07006,336.32,0.47,0.39,2025-01-17,1955,N20,nominal,2.0NRT,303.67,8.56,D
22.05758,-98.14633,337.85,0.46,0.39,2025-01-17,1955,N20,nominal,2.0NRT,304.55,16.39,D
22.07861,-98.15404,336.62,0.46,0.39,2025-01-17,1955,N20,nominal,2.0NRT,296.29,3.04,D
22.08185,-98.37521,338.91,0.45,0.39,2025-01-17,1955,N20,nominal,2.0NRT,299.51,6.25,D
22.08088,-98.37411,344.45,0.45,0.39,2025-01-17,1955,N20,nominal,2.0NRT,298.59,6.77,D
21.76585,-100.9978,341.42,0.39,0.36,2025-01-17,1955,N20,nominal,2.0NRT,303.52,6.13,D
21.77242,-100.99892,337.98,0.39,0.36,2025-01-17,1955,N20,nominal,2.0NRT,304.48,3.63,D
21.74143,-101.4954,334.44,0.38,0.36,2025-01-17,1955,N20,nominal,2.0NRT,297.77,2.46,D
21.74406,-101.50711,343.52,0.38,0.36,2025-01-17,1955,N20,nominal,2.0NRT,297.61,4.82,D
21.74958,-101.49299,331.23,0.38,0.36,2025-01-17,1955,N20,nominal,2.0NRT,297.05,4.33,D
22.18177,-99.2225,336.87,0.42,0.38,2025-01-17,1955,N20,nominal,2.0NRT,302.99,4.99,D
22.18383,-99.22661,331.64,0.42,0.38,2025-01-17,1955,N20,nominal,2.0NRT,300.92,8.13,D
21.39793,-104.8196,329.51,0.47,0.4,2025-01-17,1955,N20,nominal,2.0NRT,298.4,2.35,D
22.65401,-97.68055,331.41,0.49,0.41,2025-01-17,1955,N20,nominal,2.0NRT,292.54,2.85,D
22.76732,-98.96341,338.09,0.44,0.38,2025-01-17,1955,N20,nominal,2.0NRT,297.06,6.74,D
22.78772,-98.83656,327.59,0.44,0.38,2025-01-17,1955,N20,nominal,2.0NRT,296.75,2.36,D
22.92091,-98.64503,333.63,0.45,0.39,2025-01-17,1955,N20,nominal,2.0NRT,302.96,2.46,D
22.51684,-101.98162,338.4,0.38,0.36,2025-01-17,1955,N20,nominal,2.0NRT,272.89,3.91,D
22.01997,-105.13885,344.55,0.48,0.4,2025-01-17,1955,N20,nominal,2.0NRT,299.34,7.81,D
22.01725,-105.13713,331.97,0.47,0.4,2025-01-17,1955,N20,nominal,2.0NRT,299.91,3.67,D
22.01644,-105.1417,331.77,0.48,0.4,2025-01-17,1955,N20,nominal,2.0NRT,301.44,3.67,D
22.70815,-100.98534,338.59,0.39,0.36,2025-01-17,1955,N20,nominal,2.0NRT,294.77,3.53,D
23.59962,-98.28899,326.93,0.47,0.4,2025-01-17,1955,N20,nominal,2.0NRT,286.68,6.82,D
23.18828,-102.39043,333.19,0.39,0.36,2025-01-17,1955,N20,nominal,2.0NRT,294.06,3.69,D
23.1877,-102.39415,351.36,0.39,0.36,2025-01-17,1955,N20,nominal,2.0NRT,300.88,10.88,D
23.19157,-102.39102,329.73,0.39,0.36,2025-01-17,1955,N20,nominal,2.0NRT,295.24,1.9,D
23.58783,-103.24172,336.55,0.4,0.37,2025-01-17,1955,N20,nominal,2.0NRT,292.48,2.99,D
24.00967,-104.41817,331.47,0.42,0.38,2025-01-17,1955,N20,nominal,2.0NRT,281.81,2.98,D
24.00242,-104.54427,338.89,0.43,0.38,2025-01-17,1955,N20,nominal,2.0NRT,283.69,3.25,D
25.64219,-97.89589,332.17,0.52,0.42,2025-01-17,1955,N20,nominal,2.0NRT,292.15,4.27,D
27.86172,-105.48237,332.35,0.42,0.38,2025-01-17,1955,N20,nominal,2.0NRT,284.63,3.25,D
29.01295,-104.64034,337.74,0.39,0.37,2025-01-17,1957,N20,nominal,2.0NRT,296.96,2.31,D
29.62541,-104.49906,335.22,0.39,0.36,2025-01-17,1957,N20,nominal,2.0NRT,300.32,14.67,D
29.62478,-104.50304,338.91,0.39,0.36,2025-01-17,1957,N20,nominal,2.0NRT,306.2,14.67,D
30.90271,-107.40978,333.9,0.46,0.39,2025-01-17,1957,N20,nominal,2.0NRT,294.56,6.08,D
30.4955,-109.63065,336.86,0.4,0.44,2025-01-17,1957,N20,nominal,2.0NRT,301.6,12.78,D
30.94333,-107.42271,339.43,0.46,0.39,2025-01-17,1957,N20,nominal,2.0NRT,296.75,4.27,D
30.94248,-107.42743,331,0.46,0.39,2025-01-17,1957,N20,nominal,2.0NRT,294.18,4.27,D
31.78351,-103.28568,335.15,0.39,0.36,2025-01-17,1957,N20,nominal,2.0NRT,289.52,2.02,D
31.80441,-103.23552,339.51,0.39,0.36,2025-01-17,1957,N20,nominal,2.0NRT,294.75,5.41,D
31.17903,-108.1965,330.97,0.49,0.4,2025-01-17,1957,N20,nominal,2.0NRT,293.54,27.63,D
31.18174,-108.20245,331.55,0.49,0.4,2025-01-17,1957,N20,nominal,2.0NRT,294.15,4.15,D
31.27216,-107.99905,332.94,0.48,0.4,2025-01-17,1957,N20,nominal,2.0NRT,295.43,7.32,D
30.49206,-112.22996,329.2,0.55,0.51,2025-01-17,1957,N20,nominal,2.0NRT,298.93,2.74,D
30.67312,-111.85947,355.02,0.52,0.5,2025-01-17,1957,N20,nominal,2.0NRT,302.1,14.56,D
30.67452,-111.85666,333.97,0.52,0.5,2025-01-17,1957,N20,nominal,2.0NRT,299.27,6.52,D
30.67333,-111.86197,337.92,0.52,0.5,2025-01-17,1957,N20,nominal,2.0NRT,301.27,10.77,D
31.12087,-112.20223,340.02,0.53,0.5,2025-01-17,1957,N20,nominal,2.0NRT,297,3.77,D
32.06557,-109.93625,340.66,0.38,0.44,2025-01-17,1957,N20,nominal,2.0NRT,294.2,3.52,D
33.58844,-102.45206,339.96,0.41,0.37,2025-01-17,1957,N20,nominal,2.0NRT,302.84,28.93,D
33.58785,-102.45644,347.12,0.41,0.37,2025-01-17,1957,N20,nominal,2.0NRT,301.71,19.99,D
33.59184,-102.45271,367,0.41,0.37,2025-01-17,1957,N20,high,2.0NRT,293.56,28.93,D
33.5936,-102.43954,330.33,0.41,0.37,2025-01-17,1957,N20,nominal,2.0NRT,288.25,15.54,D
33.59301,-102.44392,349.42,0.41,0.37,2025-01-17,1957,N20,nominal,2.0NRT,299.28,15.54,D
33.59242,-102.44832,353.68,0.41,0.37,2025-01-17,1957,N20,nominal,2.0NRT,299.4,28.93,D
33.59124,-102.45709,352.9,0.41,0.37,2025-01-17,1957,N20,nominal,2.0NRT,297.66,19.99,D
33.59065,-102.46148,346.46,0.41,0.37,2025-01-17,1957,N20,nominal,2.0NRT,292.65,19.99,D
33.59007,-102.46587,349.7,0.41,0.37,2025-01-17,1957,N20,nominal,2.0NRT,292.93,8,D
33.59581,-102.44897,328.39,0.41,0.37,2025-01-17,1957,N20,nominal,2.0NRT,289.34,6.67,D
33.59522,-102.45335,349.79,0.41,0.37,2025-01-17,1957,N20,nominal,2.0NRT,291.22,6.67,D
33.5933,-102.49345,343.5,0.41,0.37,2025-01-17,1957,N20,nominal,2.0NRT,295.53,10,D
33.59271,-102.49783,334.43,0.41,0.37,2025-01-17,1957,N20,nominal,2.0NRT,292.27,10,D
34.32728,-101.56449,336.43,0.44,0.39,2025-01-17,1957,N20,nominal,2.0NRT,291.53,31.61,D
34.32669,-101.56927,347.6,0.44,0.39,2025-01-17,1957,N20,nominal,2.0NRT,306.48,31.61,D
34.32609,-101.57406,338.83,0.44,0.38,2025-01-17,1957,N20,nominal,2.0NRT,296.5,22.11,D
34.3308,-101.56513,335.64,0.44,0.39,2025-01-17,1957,N20,nominal,2.0NRT,290.96,17.63,D
34.3302,-101.56992,354.13,0.44,0.39,2025-01-17,1957,N20,nominal,2.0NRT,299.42,17.63,D
34.32961,-101.57469,337.33,0.44,0.38,2025-01-17,1957,N20,nominal,2.0NRT,290.26,6.67,D
31.65576,-116.2682,367,0.45,0.63,2025-01-17,1957,N20,high,2.0NRT,299.94,52.18,D
31.65447,-116.27321,343.39,0.45,0.63,2025-01-17,1957,N20,nominal,2.0NRT,315.58,52.18,D
31.65322,-116.27803,330.02,0.45,0.63,2025-01-17,1957,N20,nominal,2.0NRT,294.74,19.35,D
31.66063,-116.27273,367,0.45,0.63,2025-01-17,1957,N20,high,2.0NRT,300.97,44.74,D
31.65928,-116.27798,347.01,0.45,0.63,2025-01-17,1957,N20,nominal,2.0NRT,301.1,34.69,D
32.14294,-114.97569,352.07,0.37,0.58,2025-01-17,1957,N20,nominal,2.0NRT,296.36,8.51,D
32.14203,-114.97943,352.17,0.37,0.58,2025-01-17,1957,N20,nominal,2.0NRT,303.34,8.51,D
34.80103,-100.0511,332.65,0.52,0.41,2025-01-17,1957,N20,nominal,2.0NRT,295.35,9.46,D
34.80482,-100.05173,344.85,0.52,0.41,2025-01-17,1957,N20,nominal,2.0NRT,299.64,9.46,D
32.6284,-114.53357,353.43,0.34,0.56,2025-01-17,1957,N20,nominal,2.0NRT,313.59,17.46,D
32.63419,-114.53177,367,0.34,0.56,2025-01-17,1957,N20,high,2.0NRT,298.62,22.25,D
32.63335,-114.53522,348.5,0.34,0.56,2025-01-17,1957,N20,nominal,2.0NRT,306.07,17.46,D
35.96235,-101.81849,335.03,0.45,0.39,2025-01-17,1957,N20,nominal,2.0NRT,291.96,8.6,D
34.72522,-114.48377,327.24,0.6,0.53,2025-01-17,1959,N20,nominal,2.0NRT,294.75,2.93,D
35.53355,-115.45094,345.14,0.32,0.55,2025-01-17,1959,N20,nominal,2.0NRT,288.17,2.83,D
35.55541,-115.4694,345.04,0.32,0.55,2025-01-17,1959,N20,nominal,2.0NRT,288.55,4.31,D
35.57329,-115.48263,353.76,0.32,0.55,2025-01-17,1959,N20,nominal,2.0NRT,290.57,3.83,D
31.65405,-116.2506,367,0.53,0.67,2025-01-17,2140,N20,high,2.0NRT,294.34,321.89,D
31.65325,-116.26533,344.98,0.53,0.67,2025-01-17,2140,N20,nominal,2.0NRT,310.39,218,D
31.65296,-116.27074,340.55,0.53,0.67,2025-01-17,2140,N20,nominal,2.0NRT,300.5,25.08,D
31.65379,-116.25536,367,0.53,0.67,2025-01-17,2140,N20,low,2.0NRT,362.69,321.89,D
31.65353,-116.26022,367,0.53,0.67,2025-01-17,2140,N20,low,2.0NRT,355.74,218,D
31.65999,-116.25581,367,0.53,0.67,2025-01-17,2140,N20,high,2.0NRT,291.61,22.88,D
31.65967,-116.26176,352.63,0.53,0.67,2025-01-17,2140,N20,nominal,2.0NRT,301.88,18.6,D
31.65935,-116.26765,344.6,0.53,0.67,2025-01-17,2140,N20,nominal,2.0NRT,305.22,18.6,D
31.65904,-116.27325,336.54,0.53,0.67,2025-01-17,2140,N20,nominal,2.0NRT,302.52,10.02,D
31.66613,-116.25759,329.92,0.53,0.67,2025-01-17,2140,N20,nominal,2.0NRT,292.15,22.88,D
31.66572,-116.26488,340.02,0.53,0.67,2025-01-17,2140,N20,nominal,2.0NRT,299.55,18.6,D
31.65252,-116.25301,367,0.53,0.67,2025-01-17,2140,N20,high,2.0NRT,308.84,145.42,D
31.65275,-116.24829,336.27,0.53,0.67,2025-01-17,2140,N20,nominal,2.0NRT,289.51,145.42,D
31.65179,-116.26813,353.12,0.53,0.67,2025-01-17,2140,N20,nominal,2.0NRT,301.17,21.45,D
31.65153,-116.27349,326.61,0.53,0.67,2025-01-17,2140,N20,nominal,2.0NRT,295.38,21.45,D
31.65228,-116.25785,367,0.53,0.67,2025-01-17,2140,N20,low,2.0NRT,345.89,186.34,D
31.65205,-116.26285,367,0.53,0.67,2025-01-17,2140,N20,low,2.0NRT,326.59,186.34,D
31.6582,-116.26426,346.99,0.53,0.67,2025-01-17,2140,N20,nominal,2.0NRT,305.78,186.34,D
31.65793,-116.27003,348.18,0.53,0.67,2025-01-17,2140,N20,nominal,2.0NRT,306.02,21.45,D
31.65767,-116.27534,331.83,0.53,0.67,2025-01-17,2140,N20,nominal,2.0NRT,301.66,21.45,D
31.65874,-116.25323,356.2,0.53,0.67,2025-01-17,2140,N20,low,2.0NRT,289.81,145.42,D
31.65848,-116.25856,207.93,0.53,0.67,2025-01-17,2140,N20,low,2.0NRT,323.52,186.34,D
31.6646,-116.26079,349.76,0.53,0.67,2025-01-17,2140,N20,nominal,2.0NRT,297.19,6.05,D
31.66427,-116.26754,330.41,0.53,0.67,2025-01-17,2140,N20,nominal,2.0NRT,298.62,6.05,D
32.42934,-114.8715,367,0.64,0.72,2025-01-17,2140,N20,high,2.0NRT,296.26,19.93,D
32.42907,-114.87847,343.15,0.64,0.72,2025-01-17,2140,N20,nominal,2.0NRT,296.85,14.46,D
32.43227,-114.87452,367,0.64,0.72,2025-01-17,2140,N20,high,2.0NRT,299.82,23.97,D
32.62925,-114.5338,342.8,0.68,0.74,2025-01-17,2140,N20,nominal,2.0NRT,299.02,6.7,D
33.05225,-115.55414,341.89,0.59,0.7,2025-01-17,2140,N20,nominal,2.0NRT,295.01,11.81,D
33.05877,-115.55441,367,0.59,0.7,2025-01-17,2140,N20,high,2.0NRT,294.18,11.81,D
33.05207,-115.55426,330.59,0.59,0.7,2025-01-17,2140,N20,nominal,2.0NRT,294.8,14.36,D
33.05858,-115.55456,367,0.59,0.7,2025-01-17,2140,N20,high,2.0NRT,294.5,14.36,D
33.10966,-115.41992,339.05,0.6,0.71,2025-01-17,2140,N20,nominal,2.0NRT,298.38,9.33,D
33.11623,-115.42023,367,0.6,0.71,2025-01-17,2140,N20,high,2.0NRT,299.65,9.33,D
33.11649,-115.4137,331.9,0.61,0.71,2025-01-17,2140,N20,nominal,2.0NRT,290.54,9.33,D
33.1338,-115.47334,367,0.6,0.71,2025-01-17,2140,N20,high,2.0NRT,307.86,62.78,D
33.13353,-115.47987,355.69,0.6,0.71,2025-01-17,2140,N20,nominal,2.0NRT,307.16,45.34,D
33.14034,-115.47363,367,0.6,0.71,2025-01-17,2140,N20,high,2.0NRT,299.93,62.78,D
33.14008,-115.48014,337.29,0.6,0.71,2025-01-17,2140,N20,nominal,2.0NRT,307.2,45.34,D
33.13275,-115.4754,367,0.6,0.71,2025-01-17,2140,N20,high,2.0NRT,304.88,58.93,D
33.1393,-115.47572,347.39,0.6,0.71,2025-01-17,2140,N20,nominal,2.0NRT,312.92,58.93,D
33.13907,-115.48225,342.83,0.6,0.71,2025-01-17,2140,N20,nominal,2.0NRT,305.9,58.93,D
35.55743,-115.46514,332.3,0.63,0.72,2025-01-17,2140,N20,nominal,2.0NRT,286.41,4.09,D
36.80307,-121.78059,338.14,0.56,0.52,2025-01-17,2140,N20,nominal,2.0NRT,292.49,10.86,D
36.80376,-121.77591,339.44,0.56,0.52,2025-01-17,2140,N20,nominal,2.0NRT,288.33,10.74,D
36.80329,-121.78223,331.76,0.56,0.52,2025-01-17,2140,N20,nominal,2.0NRT,291.65,10.74,D
38.53228,-122.00632,330.61,0.57,0.52,2025-01-17,2140,N20,nominal,2.0NRT,289.91,6.73,D
38.64029,-120.5396,336.54,0.34,0.56,2025-01-17,2140,N20,nominal,2.0NRT,285.07,1.51,D
38.90236,-120.66666,347.11,0.34,0.56,2025-01-17,2142,N20,nominal,2.0NRT,283.75,4.49,D
38.86457,-121.59175,339.36,0.61,0.53,2025-01-17,2142,N20,nominal,2.0NRT,289.23,15.1,D
39.04775,-121.64777,326.92,0.6,0.53,2025-01-17,2142,N20,nominal,2.0NRT,287.84,5.19,D
39.09221,-122.19491,345.97,0.56,0.52,2025-01-17,2142,N20,nominal,2.0NRT,289.17,9.84,D
39.08744,-122.19589,334.42,0.56,0.52,2025-01-17,2142,N20,nominal,2.0NRT,287.03,4.19,D
39.09222,-122.19637,344.76,0.56,0.52,2025-01-17,2142,N20,nominal,2.0NRT,288.35,6.95,D
39.63543,-121.87829,335.17,0.59,0.53,2025-01-17,2142,N20,nominal,2.0NRT,290.13,5.44,D
39.63319,-121.87803,333.8,0.59,0.53,2025-01-17,2142,N20,nominal,2.0NRT,289.44,4.96,D
39.91671,-122.2591,333.91,0.57,0.52,2025-01-17,2142,N20,nominal,2.0NRT,287.22,6.1,D
39.9215,-122.25964,343.15,0.57,0.52,2025-01-17,2142,N20,nominal,2.0NRT,289,6.1,D
19.39365,-155.26527,326.77,0.48,0.4,2025-01-17,2318,N20,nominal,2.0NRT,295.58,5.49,D
19.40091,-155.26671,335.62,0.48,0.4,2025-01-17,2318,N20,nominal,2.0NRT,291.34,7.33,D
19.39779,-155.28471,332.42,0.48,0.4,2025-01-17,2318,N20,nominal,2.0NRT,301.09,8.82,D
19.40297,-155.27649,339.96,0.48,0.4,2025-01-17,2318,N20,nominal,2.0NRT,290.54,5.17,D
19.40219,-155.28099,351.04,0.48,0.4,2025-01-17,2318,N20,nominal,2.0NRT,320.99,172.32,D
19.40141,-155.28548,367,0.48,0.4,2025-01-17,2318,N20,low,2.0NRT,367.89,172.32,D
19.40064,-155.28992,367,0.48,0.4,2025-01-17,2318,N20,low,2.0NRT,331.89,47.12,D
19.40816,-155.26817,332.44,0.48,0.4,2025-01-17,2318,N20,nominal,2.0NRT,293.38,6.55,D
19.40738,-155.27269,335.07,0.48,0.4,2025-01-17,2318,N20,nominal,2.0NRT,296.11,5.17,D
19.40427,-155.2906,346.61,0.48,0.4,2025-01-17,2318,N20,nominal,2.0NRT,297.07,47.12,D
19.40351,-155.29501,333.19,0.48,0.4,2025-01-17,2318,N20,nominal,2.0NRT,298.16,47.12,D
19.40195,-155.30403,329.45,0.48,0.4,2025-01-17,2318,N20,nominal,2.0NRT,299.23,7.48,D
19.40504,-155.28618,312.41,0.48,0.4,2025-01-17,2318,N20,low,2.0NRT,317.69,172.32,D
19.41002,-155.3008,331.18,0.48,0.4,2025-01-17,2318,N20,nominal,2.0NRT,292.28,5.55,D
19.41288,-155.30605,327.71,0.48,0.4,2025-01-17,2318,N20,nominal,2.0NRT,290.04,10.39,D
23.08706,-81.27226,307.82,0.39,0.44,2025-01-18,0641,N20,nominal,2.0NRT,291.01,1.04,N
22.24316,-80.52254,305.11,0.51,0.41,2025-01-18,0641,N20,nominal,2.0NRT,289.59,0.97,N
22.18635,-80.52811,308.22,0.51,0.41,2025-01-18,0641,N20,nominal,2.0NRT,290.53,0.99,N
21.90671,-78.62596,300.06,0.42,0.38,2025-01-18,0641,N20,nominal,2.0NRT,288.78,0.45,N
21.89003,-78.63286,322.02,0.42,0.38,2025-01-18,0641,N20,nominal,2.0NRT,289.15,2.55,N
21.64,-77.63795,309.73,0.4,0.37,2025-01-18,0641,N20,nominal,2.0NRT,289.23,1.04,N
21.73071,-78.91209,310.76,0.43,0.38,2025-01-18,0641,N20,nominal,2.0NRT,289.66,0.92,N
21.72722,-78.91265,307.1,0.43,0.38,2025-01-18,0641,N20,nominal,2.0NRT,289.92,0.92,N
21.61242,-79.2524,302.44,0.44,0.39,2025-01-18,0641,N20,nominal,2.0NRT,290.16,0.61,N
21.35103,-77.95448,305.03,0.4,0.37,2025-01-18,0641,N20,nominal,2.0NRT,290.69,0.54,N
21.28189,-78.2473,328.03,0.41,0.37,2025-01-18,0641,N20,nominal,2.0NRT,290.08,2.06,N
21.28132,-78.2434,314.61,0.41,0.37,2025-01-18,0641,N20,nominal,2.0NRT,290.07,2.53,N
21.2785,-78.24788,317.39,0.41,0.37,2025-01-18,0641,N20,nominal,2.0NRT,290.13,2.06,N
21.02638,-77.14899,302.77,0.39,0.36,2025-01-18,0641,N20,nominal,2.0NRT,290.66,0.34,N
21.0551,-78.3469,300.81,0.41,0.37,2025-01-18,0641,N20,nominal,2.0NRT,289.44,0.31,N
20.95869,-77.91196,304,0.4,0.37,2025-01-18,0641,N20,nominal,2.0NRT,289.9,0.67,N
20.57618,-76.03603,328.4,0.39,0.36,2025-01-18,0641,N20,nominal,2.0NRT,290.7,1.84,N
20.57559,-76.03236,352.46,0.39,0.36,2025-01-18,0641,N20,nominal,2.0NRT,296.95,8.78,N
20.57501,-76.02869,322.32,0.39,0.36,2025-01-18,0641,N20,nominal,2.0NRT,290.75,8.78,N
20.57112,-76.02561,328.62,0.39,0.36,2025-01-18,0641,N20,nominal,2.0NRT,291.62,2.42,N
20.57288,-76.03663,310.47,0.39,0.36,2025-01-18,0641,N20,nominal,2.0NRT,290.75,1.84,N
20.5717,-76.02929,310.12,0.39,0.36,2025-01-18,0641,N20,nominal,2.0NRT,291.09,8.78,N
20.56841,-76.02988,300.47,0.39,0.36,2025-01-18,0641,N20,nominal,2.0NRT,290.28,0.95,N
19.46494,-70.7832,303.54,0.44,0.46,2025-01-18,0641,N20,nominal,2.0NRT,290.76,0.75,N
20.20394,-75.56685,316.49,0.39,0.36,2025-01-18,0641,N20,nominal,2.0NRT,290.62,0.84,N
18.99624,-72.31043,321.39,0.54,0.42,2025-01-18,0644,N20,nominal,2.0NRT,292.04,2.64,N
18.45002,-70.64339,306.87,0.46,0.47,2025-01-18,0644,N20,nominal,2.0NRT,292.68,0.97,N
18.34353,-71.26982,324.41,0.43,0.46,2025-01-18,0644,N20,nominal,2.0NRT,291.54,2.52,N
18.30648,-71.0766,305.94,0.44,0.46,2025-01-18,0644,N20,nominal,2.0NRT,292.26,1.55,N
18.18194,-71.25085,303.52,0.43,0.46,2025-01-18,0644,N20,nominal,2.0NRT,290.76,1.22,N
17.96594,-76.73111,309.63,0.39,0.36,2025-01-18,0644,N20,nominal,2.0NRT,293.79,0.68,N
43.0809,-77.38161,295.74,0.41,0.45,2025-01-18,0635,N20,nominal,2.0NRT,265.1,0.67,N
41.43687,-75.59747,299.12,0.49,0.41,2025-01-18,0637,N20,nominal,2.0NRT,265.47,0.61,N
41.3952,-75.73376,302.6,0.5,0.41,2025-01-18,0637,N20,nominal,2.0NRT,268.76,1.15,N
40.15225,-74.76872,302.41,0.45,0.39,2025-01-18,0637,N20,nominal,2.0NRT,266.95,1.47,N
40.15337,-74.77039,317.7,0.45,0.39,2025-01-18,0637,N20,nominal,2.0NRT,267.99,1.76,N
40.13963,-74.80558,296.53,0.45,0.39,2025-01-18,0637,N20,nominal,2.0NRT,268.15,0.68,N
40.02573,-74.25111,310.41,0.43,0.38,2025-01-18,0637,N20,nominal,2.0NRT,265.22,1.15,N
40.07,-74.77201,295.24,0.45,0.39,2025-01-18,0637,N20,nominal,2.0NRT,266.24,0.45,N
39.94066,-76.81551,316.55,0.54,0.42,2025-01-18,0637,N20,nominal,2.0NRT,270.81,2.72,N
24.68355,-78.02744,331.43,0.42,0.38,2025-01-18,0641,N20,nominal,2.0NRT,288.23,4,N
24.68297,-78.02326,314.96,0.42,0.38,2025-01-18,0641,N20,nominal,2.0NRT,288.39,2.01,N
24.67836,-78.0155,300.85,0.42,0.38,2025-01-18,0641,N20,nominal,2.0NRT,286.38,0.79,N
24.68073,-78.0221,305.98,0.42,0.38,2025-01-18,0641,N20,nominal,2.0NRT,285.08,0.53,N
24.67668,-78.01852,296.35,0.42,0.38,2025-01-18,0641,N20,nominal,2.0NRT,283.91,0.53,N
24.67609,-78.01436,306.42,0.42,0.38,2025-01-18,0641,N20,nominal,2.0NRT,287.71,1.66,N
20.97294,-98.74309,301.87,0.45,0.39,2025-01-18,0824,N20,nominal,2.0NRT,291.22,0.47,N
19.59302,-92.20454,321.22,0.39,0.59,2025-01-18,0824,N20,nominal,2.0NRT,294.73,2.32,N
43.11842,-93.19274,322.63,0.4,0.37,2025-01-18,0817,N20,nominal,2.0NRT,261.56,2.16,N
19.59223,-92.20092,312.06,0.39,0.59,2025-01-18,0824,N20,nominal,2.0NRT,295.54,1.94,N
19.60123,-92.2933,367,0.38,0.59,2025-01-18,0824,N20,high,2.0NRT,297.53,6.19,N
19.60201,-92.29687,312.8,0.38,0.59,2025-01-18,0824,N20,nominal,2.0NRT,294.39,6.19,N
19.59002,-92.20206,324.15,0.39,0.59,2025-01-18,0824,N20,nominal,2.0NRT,295.88,2.31,N
19.59079,-92.20569,306.4,0.39,0.59,2025-01-18,0824,N20,nominal,2.0NRT,294.43,1.77,N
19.60373,-92.2934,367,0.38,0.59,2025-01-18,0824,N20,high,2.0NRT,295.75,5.02,N
19.60448,-92.29697,312.09,0.38,0.59,2025-01-18,0824,N20,nominal,2.0NRT,294.8,5.02,N
19.60297,-92.28983,318.69,0.38,0.59,2025-01-18,0824,N20,nominal,2.0NRT,295.19,6.89,N
19.56947,-92.23747,324.67,0.39,0.59,2025-01-18,0824,N20,nominal,2.0NRT,295.75,1.43,N
19.56414,-92.23875,306.79,0.39,0.59,2025-01-18,0824,N20,nominal,2.0NRT,294.15,1.43,N
19.52575,-92.19082,367,0.39,0.59,2025-01-18,0824,N20,high,2.0NRT,295.21,3.75,N
19.52496,-92.18718,310.74,0.39,0.59,2025-01-18,0824,N20,nominal,2.0NRT,294.76,4.68,N
19.52039,-92.1921,305.98,0.39,0.59,2025-01-18,0824,N20,nominal,2.0NRT,294.42,3.75,N
19.4472,-92.08993,355.08,0.4,0.6,2025-01-18,0824,N20,nominal,2.0NRT,294.55,6.82,N
19.44638,-92.08623,353.11,0.4,0.6,2025-01-18,0824,N20,nominal,2.0NRT,296.32,6.82,N
19.43574,-92.03791,331.39,0.4,0.6,2025-01-18,0824,N20,nominal,2.0NRT,294.33,2.52,N
19.44801,-92.09364,307.52,0.4,0.6,2025-01-18,0824,N20,nominal,2.0NRT,294.21,1.97,N
20.51664,-97.48106,298.28,0.53,0.42,2025-01-18,0824,N20,nominal,2.0NRT,288.16,0.5,N
19.44043,-92.03633,338.93,0.4,0.6,2025-01-18,0824,N20,nominal,2.0NRT,294.96,3.63,N
19.45152,-92.0885,307.12,0.4,0.6,2025-01-18,0824,N20,nominal,2.0NRT,294.52,4.31,N
19.45073,-92.08479,307.37,0.4,0.6,2025-01-18,0824,N20,nominal,2.0NRT,294.77,4.31,N
19.44612,-92.08981,367,0.4,0.6,2025-01-18,0824,N20,high,2.0NRT,294.33,4.31,N
19.44533,-92.08609,352.84,0.4,0.6,2025-01-18,0824,N20,nominal,2.0NRT,295.58,4.31,N
19.44691,-92.09351,309.16,0.4,0.6,2025-01-18,0824,N20,nominal,2.0NRT,294.12,2.55,N
19.3963,-92.04306,367,0.4,0.6,2025-01-18,0824,N20,high,2.0NRT,297.48,7.13,N
20.49163,-97.53816,300.25,0.52,0.42,2025-01-18,0824,N20,nominal,2.0NRT,288.6,0.29,N
19.39711,-92.0468,316.29,0.4,0.6,2025-01-18,0824,N20,nominal,2.0NRT,293.98,7.13,N
20.47851,-97.67979,300.25,0.52,0.41,2025-01-18,0824,N20,nominal,2.0NRT,289.09,0.54,N
19.33605,-92.40117,326.35,0.38,0.59,2025-01-18,0824,N20,nominal,2.0NRT,295.39,1.41,N
19.33681,-92.40472,310.03,0.38,0.59,2025-01-18,0824,N20,nominal,2.0NRT,294.37,1.41,N
19.24109,-92.2569,318.37,0.39,0.59,2025-01-18,0824,N20,nominal,2.0NRT,294.46,1.63,N
19.24031,-92.25324,312.12,0.39,0.59,2025-01-18,0824,N20,nominal,2.0NRT,294.86,1.49,N
20.93139,-101.78082,311.96,0.38,0.36,2025-01-18,0824,N20,nominal,2.0NRT,284.05,1.32,N
20.41776,-99.01989,299.35,0.45,0.39,2025-01-18,0824,N20,nominal,2.0NRT,284.4,0.88,N
20.53156,-100.30217,297.03,0.4,0.37,2025-01-18,0824,N20,nominal,2.0NRT,282.76,0.59,N
20.38563,-99.68961,310.45,0.42,0.38,2025-01-18,0824,N20,nominal,2.0NRT,286.13,1.25,N
20.58647,-101.17506,303.54,0.39,0.36,2025-01-18,0824,N20,nominal,2.0NRT,289.12,0.74,N
20.58257,-101.17198,296.63,0.39,0.36,2025-01-18,0824,N20,nominal,2.0NRT,284.7,0.74,N
20.57927,-101.17258,336.61,0.39,0.36,2025-01-18,0824,N20,nominal,2.0NRT,289.69,5.51,N
20.57597,-101.17318,329.67,0.39,0.36,2025-01-18,0824,N20,nominal,2.0NRT,286.5,5.51,N
20.58694,-101.26213,325.95,0.39,0.36,2025-01-18,0824,N20,nominal,2.0NRT,287.28,6.52,N
20.52514,-100.92344,329.35,0.39,0.36,2025-01-18,0824,N20,nominal,2.0NRT,287.6,3.16,N
20.52183,-100.92404,316.27,0.39,0.36,2025-01-18,0824,N20,nominal,2.0NRT,288.06,3.16,N
18.86661,-92.62606,367,0.38,0.59,2025-01-18,0824,N20,high,2.0NRT,295.16,4.91,N
19.80584,-97.37279,295.19,0.55,0.43,2025-01-18,0824,N20,nominal,2.0NRT,284.74,0.59,N
18.86735,-92.62956,310.74,0.38,0.59,2025-01-18,0824,N20,nominal,2.0NRT,294.56,2.57,N
18.86587,-92.62256,314.46,0.38,0.59,2025-01-18,0824,N20,nominal,2.0NRT,294.83,4.91,N
20.45042,-101.62115,295.3,0.39,0.36,2025-01-18,0824,N20,nominal,2.0NRT,282.95,0.33,N
20.05039,-99.29307,326.5,0.44,0.38,2025-01-18,0824,N20,nominal,2.0NRT,283.65,5.81,N
20.04967,-99.28894,311.96,0.44,0.38,2025-01-18,0824,N20,nominal,2.0NRT,285.61,3.02,N
20.04896,-99.28481,300.88,0.44,0.38,2025-01-18,0824,N20,nominal,2.0NRT,288.83,3.02,N
20.04824,-99.28067,298.36,0.44,0.38,2025-01-18,0824,N20,nominal,2.0NRT,287.25,1.36,N
20.04753,-99.27655,298.99,0.44,0.38,2025-01-18,0824,N20,nominal,2.0NRT,287.95,1.36,N
20.03215,-99.27107,309.18,0.44,0.38,2025-01-18,0824,N20,nominal,2.0NRT,282.4,1.26,N
20.01274,-99.18021,303.51,0.45,0.39,2025-01-18,0824,N20,nominal,2.0NRT,285.13,1.17,N
18.64412,-92.17438,350.3,0.41,0.6,2025-01-18,0824,N20,nominal,2.0NRT,294.13,4.83,N
18.64331,-92.17059,342.79,0.41,0.6,2025-01-18,0824,N20,nominal,2.0NRT,294.2,4.83,N
20.60125,-103.3449,302.21,0.4,0.37,2025-01-18,0824,N20,nominal,2.0NRT,284,1.01,N
18.64122,-92.5117,338.68,0.39,0.59,2025-01-18,0824,N20,nominal,2.0NRT,294.38,4.51,N
18.64046,-92.50809,319.65,0.39,0.59,2025-01-18,0824,N20,nominal,2.0NRT,294.57,3.68,N
19.95272,-99.40054,298.13,0.44,0.38,2025-01-18,0824,N20,nominal,2.0NRT,279.68,0.68,N
18.62442,-92.51186,312.02,0.39,0.59,2025-01-18,0824,N20,nominal,2.0NRT,294.07,0.79,N
18.62366,-92.50826,305.93,0.39,0.59,2025-01-18,0824,N20,nominal,2.0NRT,293.9,0.79,N
20.58183,-103.39868,297.63,0.4,0.37,2025-01-18,0824,N20,nominal,2.0NRT,277.57,0.5,N
19.92689,-99.37588,314.19,0.44,0.38,2025-01-18,0824,N20,nominal,2.0NRT,281.26,0.91,N
19.92341,-99.37656,331.42,0.44,0.38,2025-01-18,0824,N20,nominal,2.0NRT,282.75,9.96,N
20.4701,-103.35495,333.92,0.4,0.37,2025-01-18,0824,N20,nominal,2.0NRT,285.3,7.11,N
19.34596,-96.70803,301.28,0.41,0.45,2025-01-18,0824,N20,nominal,2.0NRT,288.7,1.41,N
20.46676,-103.35552,336.24,0.4,0.37,2025-01-18,0824,N20,nominal,2.0NRT,283.89,7.11,N
19.76726,-99.19076,295.81,0.45,0.39,2025-01-18,0824,N20,nominal,2.0NRT,279.58,0.67,N
19.17806,-96.23804,320.56,0.44,0.46,2025-01-18,0824,N20,nominal,2.0NRT,291.92,2.38,N
19.17884,-96.24216,305.19,0.44,0.46,2025-01-18,0824,N20,nominal,2.0NRT,292.51,1.21,N
19.61751,-98.98084,299.61,0.46,0.39,2025-01-18,0824,N20,nominal,2.0NRT,283.79,0.99,N
19.63096,-99.18082,310.51,0.45,0.39,2025-01-18,0824,N20,nominal,2.0NRT,284.34,1.37,N
19.63136,-99.18321,311.77,0.45,0.39,2025-01-18,0824,N20,nominal,2.0NRT,282.01,1.43,N
18.48827,-93.34729,318.02,0.34,0.56,2025-01-18,0824,N20,nominal,2.0NRT,294.14,1.48,N
18.4398,-93.16474,332.27,0.35,0.57,2025-01-18,0824,N20,nominal,2.0NRT,294.96,3.24,N
18.42264,-93.18597,335.66,0.35,0.57,2025-01-18,0824,N20,nominal,2.0NRT,293.86,1.83,N
18.41749,-93.18716,340.82,0.35,0.57,2025-01-18,0824,N20,nominal,2.0NRT,293.71,2.67,N
18.38787,-93.31025,314.23,0.35,0.57,2025-01-18,0824,N20,nominal,2.0NRT,294.44,0.79,N
19.4233,-98.99248,311.84,0.46,0.39,2025-01-18,0824,N20,nominal,2.0NRT,282.27,1.92,N
19.17511,-98.31998,309.3,0.5,0.41,2025-01-18,0824,N20,nominal,2.0NRT,280.18,1.43,N
19.17142,-98.32072,296.27,0.5,0.41,2025-01-18,0824,N20,nominal,2.0NRT,282.53,1.43,N
20.13787,-104.64981,323.09,0.43,0.38,2025-01-18,0824,N20,nominal,2.0NRT,276.08,2.32,N
20.12366,-104.827,308.25,0.44,0.38,2025-01-18,0824,N20,nominal,2.0NRT,287.5,1.05,N
18.04376,-93.06822,321.4,0.37,0.58,2025-01-18,0824,N20,nominal,2.0NRT,292.38,2.03,N
18.04305,-93.06483,312.78,0.37,0.58,2025-01-18,0824,N20,nominal,2.0NRT,292.49,1.81,N
17.89823,-92.49156,367,0.4,0.6,2025-01-18,0824,N20,high,2.0NRT,294.39,8.34,N
17.89743,-92.48784,313.28,0.4,0.6,2025-01-18,0824,N20,nominal,2.0NRT,292.74,3.83,N
18.06848,-93.31355,315.92,0.35,0.57,2025-01-18,0824,N20,nominal,2.0NRT,292.1,1.48,N
18.06779,-93.31029,311.48,0.35,0.57,2025-01-18,0824,N20,nominal,2.0NRT,292.48,1.41,N
18.20391,-94.00852,307.86,0.63,0.54,2025-01-18,0824,N20,nominal,2.0NRT,292.72,1.27,N
18.97023,-97.96458,304.56,0.53,0.42,2025-01-18,0824,N20,nominal,2.0NRT,285.03,2.15,N
18.06664,-93.31174,333.81,0.35,0.57,2025-01-18,0824,N20,nominal,2.0NRT,293.48,1.97,N
17.8975,-92.49209,355.83,0.4,0.6,2025-01-18,0824,N20,nominal,2.0NRT,293.83,5.57,N
17.89673,-92.48836,314.63,0.4,0.6,2025-01-18,0824,N20,nominal,2.0NRT,293.11,3.67,N
18.20286,-94.01057,309.63,0.63,0.54,2025-01-18,0824,N20,nominal,2.0NRT,293.04,1.15,N
17.88046,-92.49224,324.74,0.4,0.6,2025-01-18,0824,N20,nominal,2.0NRT,292.69,1.69,N
17.87968,-92.48853,310,0.4,0.6,2025-01-18,0824,N20,nominal,2.0NRT,293.33,1.69,N
19.02267,-98.62259,306.59,0.49,0.4,2025-01-18,0824,N20,nominal,2.0NRT,272.32,1.58,N
18.00501,-93.45452,308.27,0.35,0.56,2025-01-18,0824,N20,nominal,2.0NRT,292.29,1.14,N
18.51006,-96.14493,339.94,0.45,0.47,2025-01-18,0824,N20,nominal,2.0NRT,294.63,8.22,N
17.9466,-93.28276,328.13,0.36,0.57,2025-01-18,0824,N20,nominal,2.0NRT,292.84,3,N
18.50581,-96.14582,339.91,0.45,0.47,2025-01-18,0824,N20,nominal,2.0NRT,292.41,8.22,N
18.09118,-94.04743,320.6,0.63,0.54,2025-01-18,0824,N20,nominal,2.0NRT,293.37,2.24,N
17.90465,-93.18427,330.31,0.36,0.58,2025-01-18,0824,N20,nominal,2.0NRT,293.34,6.81,N
17.90396,-93.18091,350.29,0.36,0.58,2025-01-18,0824,N20,nominal,2.0NRT,295.07,7,N
17.90535,-93.18764,305.3,0.36,0.58,2025-01-18,0824,N20,nominal,2.0NRT,292.83,6.81,N
17.89946,-93.18548,367,0.36,0.58,2025-01-18,0824,N20,high,2.0NRT,298.76,6.81,N
18.13858,-94.3592,304.42,0.6,0.53,2025-01-18,0824,N20,nominal,2.0NRT,292.63,0.99,N
17.90016,-93.18886,307.42,0.36,0.58,2025-01-18,0824,N20,nominal,2.0NRT,293.44,6.81,N
17.89876,-93.18209,310.14,0.36,0.58,2025-01-18,0824,N20,nominal,2.0NRT,293.39,7,N
17.89426,-93.18668,367,0.36,0.58,2025-01-18,0824,N20,high,2.0NRT,294.13,8.16,N
17.89287,-93.17996,325.06,0.36,0.58,2025-01-18,0824,N20,nominal,2.0NRT,292.47,5.89,N
17.89217,-93.17659,315.34,0.36,0.58,2025-01-18,0824,N20,nominal,2.0NRT,292.53,2.41,N
17.89047,-93.19465,321.36,0.36,0.58,2025-01-18,0824,N20,nominal,2.0NRT,293.16,2.47,N
17.96865,-93.65016,332.19,0.34,0.56,2025-01-18,0824,N20,nominal,2.0NRT,293.27,3.26,N
17.9636,-93.65128,367,0.34,0.56,2025-01-18,0824,N20,high,2.0NRT,294.03,3.26,N
17.96874,-93.67616,305.74,0.34,0.56,2025-01-18,0824,N20,nominal,2.0NRT,292.64,0.42,N
17.96425,-93.65441,306.1,0.34,0.56,2025-01-18,0824,N20,nominal,2.0NRT,292.39,3.26,N
18.10155,-94.34996,321,0.6,0.53,2025-01-18,0824,N20,nominal,2.0NRT,292.94,2.72,N
17.8468,-93.1163,316.59,0.37,0.58,2025-01-18,0824,N20,nominal,2.0NRT,293.06,50.67,N
17.84302,-93.12433,367,0.37,0.58,2025-01-18,0824,N20,high,2.0NRT,296.3,50.57,N
17.8423,-93.12095,367,0.37,0.58,2025-01-18,0824,N20,high,2.0NRT,296.34,50.57,N
17.84087,-93.11412,316.96,0.37,0.58,2025-01-18,0824,N20,nominal,2.0NRT,293.97,50.67,N
17.94782,-93.65154,334.9,0.34,0.56,2025-01-18,0824,N20,nominal,2.0NRT,292.88,1.91,N
17.94717,-93.64842,314.48,0.34,0.56,2025-01-18,0824,N20,nominal,2.0NRT,292.56,1.91,N
17.83709,-93.12219,307.58,0.37,0.58,2025-01-18,0824,N20,nominal,2.0NRT,292.78,2.4,N
17.83637,-93.11878,305.55,0.37,0.58,2025-01-18,0824,N20,nominal,2.0NRT,292.93,2.5,N
17.91081,-93.52486,319.26,0.34,0.56,2025-01-18,0824,N20,nominal,2.0NRT,292.64,2.25,N
17.91014,-93.52168,317.31,0.34,0.56,2025-01-18,0824,N20,nominal,2.0NRT,293.03,2.01,N
17.92813,-93.6331,332.99,0.34,0.56,2025-01-18,0824,N20,nominal,2.0NRT,292.3,2.04,N
19.67246,-103.3775,312.56,0.39,0.36,2025-01-18,0824,N20,nominal,2.0NRT,287.48,1.67,N
17.92453,-93.63213,337.61,0.34,0.56,2025-01-18,0824,N20,nominal,2.0NRT,292.77,2.44,N
18.41363,-96.21257,305.87,0.45,0.47,2025-01-18,0824,N20,nominal,2.0NRT,290.54,1.03,N
18.40939,-96.21346,305.91,0.45,0.47,2025-01-18,0824,N20,nominal,2.0NRT,291.31,1.03,N
17.92444,-93.76196,307.34,0.33,0.55,2025-01-18,0824,N20,nominal,2.0NRT,292.85,0.7,N
17.92382,-93.75886,313.04,0.33,0.55,2025-01-18,0824,N20,nominal,2.0NRT,293.1,0.7,N
17.8709,-93.4986,313.07,0.35,0.56,2025-01-18,0824,N20,nominal,2.0NRT,292.85,0.77,N
17.71881,-93.15698,311.12,0.37,0.58,2025-01-18,0824,N20,nominal,2.0NRT,292.49,0.72,N
19.57755,-103.44654,297.22,0.39,0.37,2025-01-18,0824,N20,nominal,2.0NRT,285.77,0.33,N
17.98351,-94.52783,351.82,0.59,0.53,2025-01-18,0824,N20,nominal,2.0NRT,295.47,21.78,N
17.98463,-94.53333,307.71,0.59,0.53,2025-01-18,0824,N20,nominal,2.0NRT,294.4,4.1,N
17.71955,-93.15707,307.63,0.37,0.58,2025-01-18,0824,N20,nominal,2.0NRT,292.85,0.55,N
17.98438,-94.52931,339.99,0.59,0.53,2025-01-18,0824,N20,nominal,2.0NRT,295.51,16.77,N
17.98328,-94.52376,305.88,0.59,0.53,2025-01-18,0824,N20,nominal,2.0NRT,293.17,8.96,N
17.9785,-94.52479,322.22,0.59,0.53,2025-01-18,0824,N20,nominal,2.0NRT,293.9,3.72,N
17.97373,-94.52583,338.83,0.59,0.53,2025-01-18,0824,N20,nominal,2.0NRT,294.34,3.72,N
17.97264,-94.52032,315.89,0.59,0.53,2025-01-18,0824,N20,nominal,2.0NRT,293.39,3.72,N
19.75781,-105.25614,307.81,0.45,0.39,2025-01-18,0824,N20,nominal,2.0NRT,286.1,1.09,N
19.75722,-105.25184,307.97,0.45,0.39,2025-01-18,0824,N20,nominal,2.0NRT,286.89,1.09,N
17.65889,-93.36357,309.35,0.36,0.57,2025-01-18,0824,N20,nominal,2.0NRT,292.58,0.96,N
17.65756,-93.36163,303.82,0.36,0.57,2025-01-18,0824,N20,nominal,2.0NRT,292.79,1.04,N
19.0851,-103.76156,302.75,0.4,0.37,2025-01-18,0824,N20,nominal,2.0NRT,291.51,0.64,N
19.00735,-104.25888,323.34,0.41,0.37,2025-01-18,0824,N20,nominal,2.0NRT,294.39,2.43,N
17.94534,-102.20837,307.53,0.39,0.36,2025-01-18,0826,N20,nominal,2.0NRT,294.58,0.81,N
17.93602,-102.2137,318.09,0.39,0.36,2025-01-18,0826,N20,nominal,2.0NRT,297.51,1.24,N
17.93544,-102.21009,311.32,0.39,0.36,2025-01-18,0826,N20,nominal,2.0NRT,295.69,1.24,N
17.93157,-102.20705,334.38,0.39,0.36,2025-01-18,0826,N20,nominal,2.0NRT,296.72,4.32,N
17.93272,-102.21427,307.66,0.39,0.36,2025-01-18,0826,N20,nominal,2.0NRT,294.39,1.24,N
17.92712,-102.20041,313.88,0.39,0.36,2025-01-18,0826,N20,nominal,2.0NRT,294.62,1.1,N
40.79464,-95.51501,326.3,0.39,0.36,2025-01-18,0817,N20,nominal,2.0NRT,264.97,2.8,N
40.79137,-95.51594,323.18,0.39,0.36,2025-01-18,0817,N20,nominal,2.0NRT,263.6,2.8,N
40.29097,-94.00351,298.67,0.41,0.37,2025-01-18,0817,N20,nominal,2.0NRT,266.32,0.78,N
36.87923,-94.94312,301.88,0.42,0.37,2025-01-18,0820,N20,nominal,2.0NRT,272.9,1.02,N
36.19394,-95.81384,301.39,0.4,0.37,2025-01-18,0820,N20,nominal,2.0NRT,275.43,1.09,N
36.51963,-97.84052,317.82,0.38,0.36,2025-01-18,0820,N20,nominal,2.0NRT,272.53,2.27,N
34.04993,-95.32007,301.89,0.43,0.38,2025-01-18,0820,N20,nominal,2.0NRT,277.49,1.03,N
33.92393,-96.45161,298.89,0.4,0.37,2025-01-18,0820,N20,nominal,2.0NRT,276.98,0.76,N
33.42094,-95.08562,326.52,0.45,0.39,2025-01-18,0820,N20,nominal,2.0NRT,280.84,3.36,N
32.31349,-90.13637,299.79,0.56,0.51,2025-01-18,0820,N20,nominal,2.0NRT,283.46,0.79,N
33.1054,-94.33799,295.25,0.49,0.4,2025-01-18,0820,N20,nominal,2.0NRT,282.38,0.92,N
33.10176,-94.33896,303.27,0.49,0.4,2025-01-18,0820,N20,nominal,2.0NRT,283.21,0.81,N
33.59815,-97.12305,307.63,0.39,0.37,2025-01-18,0820,N20,nominal,2.0NRT,276.33,0.9,N
32.77762,-96.93402,302.01,0.4,0.37,2025-01-18,0820,N20,nominal,2.0NRT,278.99,0.63,N
32.34821,-94.7955,301.29,0.48,0.4,2025-01-18,0820,N20,nominal,2.0NRT,283.95,0.76,N
32.3446,-94.79643,299.83,0.48,0.4,2025-01-18,0820,N20,nominal,2.0NRT,282.75,0.76,N
32.46016,-97.03649,306.89,0.4,0.37,2025-01-18,0820,N20,nominal,2.0NRT,281.96,1.16,N
32.45754,-97.04151,324.35,0.4,0.37,2025-01-18,0820,N20,nominal,2.0NRT,280.39,2.47,N
32.45681,-97.0373,304.17,0.4,0.37,2025-01-18,0820,N20,nominal,2.0NRT,281.85,1.16,N
32.24615,-97.55275,297.54,0.39,0.36,2025-01-18,0820,N20,nominal,2.0NRT,278.22,0.68,N
33.41855,-110.86205,309.97,0.45,0.63,2025-01-18,0820,N20,nominal,2.0NRT,275.82,1.57,N
32.48424,-101.26143,313.31,0.42,0.37,2025-01-18,0820,N20,nominal,2.0NRT,276.41,0.8,N
33.41925,-110.86298,313.54,0.45,0.63,2025-01-18,0820,N20,nominal,2.0NRT,275.94,1.72,N
32.45776,-101.47395,325.82,0.42,0.38,2025-01-18,0820,N20,nominal,2.0NRT,276.78,2.72,N
32.42741,-101.40646,298.02,0.42,0.38,2025-01-18,0820,N20,nominal,2.0NRT,276.61,0.62,N
31.45479,-95.7486,299.48,0.45,0.39,2025-01-18,0820,N20,nominal,2.0NRT,283.64,0.81,N
31.45393,-95.74394,303.08,0.45,0.39,2025-01-18,0820,N20,nominal,2.0NRT,283.04,0.81,N
31.45128,-95.74948,325.54,0.45,0.39,2025-01-18,0820,N20,nominal,2.0NRT,282.92,1.66,N
31.45042,-95.74482,297.84,0.45,0.39,2025-01-18,0820,N20,nominal,2.0NRT,281.83,1.66,N
31.35288,-96.16898,318.49,0.44,0.38,2025-01-18,0822,N20,nominal,2.0NRT,280.49,2.05,N
32.21364,-101.86087,318.64,0.43,0.38,2025-01-18,0822,N20,nominal,2.0NRT,279.43,1.83,N
31.2319,-96.69305,300.36,0.42,0.38,2025-01-18,0822,N20,nominal,2.0NRT,279.56,0.57,N
32.22229,-103.52758,298.87,0.51,0.41,2025-01-18,0822,N20,nominal,2.0NRT,276.58,1.42,N
31.99618,-101.82691,307.31,0.43,0.38,2025-01-18,0822,N20,nominal,2.0NRT,277.45,1.11,N
32.12901,-103.58236,297.08,0.51,0.41,2025-01-18,0822,N20,nominal,2.0NRT,274.35,0.64,N
31.26538,-97.72639,317.47,0.4,0.37,2025-01-18,0822,N20,nominal,2.0NRT,279.89,1.41,N
31.25471,-97.72453,308.19,0.4,0.37,2025-01-18,0822,N20,nominal,2.0NRT,280.05,0.99,N
31.85844,-101.76611,295.93,0.43,0.38,2025-01-18,0822,N20,nominal,2.0NRT,276.93,0.9,N
31.85272,-101.77637,303.74,0.43,0.38,2025-01-18,0822,N20,nominal,2.0NRT,277.57,0.95,N
30.99586,-96.55852,302.07,0.43,0.38,2025-01-18,0822,N20,nominal,2.0NRT,275.36,0.93,N
31.91871,-103.5271,311.25,0.5,0.41,2025-01-18,0822,N20,nominal,2.0NRT,272.66,1.04,N
31.91492,-103.49506,295.77,0.5,0.41,2025-01-18,0822,N20,nominal,2.0NRT,273.28,0.49,N
31.88836,-103.53367,297.39,0.5,0.41,2025-01-18,0822,N20,nominal,2.0NRT,272.57,0.74,N
31.65112,-102.07417,307.14,0.44,0.38,2025-01-18,0822,N20,nominal,2.0NRT,276.14,0.98,N
31.5618,-101.67098,296.3,0.42,0.38,2025-01-18,0822,N20,nominal,2.0NRT,275.99,0.41,N
31.55927,-101.66978,296.46,0.42,0.38,2025-01-18,0822,N20,nominal,2.0NRT,276.37,0.48,N
31.80958,-103.9025,297.07,0.52,0.42,2025-01-18,0822,N20,nominal,2.0NRT,278.48,1.2,N
31.53132,-103.35394,295.24,0.49,0.4,2025-01-18,0822,N20,nominal,2.0NRT,276.15,0.62,N
31.32027,-101.76426,298.97,0.42,0.38,2025-01-18,0822,N20,nominal,2.0NRT,277.1,0.45,N
31.57111,-103.9035,297.05,0.52,0.42,2025-01-18,0822,N20,nominal,2.0NRT,277.77,0.5,N
31.18872,-108.21706,305.12,0.6,0.53,2025-01-18,0822,N20,nominal,2.0NRT,269.33,2.57,N
30.50041,-109.63288,349.61,0.36,0.57,2025-01-18,0822,N20,nominal,2.0NRT,272,5.64,N
30.49512,-109.63338,341.07,0.36,0.57,2025-01-18,0822,N20,nominal,2.0NRT,272.1,5.64,N
29.09788,-110.98634,331.1,0.42,0.61,2025-01-18,0822,N20,nominal,2.0NRT,280.01,2.35,N
29.09486,-110.98771,322.82,0.42,0.61,2025-01-18,0822,N20,nominal,2.0NRT,279.26,2.6,N
27.47888,-110.1048,300.02,0.35,0.57,2025-01-18,0822,N20,nominal,2.0NRT,272.72,0.62,N
25.75215,-100.31994,295.85,0.38,0.36,2025-01-18,0822,N20,nominal,2.0NRT,276.6,0.75,N
25.7228,-100.30605,306.24,0.38,0.36,2025-01-18,0822,N20,nominal,2.0NRT,277.83,0.88,N
25.72158,-100.29846,299.74,0.38,0.36,2025-01-18,0822,N20,nominal,2.0NRT,275.3,1.06,N
25.70805,-103.46826,308.05,0.43,0.38,2025-01-18,0822,N20,nominal,2.0NRT,283.24,0.72,N
25.48872,-103.39687,302.05,0.43,0.38,2025-01-18,0822,N20,nominal,2.0NRT,285.51,0.91,N
23.60175,-98.28874,295.4,0.44,0.38,2025-01-18,0824,N20,nominal,2.0NRT,284.39,0.57,N
23.599,-98.29376,309.31,0.44,0.38,2025-01-18,0824,N20,nominal,2.0NRT,285.58,0.73,N
24.44221,-104.02158,299.81,0.44,0.39,2025-01-18,0824,N20,nominal,2.0NRT,280.55,0.75,N
22.65396,-97.68114,329.49,0.48,0.4,2025-01-18,0824,N20,nominal,2.0NRT,292.48,2.95,N
23.80868,-105.33871,296.43,0.5,0.41,2025-01-18,0824,N20,nominal,2.0NRT,274.76,0.63,N
22.35376,-97.87511,303.69,0.48,0.4,2025-01-18,0824,N20,nominal,2.0NRT,291.04,0.56,N
22.35312,-97.87295,304.12,0.48,0.4,2025-01-18,0824,N20,nominal,2.0NRT,291.77,0.97,N
22.26658,-97.81021,303.63,0.48,0.4,2025-01-18,0824,N20,nominal,2.0NRT,293.15,2.49,N
22.26575,-97.80561,319.29,0.48,0.4,2025-01-18,0824,N20,nominal,2.0NRT,293.32,2.49,N
22.26211,-97.80637,305.18,0.48,0.4,2025-01-18,0824,N20,nominal,2.0NRT,292.03,2.49,N
22.25931,-97.81171,302.41,0.48,0.4,2025-01-18,0824,N20,nominal,2.0NRT,291.77,0.76,N
22.23661,-98.02222,303.15,0.47,0.4,2025-01-18,0824,N20,nominal,2.0NRT,290.59,0.88,N
22.47231,-100.37917,299.53,0.39,0.36,2025-01-18,0824,N20,nominal,2.0NRT,285.77,0.45,N
23.31448,-106.37866,324.59,0.56,0.43,2025-01-18,0824,N20,nominal,2.0NRT,286.25,3.58,N
23.31491,-106.3747,323.49,0.56,0.43,2025-01-18,0824,N20,nominal,2.0NRT,285.69,2.39,N
21.9858,-98.95943,302,0.43,0.38,2025-01-18,0824,N20,nominal,2.0NRT,290.68,0.62,N
40.32786,-121.07488,326.54,0.39,0.36,2025-01-18,1000,N20,nominal,2.0NRT,266.46,2.59,N
39.62069,-119.2639,303.07,0.42,0.38,2025-01-18,1000,N20,nominal,2.0NRT,269.75,1.15,N
39.92227,-122.26282,311.17,0.38,0.36,2025-01-18,1000,N20,nominal,2.0NRT,275.77,1.56,N
38.21647,-121.98444,297.26,0.39,0.36,2025-01-18,1000,N20,nominal,2.0NRT,276.96,0.43,N
38.07413,-122.13972,296.82,0.38,0.36,2025-01-18,1000,N20,nominal,2.0NRT,283.63,1,N
47.57197,-122.37094,331.42,0.42,0.38,2025-01-18,0958,N20,nominal,2.0NRT,274.47,4.04,N
38.07086,-122.14057,300.42,0.38,0.36,2025-01-18,1000,N20,nominal,2.0NRT,283.18,1,N
47.56839,-122.34314,306.27,0.42,0.38,2025-01-18,0958,N20,nominal,2.0NRT,274.38,1.35,N
37.88308,-121.18791,304.1,0.39,0.36,2025-01-18,1000,N20,nominal,2.0NRT,274.57,0.98,N
47.47016,-122.04999,326.07,0.41,0.37,2025-01-18,0958,N20,nominal,2.0NRT,269.98,2.6,N
38.01543,-122.11418,296.93,0.38,0.36,2025-01-18,1000,N20,nominal,2.0NRT,282.77,0.73,N
46.29526,-119.92358,307.53,0.38,0.36,2025-01-18,0958,N20,nominal,2.0NRT,268.36,1.1,N
46.31112,-122.96384,301.63,0.43,0.38,2025-01-18,0958,N20,nominal,2.0NRT,271.37,0.78,N
37.02344,-120.19679,297.1,0.42,0.38,2025-01-18,1002,N20,nominal,2.0NRT,274.88,0.71,N
45.6459,-120.21474,298.96,0.38,0.36,2025-01-18,0958,N20,nominal,2.0NRT,268.88,0.7,N
34.62215,-117.10167,305.51,0.41,0.45,2025-01-18,1002,N20,nominal,2.0NRT,275.98,1.11,N
45.82897,-121.46954,321.99,0.39,0.37,2025-01-18,0958,N20,nominal,2.0NRT,270.21,2.4,N
34.6223,-117.09972,309.22,0.41,0.45,2025-01-18,1002,N20,nominal,2.0NRT,276.14,1.57,N
45.99963,-123.35749,309.02,0.43,0.38,2025-01-18,0958,N20,nominal,2.0NRT,270.29,0.96,N
34.60875,-117.33816,317.49,0.4,0.44,2025-01-18,1002,N20,nominal,2.0NRT,276.43,1.49,N
45.99894,-123.35193,302.68,0.43,0.38,2025-01-18,0958,N20,nominal,2.0NRT,271.61,0.96,N
34.35567,-116.85343,299.5,0.43,0.46,2025-01-18,1002,N20,nominal,2.0NRT,275.9,1.04,N
44.48,-119.93934,347.9,0.38,0.36,2025-01-18,0958,N20,nominal,2.0NRT,266.56,6.05,N
43.16179,-124.14786,299.83,0.43,0.38,2025-01-18,1000,N20,nominal,2.0NRT,272.8,0.68,N
34.43184,-118.64667,308.71,0.52,0.41,2025-01-18,1002,N20,nominal,2.0NRT,276,1.58,N
42.4862,-121.83904,330.44,0.39,0.36,2025-01-18,1000,N20,nominal,2.0NRT,264.78,3.36,N
34.33566,-118.51897,305.39,0.53,0.42,2025-01-18,1002,N20,nominal,2.0NRT,277.4,1.4,N
42.48151,-121.83059,299.8,0.39,0.36,2025-01-18,1000,N20,nominal,2.0NRT,263.36,0.62,N
34.29301,-118.79988,308.72,0.51,0.41,2025-01-18,1002,N20,nominal,2.0NRT,276.12,1.36,N
33.71781,-117.70959,299.82,0.4,0.44,2025-01-18,1002,N20,nominal,2.0NRT,278.9,0.36,N
33.61418,-117.82211,307.07,0.39,0.44,2025-01-18,1002,N20,nominal,2.0NRT,279.78,0.97,N
31.18822,-108.21678,301.65,0.77,0.77,2025-01-18,1002,N20,nominal,2.0NRT,268.45,2.15,N
32.85883,-117.03058,303.93,0.45,0.47,2025-01-18,1002,N20,nominal,2.0NRT,275.42,1.01,N
31.8448,-116.58408,297.49,0.5,0.49,2025-01-18,1002,N20,nominal,2.0NRT,278.84,0.6,N
19.42252,-155.27422,296.04,0.42,0.38,2025-01-18,1149,N20,nominal,2.0NRT,283.61,0.49,N
19.42023,-155.28262,314.17,0.42,0.38,2025-01-18,1149,N20,nominal,2.0NRT,283.68,1.52,N
19.41966,-155.27876,297.2,0.42,0.38,2025-01-18,1149,N20,nominal,2.0NRT,284.11,0.49,N
19.41909,-155.27481,295.71,0.42,0.38,2025-01-18,1149,N20,nominal,2.0NRT,284.78,0.49,N
19.41679,-155.2832,337.81,0.42,0.38,2025-01-18,1149,N20,nominal,2.0NRT,293.21,10.61,N
19.41622,-155.27931,350.1,0.42,0.38,2025-01-18,1149,N20,nominal,2.0NRT,318.9,46.5,N
19.41565,-155.27536,343.99,0.42,0.38,2025-01-18,1149,N20,nominal,2.0NRT,313.89,46.5,N
19.41792,-155.291,295.99,0.42,0.38,2025-01-18,1149,N20,nominal,2.0NRT,283.09,3.32,N
19.41735,-155.28708,303.12,0.42,0.38,2025-01-18,1149,N20,nominal,2.0NRT,284.47,10.61,N
19.41507,-155.27141,317.58,0.42,0.38,2025-01-18,1149,N20,nominal,2.0NRT,299.32,6.13,N
19.41506,-155.29555,335.06,0.42,0.38,2025-01-18,1149,N20,nominal,2.0NRT,281.62,3.32,N
19.41449,-155.29163,352.23,0.42,0.38,2025-01-18,1149,N20,nominal,2.0NRT,282.33,3.32,N
19.41392,-155.2877,367,0.42,0.38,2025-01-18,1149,N20,high,2.0NRT,288.17,10.61,N
19.41335,-155.2838,367,0.42,0.38,2025-01-18,1149,N20,high,2.0NRT,298.45,10.61,N
19.41278,-155.27988,348.08,0.42,0.38,2025-01-18,1149,N20,nominal,2.0NRT,308.58,46.5,N
19.41221,-155.27592,334.2,0.42,0.38,2025-01-18,1149,N20,nominal,2.0NRT,328.43,46.5,N
19.41163,-155.27194,325.03,0.42,0.38,2025-01-18,1149,N20,nominal,2.0NRT,303.65,6.13,N
19.41564,-155.29956,301.9,0.42,0.38,2025-01-18,1149,N20,nominal,2.0NRT,282.02,0.68,N
19.4122,-155.30014,331.85,0.42,0.38,2025-01-18,1149,N20,nominal,2.0NRT,281.71,1.6,N
19.41163,-155.29616,322.22,0.42,0.38,2025-01-18,1149,N20,nominal,2.0NRT,277.85,1.24,N
19.41049,-155.28833,339.48,0.42,0.38,2025-01-18,1149,N20,nominal,2.0NRT,284.66,175.82,N
19.40934,-155.28044,347.99,0.42,0.38,2025-01-18,1149,N20,nominal,2.0NRT,302.94,44.82,N
19.40876,-155.27649,346.75,0.42,0.38,2025-01-18,1149,N20,nominal,2.0NRT,311.66,44.82,N
19.41106,-155.29224,313.79,0.42,0.38,2025-01-18,1149,N20,nominal,2.0NRT,277.35,1.24,N
19.40819,-155.27249,307.9,0.42,0.38,2025-01-18,1149,N20,nominal,2.0NRT,291.78,1.92,N
19.40877,-155.30074,327.7,0.42,0.38,2025-01-18,1149,N20,nominal,2.0NRT,281.51,1.6,N
19.40705,-155.28891,322.15,0.42,0.38,2025-01-18,1149,N20,nominal,2.0NRT,279.03,175.82,N
19.40648,-155.28497,345.69,0.42,0.38,2025-01-18,1149,N20,nominal,2.0NRT,308.85,175.82,N
19.4059,-155.28101,354.57,0.42,0.38,2025-01-18,1149,N20,nominal,2.0NRT,306.01,44.82,N
19.40532,-155.27702,335.01,0.42,0.38,2025-01-18,1149,N20,nominal,2.0NRT,330.82,44.82,N
19.40935,-155.30473,302.26,0.42,0.38,2025-01-18,1149,N20,nominal,2.0NRT,281.63,1.6,N
19.40819,-155.29675,313.49,0.42,0.38,2025-01-18,1149,N20,nominal,2.0NRT,279.18,1.24,N
19.40475,-155.27306,304.86,0.42,0.38,2025-01-18,1149,N20,nominal,2.0NRT,287.91,1.92,N
19.40475,-155.29733,322.59,0.42,0.38,2025-01-18,1149,N20,nominal,2.0NRT,279.84,1.4,N
19.40361,-155.28949,327.16,0.42,0.38,2025-01-18,1149,N20,nominal,2.0NRT,313.87,33.36,N
19.40304,-155.28554,333.5,0.42,0.38,2025-01-18,1149,N20,nominal,2.0NRT,332.27,33.36,N
19.40246,-155.28157,352.39,0.42,0.38,2025-01-18,1149,N20,nominal,2.0NRT,300.2,8.66,N
19.40532,-155.30132,296.78,0.42,0.38,2025-01-18,1149,N20,nominal,2.0NRT,282.4,0.4,N
19.40188,-155.27757,307.18,0.42,0.38,2025-01-18,1149,N20,nominal,2.0NRT,286.58,8.66,N
19.40131,-155.29791,324.49,0.42,0.38,2025-01-18,1149,N20,nominal,2.0NRT,282.27,1.4,N
19.40017,-155.29001,336.21,0.42,0.38,2025-01-18,1149,N20,nominal,2.0NRT,284.56,33.36,N
19.40189,-155.3019,296.89,0.42,0.38,2025-01-18,1149,N20,nominal,2.0NRT,281.96,0.4,N
19.40074,-155.29396,319.05,0.42,0.38,2025-01-18,1149,N20,nominal,2.0NRT,280.17,1.4,N
19.39959,-155.28606,318.1,0.42,0.38,2025-01-18,1149,N20,nominal,2.0NRT,285.55,33.36,N
19.39902,-155.28207,301.74,0.42,0.38,2025-01-18,1149,N20,nominal,2.0NRT,283.88,8.66,N
19.39787,-155.29849,296.56,0.42,0.38,2025-01-18,1149,N20,nominal,2.0NRT,282.5,0.41,N
19.39729,-155.29449,304.17,0.42,0.38,2025-01-18,1149,N20,nominal,2.0NRT,282.5,0.41,N
19.39672,-155.29056,303.48,0.42,0.38,2025-01-18,1149,N20,nominal,2.0NRT,283.59,0.66,N
19.39614,-155.28659,299.7,0.42,0.38,2025-01-18,1149,N20,nominal,2.0NRT,283.74,0.66,N
19.39385,-155.29509,295.25,0.42,0.38,2025-01-18,1149,N20,nominal,2.0NRT,283.08,0.41,N
19.08151,-71.29881,341.69,0.39,0.36,2025-01-18,1753,N20,nominal,2.0NRT,303.49,13.38,D
18.87247,-72.60793,342.24,0.41,0.37,2025-01-18,1753,N20,nominal,2.0NRT,303.17,6.11,D
18.07132,-77.44907,340.12,0.51,0.49,2025-01-18,1753,N20,nominal,2.0NRT,299.44,6.15,D
19.51621,-70.83448,338.82,0.38,0.36,2025-01-18,1753,N20,nominal,2.0NRT,299.4,4.53,D
18.27093,-78.13988,332.4,0.56,0.51,2025-01-18,1753,N20,nominal,2.0NRT,299.26,4.47,D
18.28155,-78.18533,329.27,0.56,0.51,2025-01-18,1753,N20,nominal,2.0NRT,299.41,2.85,D
19.49616,-71.36488,332.69,0.39,0.36,2025-01-18,1753,N20,nominal,2.0NRT,301.09,2.46,D
19.59221,-71.94539,332.47,0.39,0.36,2025-01-18,1753,N20,nominal,2.0NRT,299.24,3.51,D
20.07235,-75.17535,328.92,0.51,0.41,2025-01-18,1753,N20,nominal,2.0NRT,302.53,1.01,D
20.17887,-75.03123,335.22,0.5,0.41,2025-01-18,1753,N20,nominal,2.0NRT,301.84,6.5,D
20.1808,-75.02911,339.18,0.5,0.41,2025-01-18,1753,N20,nominal,2.0NRT,301.26,9.22,D
20.22903,-74.86604,345.98,0.49,0.41,2025-01-18,1753,N20,nominal,2.0NRT,300.27,12.36,D
20.20033,-75.22289,332.8,0.52,0.41,2025-01-18,1753,N20,nominal,2.0NRT,304.8,3.67,D
20.24597,-74.9864,339.53,0.5,0.41,2025-01-18,1753,N20,nominal,2.0NRT,301.27,6.96,D
20.25138,-74.97741,341.99,0.5,0.41,2025-01-18,1753,N20,nominal,2.0NRT,302.41,7.67,D
20.15547,-75.74624,331.03,0.55,0.43,2025-01-18,1753,N20,nominal,2.0NRT,299.56,2.54,D
20.40605,-75.65863,329.69,0.54,0.42,2025-01-18,1753,N20,nominal,2.0NRT,300.56,4.12,D
20.40993,-75.65916,341.9,0.54,0.42,2025-01-18,1753,N20,nominal,2.0NRT,302.03,4.12,D
20.31534,-76.19423,341.18,0.39,0.44,2025-01-18,1753,N20,nominal,2.0NRT,304.91,10.56,D
20.182,-77.24661,332.12,0.45,0.47,2025-01-18,1753,N20,nominal,2.0NRT,298.96,3.98,D
20.39648,-76.19965,333.84,0.39,0.44,2025-01-18,1753,N20,nominal,2.0NRT,305.24,2.58,D
20.48295,-76.03335,337.99,0.57,0.43,2025-01-18,1753,N20,nominal,2.0NRT,302.89,6.54,D
20.36236,-76.68463,348.34,0.41,0.45,2025-01-18,1753,N20,nominal,2.0NRT,303.83,5.03,D
20.48588,-76.0395,332.35,0.57,0.43,2025-01-18,1753,N20,low,2.0NRT,303.5,10.48,D
20.47804,-76.08237,340.77,0.57,0.43,2025-01-18,1753,N20,nominal,2.0NRT,305.49,10.42,D
20.47082,-76.46069,347.32,0.4,0.44,2025-01-18,1753,N20,nominal,2.0NRT,302.99,8.88,D
20.47154,-76.46086,341.86,0.4,0.44,2025-01-18,1753,N20,nominal,2.0NRT,301.44,9.34,D
20.52715,-76.34108,345.72,0.39,0.44,2025-01-18,1753,N20,nominal,2.0NRT,302.47,4.96,D
20.52646,-76.34477,336.33,0.39,0.44,2025-01-18,1753,N20,nominal,2.0NRT,302.51,4.96,D
20.44228,-76.79484,341.4,0.42,0.45,2025-01-18,1753,N20,nominal,2.0NRT,303.85,8.65,D
20.53305,-76.35383,344.51,0.39,0.44,2025-01-18,1753,N20,nominal,2.0NRT,303,5.44,D
20.44105,-77.00663,339.37,0.43,0.46,2025-01-18,1753,N20,nominal,2.0NRT,300.78,4.02,D
20.54354,-76.49967,330.79,0.4,0.44,2025-01-18,1753,N20,nominal,2.0NRT,302.75,2.06,D
20.51208,-76.89115,346.58,0.42,0.45,2025-01-18,1753,N20,nominal,2.0NRT,302.94,9.72,D
20.51933,-76.98854,349.14,0.43,0.46,2025-01-18,1753,N20,nominal,2.0NRT,297.95,4.42,D
20.51856,-76.99258,331.15,0.43,0.46,2025-01-18,1753,N20,nominal,2.0NRT,298.94,4.42,D
20.68662,-76.83823,332.19,0.42,0.45,2025-01-18,1753,N20,nominal,2.0NRT,303.13,1.34,D
20.69071,-76.8391,340.77,0.42,0.45,2025-01-18,1753,N20,nominal,2.0NRT,303.23,6.41,D
20.68566,-76.912,334.14,0.42,0.45,2025-01-18,1753,N20,nominal,2.0NRT,301.5,3.44,D
20.70357,-76.90752,335.8,0.42,0.45,2025-01-18,1753,N20,nominal,2.0NRT,301.96,2.68,D
20.75219,-76.9127,341.1,0.42,0.45,2025-01-18,1753,N20,nominal,2.0NRT,303.76,3.19,D
20.73254,-77.01653,342.11,0.43,0.46,2025-01-18,1753,N20,nominal,2.0NRT,302.19,4.83,D
20.8405,-77.06805,344.74,0.43,0.46,2025-01-18,1753,N20,nominal,2.0NRT,303.34,5.26,D
20.74628,-77.86618,332.19,0.48,0.48,2025-01-18,1753,N20,nominal,2.0NRT,300.51,3.27,D
20.75837,-77.82644,339.62,0.48,0.48,2025-01-18,1753,N20,nominal,2.0NRT,299.19,8.94,D
20.75751,-77.83096,336.94,0.48,0.48,2025-01-18,1753,N20,nominal,2.0NRT,302.25,8.94,D
20.78387,-77.71561,333.1,0.47,0.48,2025-01-18,1753,N20,low,2.0NRT,307.36,60.7,D
20.74627,-77.86872,332.81,0.48,0.48,2025-01-18,1753,N20,nominal,2.0NRT,300.55,1.55,D
20.78061,-77.71758,347.9,0.47,0.48,2025-01-18,1753,N20,nominal,2.0NRT,302.03,65.83,D
20.75864,-77.82909,353.17,0.48,0.48,2025-01-18,1753,N20,nominal,2.0NRT,302.98,14.14,D
20.7858,-77.71407,330.59,0.47,0.48,2025-01-18,1753,N20,nominal,2.0NRT,299.43,22.56,D
20.78493,-77.71851,295.38,0.47,0.48,2025-01-18,1753,N20,low,2.0NRT,322.55,65.83,D
20.74603,-78.05508,341.17,0.49,0.49,2025-01-18,1753,N20,nominal,2.0NRT,300.93,8.06,D
20.76623,-78.06921,339.23,0.49,0.49,2025-01-18,1753,N20,nominal,2.0NRT,298.47,8.84,D
20.76973,-78.07484,339.96,0.49,0.49,2025-01-18,1753,N20,nominal,2.0NRT,298.53,10.27,D
20.93232,-77.25204,330.49,0.44,0.46,2025-01-18,1753,N20,nominal,2.0NRT,301.63,2.87,D
21.02561,-77.1308,330.92,0.43,0.46,2025-01-18,1753,N20,low,2.0NRT,303.96,1.53,D
20.89559,-78.1544,335.58,0.5,0.49,2025-01-18,1753,N20,nominal,2.0NRT,299.09,3.3,D
20.90453,-78.13194,340.45,0.5,0.49,2025-01-18,1753,N20,nominal,2.0NRT,300.4,5.68,D
20.91055,-78.17246,333.18,0.5,0.49,2025-01-18,1753,N20,nominal,2.0NRT,299.61,6.44,D
20.91677,-78.16404,341.69,0.5,0.49,2025-01-18,1753,N20,nominal,2.0NRT,300.72,6.42,D
20.91587,-78.16874,330.77,0.5,0.49,2025-01-18,1753,N20,nominal,2.0NRT,299.03,6.42,D
20.91485,-78.16715,329.88,0.5,0.49,2025-01-18,1753,N20,nominal,2.0NRT,299.32,4.01,D
20.91391,-78.17185,341,0.5,0.49,2025-01-18,1753,N20,nominal,2.0NRT,299.67,7.3,D
20.92021,-78.16343,340.95,0.5,0.49,2025-01-18,1753,N20,nominal,2.0NRT,301.76,20.7,D
20.91927,-78.16812,335.45,0.5,0.49,2025-01-18,1753,N20,nominal,2.0NRT,299.95,20.7,D
20.9851,-77.92768,341.35,0.48,0.48,2025-01-18,1753,N20,nominal,2.0NRT,301.85,5.04,D
20.98421,-77.9322,332.46,0.48,0.48,2025-01-18,1753,N20,nominal,2.0NRT,300.66,5.04,D
21.07965,-78.35529,331.55,0.51,0.49,2025-01-18,1753,N20,low,2.0NRT,304.43,20.54,D
21.08242,-78.35315,353.23,0.51,0.49,2025-01-18,1753,N20,nominal,2.0NRT,309.09,59.11,D
21.16,-78.17304,341.85,0.49,0.49,2025-01-18,1753,N20,nominal,2.0NRT,298.74,6.25,D
21.38912,-77.07913,349.56,0.42,0.45,2025-01-18,1753,N20,nominal,2.0NRT,302.05,5.89,D
21.19487,-78.08887,348.01,0.49,0.48,2025-01-18,1753,N20,nominal,2.0NRT,301.33,15.28,D
21.17477,-78.43704,331.67,0.51,0.49,2025-01-18,1753,N20,nominal,2.0NRT,302.2,3.82,D
21.40918,-78.01827,340.48,0.48,0.48,2025-01-18,1753,N20,nominal,2.0NRT,302.53,8.88,D
21.5565,-78.56699,339.88,0.51,0.5,2025-01-18,1753,N20,nominal,2.0NRT,300.22,10.38,D
21.58721,-79.23833,334.92,0.56,0.52,2025-01-18,1756,N20,nominal,2.0NRT,297.32,9.32,D
21.58611,-79.24367,332.1,0.57,0.52,2025-01-18,1756,N20,nominal,2.0NRT,298.16,6.99,D
21.59188,-79.2394,340.38,0.56,0.52,2025-01-18,1756,N20,nominal,2.0NRT,298.84,9.32,D
21.59078,-79.24474,335.03,0.57,0.52,2025-01-18,1756,N20,nominal,2.0NRT,297.71,6.99,D
21.59654,-79.24046,344.02,0.56,0.52,2025-01-18,1756,N20,nominal,2.0NRT,299.32,12.55,D
21.72857,-78.63644,336.27,0.51,0.5,2025-01-18,1756,N20,nominal,2.0NRT,298.66,4.94,D
21.7276,-78.64131,334.92,0.51,0.5,2025-01-18,1756,N20,nominal,2.0NRT,301.25,4.94,D
21.62031,-79.19581,341.34,0.56,0.52,2025-01-18,1756,N20,nominal,2.0NRT,299.29,12.58,D
21.79123,-78.57965,339.98,0.51,0.49,2025-01-18,1756,N20,nominal,2.0NRT,300.18,13.57,D
21.78363,-78.6898,333.25,0.52,0.5,2025-01-18,1756,N20,nominal,2.0NRT,299.07,3.87,D
21.74148,-78.90395,335.71,0.53,0.5,2025-01-18,1756,N20,nominal,2.0NRT,298.69,2.75,D
21.78425,-78.69279,333.41,0.52,0.5,2025-01-18,1756,N20,nominal,2.0NRT,299.39,4.01,D
21.74058,-78.90639,337.11,0.53,0.5,2025-01-18,1756,N20,nominal,2.0NRT,298.53,6.58,D
21.77916,-78.85725,339.94,0.53,0.5,2025-01-18,1756,N20,nominal,2.0NRT,300.96,8.42,D
21.86173,-78.49363,335.09,0.5,0.49,2025-01-18,1756,N20,nominal,2.0NRT,302.11,5.63,D
21.8904,-78.6303,337.68,0.51,0.49,2025-01-18,1756,N20,nominal,2.0NRT,299.86,6.02,D
21.87101,-78.9444,331.57,0.53,0.5,2025-01-18,1756,N20,nominal,2.0NRT,300.03,3.96,D
21.94632,-78.64146,335.84,0.51,0.49,2025-01-18,1756,N20,nominal,2.0NRT,298.16,2.12,D
21.80244,-79.92718,331.02,0.62,0.54,2025-01-18,1756,N20,nominal,2.0NRT,296.21,8.21,D
21.80735,-79.92802,345.8,0.62,0.54,2025-01-18,1756,N20,nominal,2.0NRT,296.6,8.21,D
21.81226,-79.92885,346.31,0.62,0.54,2025-01-18,1756,N20,nominal,2.0NRT,297.34,10.75,D
22.11779,-78.70402,336.13,0.51,0.49,2025-01-18,1756,N20,nominal,2.0NRT,299.59,6.3,D
22.11684,-78.70887,339.82,0.51,0.49,2025-01-18,1756,N20,nominal,2.0NRT,300.14,6.96,D
22.11493,-78.70543,336.69,0.51,0.49,2025-01-18,1756,N20,nominal,2.0NRT,299.99,6.18,D
22.11939,-78.70648,344.02,0.51,0.49,2025-01-18,1756,N20,nominal,2.0NRT,298.38,6.18,D
22.06997,-80.48997,352.51,0.33,0.55,2025-01-18,1756,N20,nominal,2.0NRT,296.91,5.09,D
22.0691,-80.48944,367,0.33,0.55,2025-01-18,1756,N20,high,2.0NRT,297.2,5.76,D
22.42401,-79.40268,332.23,0.56,0.51,2025-01-18,1756,N20,nominal,2.0NRT,296.71,5.32,D
22.28579,-80.23118,328.63,0.63,0.54,2025-01-18,1756,N20,nominal,2.0NRT,298.23,9.68,D
22.29196,-80.22627,330.13,0.63,0.54,2025-01-18,1756,N20,nominal,2.0NRT,298.54,3.67,D
22.27639,-80.3002,347.94,0.32,0.55,2025-01-18,1756,N20,nominal,2.0NRT,298.77,5.71,D
22.27575,-80.30323,348.58,0.32,0.55,2025-01-18,1756,N20,nominal,2.0NRT,300.9,6.1,D
22.29686,-80.22741,335.35,0.63,0.54,2025-01-18,1756,N20,nominal,2.0NRT,298.86,6.96,D
22.28477,-80.33408,330.38,0.32,0.55,2025-01-18,1756,N20,nominal,2.0NRT,298.08,1.83,D
22.19,-80.98415,340.99,0.35,0.57,2025-01-18,1756,N20,nominal,2.0NRT,295.1,3.13,D
22.19089,-80.98521,335.83,0.35,0.57,2025-01-18,1756,N20,nominal,2.0NRT,295.24,3.31,D
22.33165,-80.35977,337.23,0.32,0.55,2025-01-18,1756,N20,nominal,2.0NRT,297.16,1.94,D
22.49406,-80.18445,339,0.62,0.54,2025-01-18,1756,N20,nominal,2.0NRT,296.74,9.18,D
22.50469,-80.96925,367,0.35,0.57,2025-01-18,1756,N20,high,2.0NRT,298.23,5.01,D
22.50398,-80.97257,342.83,0.35,0.57,2025-01-18,1756,N20,nominal,2.0NRT,298.23,5.01,D
22.59588,-81.13111,339.59,0.36,0.57,2025-01-18,1756,N20,nominal,2.0NRT,294.7,4.02,D
22.59155,-81.13091,330.92,0.36,0.57,2025-01-18,1756,N20,nominal,2.0NRT,293.36,2.1,D
22.59817,-81.12545,347.92,0.35,0.57,2025-01-18,1756,N20,nominal,2.0NRT,294.04,3.67,D
22.59669,-81.13219,331.82,0.36,0.57,2025-01-18,1756,N20,nominal,2.0NRT,294.09,3.74,D
22.68723,-80.79113,367,0.34,0.56,2025-01-18,1756,N20,high,2.0NRT,296.47,6.37,D
22.68654,-80.7943,338.05,0.34,0.56,2025-01-18,1756,N20,nominal,2.0NRT,294.97,6.37,D
22.72282,-81.04742,334.32,0.35,0.57,2025-01-18,1756,N20,nominal,2.0NRT,296.31,3.5,D
22.72488,-81.04804,330.33,0.35,0.57,2025-01-18,1756,N20,nominal,2.0NRT,296.19,2.92,D
22.81353,-80.9352,339.67,0.34,0.56,2025-01-18,1756,N20,nominal,2.0NRT,294.01,3.05,D
22.81858,-80.93649,337.42,0.34,0.56,2025-01-18,1756,N20,nominal,2.0NRT,294.06,3.05,D
22.80017,-81.14772,353.56,0.35,0.57,2025-01-18,1756,N20,nominal,2.0NRT,297.9,5.49,D
22.80529,-81.149,338.09,0.35,0.57,2025-01-18,1756,N20,nominal,2.0NRT,297.21,5.49,D
22.8013,-81.149,367,0.35,0.57,2025-01-18,1756,N20,high,2.0NRT,299.4,12.68,D
22.87926,-81.0879,343.02,0.35,0.57,2025-01-18,1756,N20,nominal,2.0NRT,296,4.54,D
22.40599,-83.39153,367,0.5,0.66,2025-01-18,1756,N20,high,2.0NRT,296.15,12.37,D
22.4108,-83.3978,330.8,0.5,0.66,2025-01-18,1756,N20,nominal,2.0NRT,295.36,5.49,D
22.40396,-83.38789,337.1,0.5,0.66,2025-01-18,1756,N20,nominal,2.0NRT,294.78,6.17,D
22.40873,-83.3941,367,0.5,0.66,2025-01-18,1756,N20,high,2.0NRT,295.54,11.35,D
22.78688,-81.85545,337.23,0.39,0.59,2025-01-18,1756,N20,nominal,2.0NRT,295.33,5.06,D
22.74589,-82.08872,332.49,0.41,0.6,2025-01-18,1756,N20,nominal,2.0NRT,292.41,4.1,D
22.74503,-82.09257,341.89,0.41,0.6,2025-01-18,1756,N20,nominal,2.0NRT,292.21,4.29,D
22.75045,-82.09396,337.36,0.41,0.6,2025-01-18,1756,N20,nominal,2.0NRT,290.21,4.29,D
22.73606,-82.20927,337.5,0.41,0.61,2025-01-18,1756,N20,nominal,2.0NRT,292.37,2.68,D
22.80419,-82.21417,334.38,0.41,0.61,2025-01-18,1756,N20,nominal,2.0NRT,292.93,4.19,D
22.80352,-82.21571,340.49,0.41,0.61,2025-01-18,1756,N20,nominal,2.0NRT,293.6,5.18,D
22.82083,-82.42158,335.52,0.42,0.61,2025-01-18,1756,N20,nominal,2.0NRT,294.43,3.15,D
22.82635,-82.423,367,0.42,0.61,2025-01-18,1756,N20,high,2.0NRT,295.4,18.09,D
22.77682,-82.86142,349.07,0.45,0.63,2025-01-18,1756,N20,nominal,2.0NRT,296.47,4.93,D
22.7825,-82.86286,329.29,0.45,0.63,2025-01-18,1756,N20,nominal,2.0NRT,294.89,4.93,D
24.65787,-78.00608,347.83,0.42,0.45,2025-01-18,1756,N20,nominal,2.0NRT,298.84,16.43,D
24.65703,-78.00476,340.17,0.42,0.45,2025-01-18,1756,N20,nominal,2.0NRT,296.88,11.7,D
24.65623,-78.00878,335.96,0.42,0.45,2025-01-18,1756,N20,nominal,2.0NRT,296.02,12.44,D
24.67333,-78.00851,344.39,0.42,0.45,2025-01-18,1756,N20,nominal,2.0NRT,293.76,18.46,D
24.6774,-78.00945,351.68,0.42,0.45,2025-01-18,1756,N20,nominal,2.0NRT,298.8,18.46,D
24.67662,-78.01347,347.36,0.42,0.45,2025-01-18,1756,N20,nominal,2.0NRT,297.99,10.45,D
24.67583,-78.01749,341.03,0.42,0.45,2025-01-18,1756,N20,nominal,2.0NRT,297.01,10.45,D
24.68069,-78.01442,341.38,0.42,0.45,2025-01-18,1756,N20,nominal,2.0NRT,292.59,11.77,D
24.6799,-78.01844,337.53,0.42,0.45,2025-01-18,1756,N20,nominal,2.0NRT,300.5,11.77,D
24.68398,-78.01939,367,0.42,0.45,2025-01-18,1756,N20,high,2.0NRT,298.86,11.77,D
24.68319,-78.02341,341.12,0.42,0.45,2025-01-18,1756,N20,nominal,2.0NRT,296.85,7.79,D
24.68806,-78.02033,367,0.42,0.45,2025-01-18,1756,N20,high,2.0NRT,297.89,19.99,D
24.68727,-78.02435,352.08,0.42,0.45,2025-01-18,1756,N20,nominal,2.0NRT,300.35,20.89,D
24.68648,-78.02839,340.2,0.42,0.45,2025-01-18,1756,N20,nominal,2.0NRT,295.14,20.89,D
24.68569,-78.03242,335.88,0.42,0.45,2025-01-18,1756,N20,nominal,2.0NRT,294.38,3.95,D
26.45285,-77.07698,325.89,0.52,0.41,2025-01-18,1756,N20,nominal,2.0NRT,292.14,3.25,D
26.19854,-81.59606,328.58,0.32,0.55,2025-01-18,1756,N20,nominal,2.0NRT,272.93,1.9,D
26.79353,-80.64427,346.63,0.54,0.51,2025-01-18,1756,N20,nominal,2.0NRT,280.18,12.94,D
29.80072,-81.33785,326.8,0.52,0.5,2025-01-18,1758,N20,nominal,2.0NRT,290.73,2.77,D
38.82932,-78.33598,327.82,0.41,0.37,2025-01-18,1800,N20,nominal,2.0NRT,279.44,2.76,D
18.48436,-69.23814,333.71,0.4,0.37,2025-01-18,1753,N20,nominal,2.0NRT,294.42,4.28,D
18.41337,-70.87051,333.11,0.39,0.36,2025-01-18,1753,N20,nominal,2.0NRT,300.31,2.86,D
18.49038,-71.05503,330.58,0.39,0.36,2025-01-18,1753,N20,low,2.0NRT,305.33,2.41,D
18.51059,-71.83827,337.11,0.4,0.37,2025-01-18,1753,N20,nominal,2.0NRT,303.75,3,D
18.66413,-70.93976,334.62,0.39,0.36,2025-01-18,1753,N20,nominal,2.0NRT,301.72,6.07,D
18.93773,-71.67339,336.12,0.39,0.36,2025-01-18,1753,N20,nominal,2.0NRT,306.3,2.44,D
42.09918,-89.26769,332.35,0.35,0.57,2025-01-18,1802,N20,nominal,2.0NRT,275.53,2.34,D
21.87562,-102.21505,339.99,0.4,0.44,2025-01-18,1936,N20,nominal,2.0NRT,302.3,3.63,D
28.26097,-97.21206,327.03,0.39,0.36,2025-01-18,1938,N20,nominal,2.0NRT,296.49,6.89,D
22.3503,-83.41145,330.14,0.64,0.72,2025-01-18,1936,N20,nominal,2.0NRT,294.19,4.31,D
20.31898,-100.17815,333.87,0.49,0.4,2025-01-18,1936,N20,nominal,2.0NRT,308.38,3.83,D
20.35122,-100.79314,334.82,0.53,0.42,2025-01-18,1936,N20,nominal,2.0NRT,308.94,2.95,D
20.2244,-101.62897,345.48,0.39,0.44,2025-01-18,1936,N20,nominal,2.0NRT,307.19,8.7,D
20.4694,-100.30535,341.98,0.49,0.41,2025-01-18,1936,N20,nominal,2.0NRT,309.2,6.94,D
20.0759,-102.45876,334.61,0.44,0.46,2025-01-18,1936,N20,low,2.0NRT,304.9,4.97,D
20.18369,-101.91309,340.92,0.41,0.45,2025-01-18,1936,N20,nominal,2.0NRT,307.52,3.84,D
20.26958,-101.60753,339.52,0.39,0.44,2025-01-18,1936,N20,nominal,2.0NRT,307.7,3.53,D
20.07723,-102.70525,330.71,0.46,0.47,2025-01-18,1936,N20,nominal,2.0NRT,304.44,2.6,D
20.24559,-101.94191,331.55,0.41,0.45,2025-01-18,1936,N20,low,2.0NRT,304.53,4.15,D
20.34017,-101.57265,331.72,0.39,0.44,2025-01-18,1936,N20,nominal,2.0NRT,305.7,2,D
20.2912,-101.92299,348.02,0.41,0.45,2025-01-18,1936,N20,nominal,2.0NRT,308.39,7.68,D
20.29049,-101.9268,342.52,0.41,0.45,2025-01-18,1936,N20,nominal,2.0NRT,307.7,7.94,D
20.28402,-101.96123,350.5,0.41,0.45,2025-01-18,1936,N20,nominal,2.0NRT,319.02,43.74,D
20.1694,-102.56438,337.73,0.45,0.47,2025-01-18,1936,N20,nominal,2.0NRT,307.52,3.64,D
20.41078,-101.47798,333.67,0.57,0.43,2025-01-18,1936,N20,low,2.0NRT,307.05,6.59,D
20.5495,-100.7513,332.86,0.52,0.42,2025-01-18,1936,N20,low,2.0NRT,304.03,7.63,D
22.82923,-82.21318,338.43,0.77,0.77,2025-01-18,1936,N20,nominal,2.0NRT,288.51,5.87,D
20.29792,-102.25063,330.19,0.43,0.46,2025-01-18,1936,N20,low,2.0NRT,301.76,1.9,D
20.71152,-99.97441,337.44,0.47,0.4,2025-01-18,1936,N20,nominal,2.0NRT,306.85,3.92,D
20.30022,-102.28449,331.88,0.43,0.46,2025-01-18,1936,N20,nominal,2.0NRT,304.37,3.67,D
22.80187,-82.3597,327.18,0.75,0.77,2025-01-18,1936,N20,nominal,2.0NRT,290.59,3.22,D
22.82522,-82.21045,327.43,0.77,0.77,2025-01-18,1936,N20,nominal,2.0NRT,288.58,7.77,D
20.39679,-101.94195,336.13,0.41,0.45,2025-01-18,1936,N20,nominal,2.0NRT,308.23,2.81,D
19.755,-105.25125,367,0.34,0.56,2025-01-18,1936,N20,high,2.0NRT,305.39,6.35,D
21.05262,-98.32891,332.78,0.41,0.37,2025-01-18,1936,N20,nominal,2.0NRT,302.67,3.15,D
19.99895,-104.13126,341.14,0.57,0.52,2025-01-18,1936,N20,nominal,2.0NRT,301.81,8.7,D
20.57543,-101.17173,338.75,0.55,0.42,2025-01-18,1936,N20,nominal,2.0NRT,307.45,12.37,D
20.57928,-101.17251,336.89,0.55,0.42,2025-01-18,1936,N20,nominal,2.0NRT,306.08,5.34,D
20.52885,-101.47324,333.04,0.57,0.43,2025-01-18,1936,N20,nominal,2.0NRT,304.69,7.45,D
20.52787,-101.47861,337.46,0.57,0.43,2025-01-18,1936,N20,nominal,2.0NRT,306.23,9.9,D
20.58749,-101.26025,333.83,0.55,0.43,2025-01-18,1936,N20,low,2.0NRT,303.95,3.3,D
21.20708,-98.04833,333.42,0.4,0.37,2025-01-18,1936,N20,nominal,2.0NRT,303.2,3.46,D
20.43644,-103.22915,340.65,0.49,0.48,2025-01-18,1936,N20,nominal,2.0NRT,304.11,4.65,D
20.78038,-101.42387,334.98,0.56,0.43,2025-01-18,1936,N20,nominal,2.0NRT,309.84,4.04,D
20.45313,-103.30663,332.93,0.49,0.49,2025-01-18,1936,N20,nominal,2.0NRT,305.61,2.01,D
20.79765,-101.57295,337.56,0.57,0.43,2025-01-18,1936,N20,nominal,2.0NRT,306.96,8.78,D
20.8016,-101.57364,339.61,0.57,0.43,2025-01-18,1936,N20,nominal,2.0NRT,306.98,8.41,D
20.48212,-103.29881,342.16,0.49,0.49,2025-01-18,1936,N20,nominal,2.0NRT,308.55,5.96,D
20.85042,-101.44012,334.86,0.56,0.43,2025-01-18,1936,N20,nominal,2.0NRT,308.45,4.1,D
20.49962,-103.3028,340.43,0.49,0.49,2025-01-18,1936,N20,nominal,2.0NRT,302.85,9.3,D
20.89311,-101.42696,334.94,0.56,0.43,2025-01-18,1936,N20,nominal,2.0NRT,307.09,4.61,D
20.89699,-101.42776,336.1,0.56,0.43,2025-01-18,1936,N20,nominal,2.0NRT,307.06,4.61,D
20.86085,-101.65105,341.49,0.38,0.44,2025-01-18,1936,N20,nominal,2.0NRT,307.33,6.26,D
20.8602,-101.65468,335.85,0.38,0.44,2025-01-18,1936,N20,nominal,2.0NRT,309.46,6.26,D
20.89689,-101.43014,334.46,0.56,0.43,2025-01-18,1936,N20,nominal,2.0NRT,307.29,3.11,D
20.86356,-101.65196,341.4,0.38,0.43,2025-01-18,1936,N20,nominal,2.0NRT,308.19,10.35,D
20.61568,-103.05817,340.15,0.47,0.48,2025-01-18,1936,N20,nominal,2.0NRT,302.6,2.91,D
20.62082,-103.05485,341.17,0.47,0.48,2025-01-18,1936,N20,nominal,2.0NRT,304.08,5.04,D
20.95994,-101.39369,333.8,0.56,0.43,2025-01-18,1936,N20,low,2.0NRT,306.46,3.21,D
20.52911,-103.66225,336.89,0.52,0.5,2025-01-18,1936,N20,nominal,2.0NRT,306.73,4.63,D
20.84948,-102.01492,336.46,0.4,0.44,2025-01-18,1936,N20,low,2.0NRT,307.26,3.78,D
20.6155,-103.24451,330.28,0.48,0.48,2025-01-18,1936,N20,nominal,2.0NRT,303.22,2.85,D
21.50618,-98.41196,340.93,0.41,0.37,2025-01-18,1936,N20,nominal,2.0NRT,309.87,4.74,D
21.62566,-98.13322,333.27,0.4,0.37,2025-01-18,1936,N20,nominal,2.0NRT,307.59,3,D
20.68363,-103.74252,330.88,0.52,0.5,2025-01-18,1936,N20,nominal,2.0NRT,304.34,2.43,D
21.65022,-98.50272,344.55,0.41,0.37,2025-01-18,1936,N20,nominal,2.0NRT,309.78,7.76,D
21.08007,-101.75065,332.12,0.39,0.44,2025-01-18,1936,N20,low,2.0NRT,303.36,6.32,D
21.08338,-101.75488,342.01,0.39,0.44,2025-01-18,1936,N20,nominal,2.0NRT,305.59,6.32,D
20.70956,-103.68944,340.52,0.51,0.5,2025-01-18,1936,N20,nominal,2.0NRT,302.46,4.87,D
20.94458,-102.66972,336.77,0.44,0.46,2025-01-18,1936,N20,nominal,2.0NRT,302.27,0.68,D
21.70367,-99.05141,337.78,0.42,0.38,2025-01-18,1936,N20,nominal,2.0NRT,302.94,3.89,D
21.72292,-99.23486,334.33,0.43,0.38,2025-01-18,1936,N20,nominal,2.0NRT,306.57,2.87,D
21.72498,-99.23458,335.64,0.43,0.38,2025-01-18,1936,N20,nominal,2.0NRT,305.26,2.67,D
21.43355,-101.16967,340.96,0.53,0.42,2025-01-18,1936,N20,nominal,2.0NRT,307.61,6.74,D
21.44113,-101.17122,343.72,0.53,0.42,2025-01-18,1936,N20,nominal,2.0NRT,307.52,14.67,D
21.44023,-101.17624,347.51,0.53,0.42,2025-01-18,1936,N20,nominal,2.0NRT,306.35,14.24,D
21.35392,-101.89514,348.57,0.39,0.44,2025-01-18,1936,N20,nominal,2.0NRT,305.45,11.3,D
22.03681,-98.15735,345.5,0.4,0.37,2025-01-18,1936,N20,nominal,2.0NRT,309.51,10.63,D
22.05473,-98.15281,337.49,0.4,0.37,2025-01-18,1936,N20,nominal,2.0NRT,305.53,3.77,D
22.05412,-98.15662,351.02,0.4,0.37,2025-01-18,1936,N20,nominal,2.0NRT,311.04,7.03,D
22.07421,-98.07418,334.39,0.4,0.37,2025-01-18,1936,N20,nominal,2.0NRT,307.13,3,D
22.10055,-98.0595,334.72,0.4,0.37,2025-01-18,1936,N20,low,2.0NRT,307.34,7.8,D
21.953,-99.21868,330.77,0.43,0.38,2025-01-18,1936,N20,low,2.0NRT,305.08,2.02,D
21.63529,-101.06805,346.09,0.52,0.42,2025-01-18,1936,N20,nominal,2.0NRT,312.4,12.34,D
21.68744,-101.03802,340.63,0.52,0.41,2025-01-18,1936,N20,nominal,2.0NRT,307.1,10.18,D
22.26308,-97.80653,346.88,0.39,0.36,2025-01-18,1936,N20,nominal,2.0NRT,307.22,9.24,D
21.84474,-101.4863,332.6,0.54,0.42,2025-01-18,1936,N20,low,2.0NRT,306.36,14.68,D
22.47501,-98.07787,336.39,0.39,0.36,2025-01-18,1936,N20,nominal,2.0NRT,306.54,2.17,D
21.31297,-104.65826,335.07,0.58,0.52,2025-01-18,1936,N20,nominal,2.0NRT,302.44,4.73,D
22.65359,-97.68092,339.88,0.39,0.36,2025-01-18,1936,N20,nominal,2.0NRT,295.29,3.65,D
21.87921,-102.19608,346.34,0.4,0.44,2025-01-18,1936,N20,nominal,2.0NRT,305.02,6.64,D
22.61092,-98.07967,343.35,0.39,0.36,2025-01-18,1936,N20,nominal,2.0NRT,311.53,12.01,D
22.61032,-98.08346,348.36,0.39,0.36,2025-01-18,1936,N20,nominal,2.0NRT,314.62,12.01,D
21.9006,-102.19268,350.45,0.4,0.44,2025-01-18,1936,N20,nominal,2.0NRT,306.56,5.59,D
21.89989,-102.1965,332.51,0.4,0.44,2025-01-18,1936,N20,nominal,2.0NRT,302.52,5.59,D
21.90602,-102.18594,354.77,0.4,0.44,2025-01-18,1936,N20,nominal,2.0NRT,305.61,7.47,D
21.90531,-102.18973,348.78,0.4,0.44,2025-01-18,1936,N20,nominal,2.0NRT,307.36,7.47,D
21.9046,-102.19351,339.61,0.4,0.44,2025-01-18,1936,N20,nominal,2.0NRT,305.65,4.78,D
22.65572,-98.52174,337.25,0.4,0.37,2025-01-18,1936,N20,nominal,2.0NRT,306.93,4.54,D
22.07759,-102.25957,330.57,0.4,0.44,2025-01-18,1936,N20,nominal,2.0NRT,304.95,1.88,D
22.62323,-99.35721,338.01,0.43,0.38,2025-01-18,1936,N20,nominal,2.0NRT,310.81,5.24,D
21.73891,-104.9816,339.02,0.59,0.53,2025-01-18,1936,N20,nominal,2.0NRT,296.39,18.36,D
22.83784,-99.06139,337.99,0.41,0.37,2025-01-18,1936,N20,nominal,2.0NRT,306.67,4.47,D
22.84125,-99.06203,337.33,0.41,0.37,2025-01-18,1936,N20,nominal,2.0NRT,308.27,3.9,D
21.73796,-104.98347,346.07,0.59,0.53,2025-01-18,1936,N20,nominal,2.0NRT,297.37,14.17,D
22.81137,-99.38801,341.72,0.42,0.38,2025-01-18,1936,N20,nominal,2.0NRT,307.38,8.53,D
17.64504,-92.0851,332.72,0.48,0.4,2025-01-18,1934,N20,nominal,2.0NRT,304.23,4.93,D
22.67407,-100.93277,348.7,0.5,0.41,2025-01-18,1936,N20,nominal,2.0NRT,307.78,16.44,D
17.64871,-92.08562,331.23,0.48,0.4,2025-01-18,1934,N20,nominal,2.0NRT,301.71,4.93,D
23.29447,-99.00374,330.93,0.41,0.37,2025-01-18,1936,N20,nominal,2.0NRT,305.83,2.2,D
18.14068,-88.71217,336.18,0.51,0.5,2025-01-18,1934,N20,nominal,2.0NRT,299.24,6.12,D
22.73829,-102.94152,347.88,0.42,0.46,2025-01-18,1936,N20,nominal,2.0NRT,304.9,10.86,D
17.87827,-92.48853,334.24,0.46,0.39,2025-01-18,1934,N20,nominal,2.0NRT,304.69,4.26,D
23.5155,-98.85109,335.01,0.4,0.37,2025-01-18,1936,N20,nominal,2.0NRT,304.71,4.17,D
18.40673,-88.58558,329.19,0.53,0.5,2025-01-18,1934,N20,nominal,2.0NRT,297.93,3.33,D
23.51487,-98.855,335.6,0.4,0.37,2025-01-18,1936,N20,nominal,2.0NRT,304.21,4.17,D
17.84229,-93.12151,345,0.43,0.38,2025-01-18,1934,N20,nominal,2.0NRT,311.19,35.79,D
23.69919,-98.87017,334.11,0.4,0.37,2025-01-18,1936,N20,nominal,2.0NRT,304.69,2.69,D
17.84286,-93.11744,313.86,0.43,0.38,2025-01-18,1934,N20,low,2.0NRT,314.99,35.79,D
23.70941,-99.1112,345.57,0.41,0.37,2025-01-18,1936,N20,nominal,2.0NRT,300.31,5.54,D
18.07788,-91.64405,337.65,0.51,0.41,2025-01-18,1934,N20,nominal,2.0NRT,304.65,4.17,D
23.98144,-97.73634,333.09,0.39,0.36,2025-01-18,1936,N20,nominal,2.0NRT,293.96,2.34,D
18.07771,-91.64712,331.2,0.51,0.41,2025-01-18,1934,N20,low,2.0NRT,304.7,4.68,D
23.1633,-102.81046,341.77,0.41,0.45,2025-01-18,1936,N20,nominal,2.0NRT,301.56,4.12,D
17.64036,-94.8795,332.22,0.39,0.36,2025-01-18,1934,N20,nominal,2.0NRT,301.99,1.65,D
23.16336,-102.80961,339.52,0.41,0.45,2025-01-18,1936,N20,nominal,2.0NRT,300.89,4.93,D
17.89325,-93.17436,334.55,0.43,0.38,2025-01-18,1934,N20,nominal,2.0NRT,305.47,6.26,D
23.11668,-103.18108,346.53,0.43,0.46,2025-01-18,1936,N20,nominal,2.0NRT,304.21,6.5,D
17.89213,-93.18249,331.55,0.43,0.38,2025-01-18,1934,N20,nominal,2.0NRT,302.68,3.64,D
23.23987,-103.11,330.32,0.43,0.46,2025-01-18,1936,N20,nominal,2.0NRT,298.97,2.34,D
17.89157,-93.18655,335.74,0.43,0.38,2025-01-18,1934,N20,nominal,2.0NRT,306.33,3.64,D
24.24529,-97.87815,333.02,0.39,0.36,2025-01-18,1936,N20,nominal,2.0NRT,301.18,1.72,D
17.89046,-93.19468,333.29,0.43,0.38,2025-01-18,1934,N20,nominal,2.0NRT,307.34,6.69,D
23.69975,-101.86153,333.07,0.53,0.42,2025-01-18,1936,N20,nominal,2.0NRT,302.16,5.15,D
17.89967,-93.17946,341.93,0.43,0.38,2025-01-18,1934,N20,nominal,2.0NRT,304.72,8.94,D
23.69879,-101.86674,351.49,0.53,0.42,2025-01-18,1936,N20,nominal,2.0NRT,308.83,12.88,D
23.69782,-101.87195,344.37,0.53,0.42,2025-01-18,1936,N20,nominal,2.0NRT,304.8,12.88,D
17.86958,-93.49772,340.01,0.42,0.38,2025-01-18,1934,N20,nominal,2.0NRT,305.59,3.8,D
23.70355,-101.86233,341.48,0.53,0.42,2025-01-18,1936,N20,nominal,2.0NRT,305.29,5.15,D
17.91446,-93.37889,344.16,0.42,0.38,2025-01-18,1934,N20,nominal,2.0NRT,305.71,4.29,D
23.70734,-101.86314,339.39,0.53,0.42,2025-01-18,1936,N20,nominal,2.0NRT,306.47,5.55,D
17.94243,-93.28082,333.36,0.43,0.38,2025-01-18,1934,N20,nominal,2.0NRT,305.86,2.21,D
24.22075,-98.94962,335.49,0.4,0.37,2025-01-18,1936,N20,nominal,2.0NRT,304.55,6.7,D
17.91212,-93.52028,342.23,0.42,0.38,2025-01-18,1934,N20,nominal,2.0NRT,304.75,10.81,D
23.13877,-106.14111,328.6,0.33,0.55,2025-01-18,1938,N20,low,2.0NRT,302.68,1.94,D
17.9994,-93.08595,337.03,0.44,0.38,2025-01-18,1934,N20,nominal,2.0NRT,303.79,3.91,D
24.77955,-98.02838,335.82,0.39,0.36,2025-01-18,1938,N20,nominal,2.0NRT,304.34,22.16,D
17.92056,-93.75733,332.83,0.41,0.37,2025-01-18,1934,N20,nominal,2.0NRT,304.75,1.57,D
25.02816,-97.93826,336.83,0.39,0.36,2025-01-18,1938,N20,nominal,2.0NRT,299.42,4.24,D
17.94271,-93.64938,336.34,0.42,0.37,2025-01-18,1934,N20,nominal,2.0NRT,306.01,6.26,D
23.96772,-104.45146,339.72,0.5,0.49,2025-01-18,1938,N20,nominal,2.0NRT,300.75,7.48,D
17.96382,-93.64863,343.52,0.42,0.37,2025-01-18,1934,N20,nominal,2.0NRT,306.34,7.28,D
23.97405,-104.443,337.11,0.5,0.49,2025-01-18,1938,N20,nominal,2.0NRT,300.31,8.61,D
23.97309,-104.44776,330.13,0.5,0.49,2025-01-18,1938,N20,low,2.0NRT,301.55,6.7,D
23.97212,-104.45252,343.63,0.5,0.49,2025-01-18,1938,N20,nominal,2.0NRT,301.99,6.7,D
18.06428,-93.31148,345.41,0.43,0.38,2025-01-18,1934,N20,nominal,2.0NRT,306.25,5.07,D
23.97748,-104.44882,347.46,0.5,0.49,2025-01-18,1938,N20,nominal,2.0NRT,300.19,6.7,D
18.06606,-93.31143,332.86,0.43,0.38,2025-01-18,1934,N20,low,2.0NRT,303.7,5.07,D
25.1492,-97.92551,335.12,0.38,0.36,2025-01-18,1938,N20,nominal,2.0NRT,300.54,3.21,D
24.00168,-104.535,350.3,0.5,0.49,2025-01-18,1938,N20,nominal,2.0NRT,305.76,16.24,D
24.00071,-104.53983,352.28,0.5,0.49,2025-01-18,1938,N20,nominal,2.0NRT,302.2,16.24,D
17.97136,-94.51997,337.42,0.4,0.37,2025-01-18,1934,N20,nominal,2.0NRT,305.43,5.16,D
24.00513,-104.54088,340.62,0.5,0.49,2025-01-18,1938,N20,nominal,2.0NRT,297.62,16.24,D
17.97416,-94.52421,337.38,0.4,0.37,2025-01-18,1934,N20,nominal,2.0NRT,306.95,5.31,D
25.18019,-98.09905,330.49,0.39,0.36,2025-01-18,1938,N20,nominal,2.0NRT,303.41,4.9,D
17.98418,-94.5258,337.68,0.4,0.37,2025-01-18,1934,N20,nominal,2.0NRT,305.92,15.25,D
24.04313,-104.5277,328.77,0.5,0.49,2025-01-18,1938,N20,nominal,2.0NRT,296.87,4.04,D
18.09296,-94.04692,331.85,0.41,0.37,2025-01-18,1934,N20,low,2.0NRT,303.13,24.78,D
25.28993,-97.89342,331.88,0.38,0.36,2025-01-18,1938,N20,nominal,2.0NRT,301.31,1.26,D
18.1018,-94.34602,339.71,0.4,0.37,2025-01-18,1934,N20,nominal,2.0NRT,306.16,6.28,D
23.83132,-106.82135,338.92,0.35,0.57,2025-01-18,1938,N20,nominal,2.0NRT,302.55,2.63,D
18.12975,-94.20023,339.58,0.4,0.37,2025-01-18,1934,N20,nominal,2.0NRT,305.43,4.92,D
25.61924,-97.69762,333.73,0.38,0.36,2025-01-18,1938,N20,nominal,2.0NRT,302.27,3.03,D
18.20366,-94.00554,335.45,0.41,0.37,2025-01-18,1934,N20,nominal,2.0NRT,302.46,2.03,D
25.66577,-97.77259,335.08,0.38,0.36,2025-01-18,1938,N20,nominal,2.0NRT,302.18,3.44,D
18.04566,-95.23634,333.24,0.39,0.36,2025-01-18,1934,N20,low,2.0NRT,305.26,5.48,D
25.67932,-97.86094,336.42,0.38,0.36,2025-01-18,1938,N20,nominal,2.0NRT,302.24,2.46,D
18.10446,-95.20508,330.97,0.39,0.36,2025-01-18,1934,N20,low,2.0NRT,304.94,2.12,D
25.67874,-97.86474,342.77,0.38,0.36,2025-01-18,1938,N20,nominal,2.0NRT,302.94,4.58,D
17.9992,-96.01909,336.54,0.38,0.36,2025-01-18,1934,N20,nominal,2.0NRT,303.76,9.52,D
25.76723,-97.86533,339.45,0.38,0.36,2025-01-18,1938,N20,nominal,2.0NRT,304.25,8.47,D
18.41835,-93.18795,335.04,0.44,0.38,2025-01-18,1934,N20,nominal,2.0NRT,309.04,5.03,D
25.34993,-101.00636,332.65,0.46,0.39,2025-01-18,1938,N20,nominal,2.0NRT,298.76,3.39,D
18.43982,-93.16176,336.17,0.44,0.38,2025-01-18,1934,N20,nominal,2.0NRT,302.06,5.7,D
25.35147,-101.01077,330.73,0.46,0.39,2025-01-18,1938,N20,nominal,2.0NRT,297.51,2.51,D
18.14141,-95.2779,339.4,0.39,0.36,2025-01-18,1934,N20,nominal,2.0NRT,304.34,10.03,D
25.57724,-99.93669,345.25,0.42,0.38,2025-01-18,1938,N20,nominal,2.0NRT,301.17,6.14,D
18.05022,-96.08305,331.4,0.38,0.36,2025-01-18,1934,N20,nominal,2.0NRT,305.44,2.84,D
25.6046,-100.92014,335.39,0.45,0.39,2025-01-18,1938,N20,nominal,2.0NRT,303.76,3.1,D
18.04967,-96.08664,342.43,0.38,0.36,2025-01-18,1934,N20,nominal,2.0NRT,306.84,4.33,D
26.34271,-98.32329,343.58,0.39,0.36,2025-01-18,1938,N20,nominal,2.0NRT,303.93,5.47,D
18.64413,-92.16903,349.52,0.49,0.4,2025-01-18,1934,N20,nominal,2.0NRT,305.16,7.98,D
27.46469,-97.57802,345.01,0.39,0.36,2025-01-18,1938,N20,nominal,2.0NRT,299.84,4.02,D
18.0644,-96.18898,333.21,0.39,0.36,2025-01-18,1934,N20,nominal,2.0NRT,303.46,4.12,D
27.46355,-97.58576,339.78,0.39,0.36,2025-01-18,1938,N20,nominal,2.0NRT,299.45,7.98,D
18.48594,-93.34406,330.38,0.43,0.38,2025-01-18,1934,N20,nominal,2.0NRT,297.77,1.81,D
27.46685,-97.58637,330.14,0.39,0.36,2025-01-18,1938,N20,nominal,2.0NRT,297.9,2.08,D
18.15048,-95.64561,334.56,0.38,0.36,2025-01-18,1934,N20,nominal,2.0NRT,301.95,4.6,D
28.05885,-97.43849,333.62,0.39,0.36,2025-01-18,1938,N20,nominal,2.0NRT,299.21,2.57,D
18.0677,-96.18954,346.34,0.39,0.36,2025-01-18,1934,N20,nominal,2.0NRT,303.61,4.12,D
26.30562,-107.23314,330.02,0.33,0.55,2025-01-18,1938,N20,nominal,2.0NRT,289.77,2.92,D
18.11065,-95.93062,332.47,0.38,0.36,2025-01-18,1934,N20,low,2.0NRT,303.13,3.55,D
26.30519,-107.2327,325.97,0.33,0.55,2025-01-18,1938,N20,nominal,2.0NRT,289.82,3.74,D
18.22592,-95.3484,331.91,0.39,0.36,2025-01-18,1934,N20,low,2.0NRT,302.45,1.75,D
26.30406,-107.23774,331.29,0.33,0.55,2025-01-18,1938,N20,nominal,2.0NRT,291.7,2.1,D
18.63598,-92.50751,342.4,0.47,0.4,2025-01-18,1934,N20,nominal,2.0NRT,305.58,8.88,D
28.17237,-97.14355,347.78,0.39,0.36,2025-01-18,1938,N20,nominal,2.0NRT,297.18,27.1,D
18.20631,-95.65961,334.74,0.38,0.36,2025-01-18,1934,N20,nominal,2.0NRT,303.89,3.94,D
28.17181,-97.14753,331.28,0.39,0.36,2025-01-18,1938,N20,nominal,2.0NRT,288.67,2.02,D
18.20577,-95.66322,331.01,0.38,0.36,2025-01-18,1934,N20,nominal,2.0NRT,302.47,2.4,D
28.1757,-97.14417,330.38,0.39,0.36,2025-01-18,1938,N20,nominal,2.0NRT,293.19,2.15,D
18.1987,-95.71007,332.57,0.38,0.36,2025-01-18,1934,N20,low,2.0NRT,304.06,2.83,D
28.17514,-97.14814,330.93,0.39,0.36,2025-01-18,1938,N20,nominal,2.0NRT,292.64,1.62,D
18.21367,-95.94519,342.13,0.38,0.36,2025-01-18,1934,N20,nominal,2.0NRT,304.69,3.31,D
28.23445,-96.80135,367,0.4,0.37,2025-01-18,1938,N20,high,2.0NRT,294.14,7.64,D
18.21708,-96.03828,335.19,0.38,0.36,2025-01-18,1934,N20,nominal,2.0NRT,303.4,2.46,D
28.23501,-96.7973,331.51,0.4,0.37,2025-01-18,1938,N20,nominal,2.0NRT,288.48,7.64,D
18.19214,-96.22279,337.69,0.39,0.36,2025-01-18,1934,N20,nominal,2.0NRT,303.61,2.65,D
18.2664,-95.75834,334.06,0.38,0.36,2025-01-18,1934,N20,nominal,2.0NRT,304.61,3.03,D
28.23723,-96.80599,330.65,0.4,0.37,2025-01-18,1938,N20,nominal,2.0NRT,287.77,5.95,D
18.35144,-95.73177,332.34,0.38,0.36,2025-01-18,1934,N20,low,2.0NRT,303.19,2.27,D
28.23666,-96.81004,350.31,0.4,0.37,2025-01-18,1938,N20,nominal,2.0NRT,294.32,5.95,D
18.35473,-95.73232,334.45,0.38,0.36,2025-01-18,1934,N20,nominal,2.0NRT,303.36,2.27,D
28.18788,-97.15453,336.46,0.39,0.36,2025-01-18,1938,N20,nominal,2.0NRT,294.82,2.93,D
18.51727,-95.25925,338.05,0.39,0.36,2025-01-18,1934,N20,nominal,2.0NRT,305.64,5.56,D
28.2488,-97.20168,327.52,0.39,0.36,2025-01-18,1938,N20,nominal,2.0NRT,295.27,4.48,D
18.51673,-95.26288,337.53,0.39,0.36,2025-01-18,1934,N20,nominal,2.0NRT,305.47,8.11,D
28.24824,-97.20565,343.15,0.39,0.36,2025-01-18,1938,N20,nominal,2.0NRT,298.83,4.48,D
18.50847,-95.45448,336.04,0.39,0.36,2025-01-18,1934,N20,nominal,2.0NRT,307.93,16.18,D
28.25764,-97.21146,328.81,0.39,0.36,2025-01-18,1938,N20,nominal,2.0NRT,297.96,4.1,D
18.50793,-95.45809,302.37,0.39,0.36,2025-01-18,1934,N20,low,2.0NRT,309.47,16.18,D
28.26154,-97.20808,331.3,0.39,0.36,2025-01-18,1938,N20,nominal,2.0NRT,298.25,3.99,D
18.51122,-95.45863,336.85,0.39,0.36,2025-01-18,1934,N20,nominal,2.0NRT,304.79,16.18,D
28.26486,-97.20869,331.56,0.39,0.36,2025-01-18,1938,N20,nominal,2.0NRT,298.33,3.99,D
18.51504,-95.45934,334.07,0.39,0.36,2025-01-18,1934,N20,nominal,2.0NRT,302.57,3.18,D
27.14861,-104.96792,341.04,0.46,0.47,2025-01-18,1938,N20,nominal,2.0NRT,304.78,20.44,D
18.41127,-96.21203,334.4,0.38,0.36,2025-01-18,1934,N20,low,2.0NRT,307.08,2.69,D
28.42277,-99.20766,332.5,0.39,0.36,2025-01-18,1938,N20,nominal,2.0NRT,300.97,1.22,D
19.38077,-89.30885,333.18,0.49,0.48,2025-01-18,1934,N20,nominal,2.0NRT,299.04,3.19,D
29.0668,-95.65927,326.2,0.44,0.38,2025-01-18,1938,N20,nominal,2.0NRT,292.58,1.99,D
18.56459,-95.48973,338.96,0.39,0.36,2025-01-18,1934,N20,nominal,2.0NRT,304.49,2.95,D
29.14525,-95.2778,345.28,0.45,0.39,2025-01-18,1938,N20,nominal,2.0NRT,296.1,28.34,D
18.56843,-95.48666,330.04,0.39,0.36,2025-01-18,1934,N20,nominal,2.0NRT,304.2,2.95,D
29.14941,-95.27376,339.33,0.45,0.39,2025-01-18,1938,N20,nominal,2.0NRT,291.19,31.18,D
19.26624,-90.41398,339.89,0.41,0.45,2025-01-18,1934,N20,nominal,2.0NRT,302.27,3.83,D
29.14881,-95.27839,353.46,0.45,0.39,2025-01-18,1938,N20,nominal,2.0NRT,292.8,7.06,D
18.50636,-96.14284,335.17,0.38,0.36,2025-01-18,1936,N20,low,2.0NRT,308.88,11.49,D
29.14821,-95.28301,334.06,0.45,0.39,2025-01-18,1938,N20,nominal,2.0NRT,288.54,7.06,D
18.48131,-96.3723,339.31,0.39,0.36,2025-01-18,1936,N20,nominal,2.0NRT,306.7,3.29,D
29.15177,-95.28359,337.34,0.45,0.39,2025-01-18,1938,N20,nominal,2.0NRT,289.12,7.06,D
18.47986,-96.68941,336.35,0.39,0.36,2025-01-18,1936,N20,nominal,2.0NRT,304.69,3.82,D
29.15402,-95.28671,330.47,0.45,0.39,2025-01-18,1938,N20,nominal,2.0NRT,291.56,3.41,D
29.39658,-97.409,330.33,0.39,0.36,2025-01-18,1938,N20,nominal,2.0NRT,293.53,4.53,D
18.54048,-96.36414,344.96,0.39,0.36,2025-01-18,1936,N20,nominal,2.0NRT,306.9,4.01,D
29.39933,-97.41364,331.75,0.39,0.36,2025-01-18,1938,N20,nominal,2.0NRT,295.98,3.31,D
19.49611,-89.35466,332.33,0.49,0.48,2025-01-18,1936,N20,low,2.0NRT,303.14,3.94,D
29.86603,-95.2686,341.76,0.46,0.39,2025-01-18,1938,N20,nominal,2.0NRT,290.4,4.94,D
18.57999,-96.39314,336.6,0.39,0.36,2025-01-18,1936,N20,nominal,2.0NRT,305.59,3.42,D
29.57424,-98.03177,341.71,0.39,0.36,2025-01-18,1938,N20,nominal,2.0NRT,299.26,5.82,D
18.58329,-96.39369,335.22,0.39,0.36,2025-01-18,1936,N20,nominal,2.0NRT,302.4,6.43,D
29.73466,-98.52998,341.84,0.38,0.36,2025-01-18,1938,N20,nominal,2.0NRT,296.01,5.23,D
18.67023,-96.53573,332.87,0.39,0.36,2025-01-18,1936,N20,low,2.0NRT,303.94,1.44,D
29.73676,-98.53852,345.28,0.38,0.36,2025-01-18,1938,N20,nominal,2.0NRT,299.16,4.84,D
18.68364,-96.53838,337.97,0.39,0.36,2025-01-18,1936,N20,nominal,2.0NRT,305.98,3.84,D
29.74005,-98.53916,332.07,0.38,0.36,2025-01-18,1938,N20,nominal,2.0NRT,295.95,4.84,D
19.71852,-89.08593,336.78,0.51,0.49,2025-01-18,1936,N20,nominal,2.0NRT,299.13,5.17,D
27.56584,-110.03968,330.13,0.46,0.63,2025-01-18,1938,N20,nominal,2.0NRT,303.57,2.02,D
19.55782,-90.46107,333.91,0.41,0.45,2025-01-18,1936,N20,low,2.0NRT,308.46,3.99,D
30.30559,-95.20592,328.65,0.47,0.39,2025-01-18,1938,N20,nominal,2.0NRT,288.88,3.36,D
19.56292,-90.45364,343.25,0.42,0.45,2025-01-18,1936,N20,nominal,2.0NRT,308.92,14.3,D
30.21483,-95.97646,328.79,0.43,0.38,2025-01-18,1938,N20,nominal,2.0NRT,290.32,3.1,D
19.36886,-92.00335,329.58,0.51,0.41,2025-01-18,1936,N20,nominal,2.0NRT,298.1,1.95,D
30.44824,-94.76626,329.55,0.49,0.4,2025-01-18,1938,N20,nominal,2.0NRT,291.5,4.12,D
19.39452,-92.04114,342.04,0.5,0.41,2025-01-18,1936,N20,nominal,2.0NRT,301.16,7.45,D
30.87867,-93.83387,325.83,0.55,0.43,2025-01-18,1938,N20,nominal,2.0NRT,289.59,5.38,D
19.39827,-92.04167,332.3,0.5,0.41,2025-01-18,1936,N20,nominal,2.0NRT,297.55,7.45,D
30.81009,-94.97687,336.42,0.48,0.4,2025-01-18,1938,N20,nominal,2.0NRT,290.83,4.91,D
19.60722,-90.50346,344.02,0.41,0.45,2025-01-18,1936,N20,nominal,2.0NRT,307.4,7.31,D
30.80874,-94.97942,330.53,0.48,0.4,2025-01-18,1938,N20,nominal,2.0NRT,290.5,4.84,D
18.60057,-97.58403,336.16,0.4,0.37,2025-01-18,1936,N20,nominal,2.0NRT,302.46,5.05,D
30.94015,-94.1382,329.79,0.53,0.42,2025-01-18,1938,N20,nominal,2.0NRT,290.38,3.66,D
18.76133,-96.73842,333.9,0.39,0.36,2025-01-18,1936,N20,low,2.0NRT,304.48,3.7,D
31.08326,-93.12605,338.05,0.4,0.44,2025-01-18,1938,N20,nominal,2.0NRT,291.47,2.91,D
18.76464,-96.73899,335.18,0.39,0.36,2025-01-18,1936,N20,nominal,2.0NRT,303.55,3.7,D
31.08281,-93.13025,328.12,0.4,0.44,2025-01-18,1938,N20,nominal,2.0NRT,290.82,2.91,D
19.62037,-90.59218,340.06,0.41,0.45,2025-01-18,1936,N20,nominal,2.0NRT,304.05,10.08,D
31.08191,-93.13869,326.39,0.4,0.44,2025-01-18,1938,N20,nominal,2.0NRT,291.08,3.6,D
19.44719,-92.08532,342.28,0.5,0.41,2025-01-18,1936,N20,nominal,2.0NRT,300.7,24.93,D
31.08779,-93.12242,329.29,0.4,0.44,2025-01-18,1938,N20,nominal,2.0NRT,289.36,4.19,D
18.20887,-100.32689,340.85,0.53,0.42,2025-01-18,1936,N20,nominal,2.0NRT,303.57,5.65,D
31.08734,-93.12665,340.28,0.4,0.44,2025-01-18,1938,N20,nominal,2.0NRT,290.53,4.78,D
19.75875,-89.89621,339.85,0.45,0.47,2025-01-18,1936,N20,nominal,2.0NRT,301.78,2.7,D
31.08689,-93.13087,343.9,0.4,0.44,2025-01-18,1938,N20,nominal,2.0NRT,291.5,4.78,D
18.81583,-96.75896,334.18,0.39,0.36,2025-01-18,1936,N20,low,2.0NRT,305.49,4.91,D
31.08644,-93.13509,334.35,0.4,0.44,2025-01-18,1938,N20,nominal,2.0NRT,291.98,4.42,D
17.92935,-102.20547,353.85,0.47,0.47,2025-01-18,1936,N20,nominal,2.0NRT,305.07,13.44,D
31.08599,-93.13929,345.58,0.4,0.44,2025-01-18,1938,N20,nominal,2.0NRT,291.5,4.42,D
17.93131,-102.20479,341.64,0.46,0.47,2025-01-18,1936,N20,nominal,2.0NRT,305.22,11.06,D
31.08554,-93.14346,335.5,0.4,0.44,2025-01-18,1938,N20,nominal,2.0NRT,291.16,5.13,D
18.55027,-98.78744,342.73,0.44,0.39,2025-01-18,1936,N20,nominal,2.0NRT,308.48,9.21,D
31.09232,-93.11881,332.16,0.4,0.44,2025-01-18,1938,N20,nominal,2.0NRT,289.53,4.19,D
18.87856,-96.79253,342.59,0.39,0.36,2025-01-18,1936,N20,nominal,2.0NRT,312.53,38.18,D
31.09187,-93.12302,355.3,0.4,0.44,2025-01-18,1938,N20,nominal,2.0NRT,291.51,4.19,D
19.60001,-92.29289,336.31,0.49,0.4,2025-01-18,1936,N20,nominal,2.0NRT,301.67,17.27,D
31.09096,-93.13146,335.56,0.4,0.44,2025-01-18,1938,N20,nominal,2.0NRT,291.07,4.78,D
19.6025,-92.29121,342.14,0.49,0.4,2025-01-18,1936,N20,nominal,2.0NRT,299.26,9.26,D
18.71685,-98.44555,336.77,0.43,0.38,2025-01-18,1936,N20,nominal,2.0NRT,304.5,7.05,D
31.09051,-93.13567,350.63,0.4,0.44,2025-01-18,1938,N20,nominal,2.0NRT,292.07,4.42,D
18.33892,-100.70924,345.14,0.56,0.43,2025-01-18,1936,N20,nominal,2.0NRT,309.16,13.26,D
31.09006,-93.13986,336.16,0.4,0.44,2025-01-18,1938,N20,nominal,2.0NRT,291.55,4.42,D
20.05063,-89.1945,346.36,0.5,0.49,2025-01-18,1936,N20,nominal,2.0NRT,302.71,7.04,D
31.0964,-93.11941,333.7,0.4,0.44,2025-01-18,1938,N20,nominal,2.0NRT,289.92,6.5,D
20.05516,-89.19506,337.28,0.5,0.49,2025-01-18,1936,N20,nominal,2.0NRT,302.46,7.04,D
31.09595,-93.12363,351.68,0.4,0.44,2025-01-18,1938,N20,nominal,2.0NRT,292.71,6.5,D
18.66641,-99.15652,333.98,0.46,0.39,2025-01-18,1936,N20,nominal,2.0NRT,302.08,3.02,D
31.09549,-93.12785,351.45,0.4,0.44,2025-01-18,1938,N20,nominal,2.0NRT,293.17,27.55,D
18.66997,-99.15718,332.33,0.46,0.39,2025-01-18,1936,N20,nominal,2.0NRT,303.97,2.59,D
31.09504,-93.13206,352.54,0.4,0.44,2025-01-18,1938,N20,nominal,2.0NRT,304.1,27.55,D
19.228,-96.22314,335.26,0.38,0.36,2025-01-18,1936,N20,nominal,2.0NRT,306.52,3.6,D
31.09459,-93.13624,354.9,0.4,0.44,2025-01-18,1938,N20,nominal,2.0NRT,292.9,7.48,D
18.79641,-99.05215,332.57,0.45,0.39,2025-01-18,1936,N20,nominal,2.0NRT,302.87,2.42,D
31.09414,-93.14043,334.16,0.4,0.44,2025-01-18,1938,N20,nominal,2.0NRT,290.91,7.48,D
19.0462,-98.00404,336.24,0.41,0.37,2025-01-18,1936,N20,nominal,2.0NRT,304.8,3.91,D
31.10093,-93.1158,346.13,0.4,0.44,2025-01-18,1938,N20,nominal,2.0NRT,290.68,7.68,D
19.04557,-98.0079,330.47,0.41,0.37,2025-01-18,1936,N20,low,2.0NRT,304.66,2.58,D
31.10047,-93.12002,346.93,0.4,0.44,2025-01-18,1938,N20,nominal,2.0NRT,292.29,6.5,D
19.04833,-98.01237,332.31,0.41,0.37,2025-01-18,1936,N20,nominal,2.0NRT,304.22,3,D
31.10002,-93.12424,352.79,0.4,0.44,2025-01-18,1938,N20,nominal,2.0NRT,292.64,6.5,D
19.30832,-96.49742,344.36,0.39,0.36,2025-01-18,1936,N20,nominal,2.0NRT,308.3,10.99,D
31.09957,-93.12844,356.13,0.4,0.44,2025-01-18,1938,N20,nominal,2.0NRT,304.19,27.55,D
20.31566,-89.03347,340.29,0.52,0.5,2025-01-18,1936,N20,nominal,2.0NRT,300.95,4.13,D
31.09912,-93.13263,334.12,0.4,0.44,2025-01-18,1938,N20,nominal,2.0NRT,298.34,27.55,D
19.31162,-96.49799,341.88,0.39,0.36,2025-01-18,1936,N20,nominal,2.0NRT,307.78,10.99,D
31.1041,-93.12483,367,0.4,0.44,2025-01-18,1938,N20,high,2.0NRT,295.42,11.85,D
20.31576,-89.03156,339.9,0.52,0.5,2025-01-18,1936,N20,nominal,2.0NRT,301.61,6.37,D
31.10365,-93.12904,367,0.4,0.44,2025-01-18,1938,N20,high,2.0NRT,297.34,14.53,D
19.21054,-97.42466,340.58,0.4,0.37,2025-01-18,1936,N20,nominal,2.0NRT,308.26,3.26,D
31.10501,-93.11639,328.71,0.4,0.44,2025-01-18,1938,N20,nominal,2.0NRT,290.71,5.17,D
19.37154,-96.41917,336.82,0.38,0.36,2025-01-18,1936,N20,nominal,2.0NRT,307.63,3.79,D
31.10455,-93.12064,352.61,0.4,0.44,2025-01-18,1938,N20,nominal,2.0NRT,292.88,11.85,D
31.1032,-93.1332,336.75,0.4,0.44,2025-01-18,1938,N20,nominal,2.0NRT,291.5,14.53,D
19.39941,-96.47981,332.58,0.39,0.36,2025-01-18,1936,N20,nominal,2.0NRT,302.43,4.74,D
31.10909,-93.11695,346.03,0.4,0.44,2025-01-18,1938,N20,nominal,2.0NRT,292.19,5.17,D
19.14441,-98.3277,331.95,0.42,0.38,2025-01-18,1936,N20,nominal,2.0NRT,300.05,2.68,D
31.10863,-93.1212,352,0.4,0.44,2025-01-18,1938,N20,nominal,2.0NRT,294.17,11.85,D
19.15253,-98.32106,336.08,0.42,0.38,2025-01-18,1936,N20,nominal,2.0NRT,303.37,3.61,D
30.67159,-96.71731,327.56,0.42,0.37,2025-01-18,1938,N20,nominal,2.0NRT,288.91,1.97,D
19.15255,-98.32037,331.56,0.42,0.38,2025-01-18,1936,N20,low,2.0NRT,303.83,4.03,D
31.11317,-93.11752,341.68,0.4,0.44,2025-01-18,1938,N20,nominal,2.0NRT,293.43,21.07,D
19.40335,-96.87283,337.29,0.39,0.36,2025-01-18,1936,N20,nominal,2.0NRT,303.5,3.6,D
31.11272,-93.12176,341.08,0.4,0.44,2025-01-18,1938,N20,nominal,2.0NRT,304.62,35.26,D
19.32849,-97.51844,336.81,0.4,0.37,2025-01-18,1936,N20,nominal,2.0NRT,308.4,2.36,D
30.31413,-99.49926,329.61,0.39,0.36,2025-01-18,1938,N20,nominal,2.0NRT,292.62,1.84,D
19.32789,-97.52219,338.42,0.4,0.37,2025-01-18,1936,N20,nominal,2.0NRT,307.7,2.36,D
30.92171,-96.05583,328.58,0.44,0.38,2025-01-18,1938,N20,nominal,2.0NRT,289.7,2.48,D
19.21886,-98.40977,334.82,0.42,0.38,2025-01-18,1936,N20,nominal,2.0NRT,300.3,2.12,D
29.63065,-104.49494,338.09,0.39,0.44,2025-01-18,1938,N20,nominal,2.0NRT,301.06,2.64,D
19.46611,-96.88348,332.56,0.39,0.36,2025-01-18,1936,N20,nominal,2.0NRT,299.95,4.8,D
19.46941,-96.88404,338.03,0.39,0.36,2025-01-18,1936,N20,nominal,2.0NRT,299.27,4.8,D
30.75327,-97.88348,332.4,0.39,0.36,2025-01-18,1938,N20,nominal,2.0NRT,291.21,2.44,D
19.25724,-98.21777,337.71,0.42,0.37,2025-01-18,1936,N20,nominal,2.0NRT,305.01,1.89,D
29.63194,-104.49852,333.2,0.39,0.44,2025-01-18,1938,N20,nominal,2.0NRT,301.48,1.85,D
19.26064,-98.21838,345.22,0.42,0.37,2025-01-18,1936,N20,nominal,2.0NRT,304.97,6.64,D
31.67892,-90.56351,332.75,0.57,0.52,2025-01-18,1938,N20,nominal,2.0NRT,292.08,5.94,D
19.2886,-98.28389,333.97,0.42,0.38,2025-01-18,1936,N20,nominal,2.0NRT,304.15,7.21,D
31.67838,-90.56965,334.17,0.57,0.52,2025-01-18,1938,N20,nominal,2.0NRT,293.52,5.94,D
19.28794,-98.28783,331.6,0.42,0.38,2025-01-18,1936,N20,nominal,2.0NRT,305.69,7.21,D
31.35989,-95.83393,329.36,0.45,0.39,2025-01-18,1938,N20,nominal,2.0NRT,288.87,1.86,D
31.35012,-96.17003,330.15,0.44,0.38,2025-01-18,1938,N20,nominal,2.0NRT,291.25,2.07,D
19.22311,-98.8261,332.92,0.44,0.38,2025-01-18,1936,N20,low,2.0NRT,304.29,4.38,D
31.2483,-97.71356,331.11,0.4,0.37,2025-01-18,1938,N20,nominal,2.0NRT,291.59,4.31,D
20.4736,-90.24207,340.49,0.44,0.46,2025-01-18,1936,N20,nominal,2.0NRT,305.57,3.22,D
31.82476,-93.55726,327.83,0.39,0.44,2025-01-18,1938,N20,nominal,2.0NRT,285.49,3.54,D
19.62614,-96.79605,334.74,0.39,0.36,2025-01-18,1936,N20,nominal,2.0NRT,303.98,3.41,D
31.98716,-95.0808,330.97,0.49,0.4,2025-01-18,1938,N20,nominal,2.0NRT,289.58,4.23,D
20.60936,-90.18646,335.31,0.44,0.46,2025-01-18,1936,N20,low,2.0NRT,305.68,2.5,D
31.98882,-95.08318,329.68,0.49,0.4,2025-01-18,1938,N20,nominal,2.0NRT,289.65,2.31,D
20.61517,-90.17421,332.85,0.44,0.46,2025-01-18,1936,N20,low,2.0NRT,305.53,5.39,D
28.95878,-111.66777,352.31,0.53,0.67,2025-01-18,1938,N20,nominal,2.0NRT,300.67,4.94,D
20.61996,-90.17049,353.8,0.45,0.47,2025-01-18,1936,N20,nominal,2.0NRT,306.76,5.39,D
32.01496,-96.46027,328.83,0.43,0.38,2025-01-18,1938,N20,nominal,2.0NRT,286.88,3.85,D
20.61878,-90.1697,348.13,0.45,0.47,2025-01-18,1936,N20,nominal,2.0NRT,306.56,5.77,D
29.44667,-110.30675,338.3,0.43,0.62,2025-01-18,1938,N20,nominal,2.0NRT,300.72,4.2,D
20.6183,-90.17398,352.65,0.45,0.47,2025-01-18,1936,N20,nominal,2.0NRT,307.1,5.77,D
29.44991,-110.3102,326.9,0.43,0.62,2025-01-18,1938,N20,low,2.0NRT,300.58,2.38,D
19.30571,-99.47216,339.97,0.47,0.39,2025-01-18,1936,N20,nominal,2.0NRT,303.75,12.09,D
30.26984,-107.35415,333.96,0.55,0.51,2025-01-18,1938,N20,nominal,2.0NRT,299.86,2.3,D
19.39082,-99.56837,341.16,0.47,0.4,2025-01-18,1936,N20,nominal,2.0NRT,303.7,4.48,D
32.25547,-96.99133,327.52,0.42,0.38,2025-01-18,1938,N20,nominal,2.0NRT,288.09,2.64,D
19.39323,-99.68307,339.1,0.48,0.4,2025-01-18,1936,N20,nominal,2.0NRT,305.61,5.73,D
31.66699,-101.98441,335.11,0.43,0.38,2025-01-18,1938,N20,nominal,2.0NRT,295.9,3.14,D
19.54336,-98.84572,336.21,0.44,0.38,2025-01-18,1936,N20,low,2.0NRT,307.8,4.07,D
32.5742,-98.69292,328.94,0.39,0.36,2025-01-18,1940,N20,nominal,2.0NRT,284.02,2.61,D
19.89904,-96.67901,343.28,0.39,0.36,2025-01-18,1936,N20,nominal,2.0NRT,300.95,5.78,D
30.49782,-109.62944,338.28,0.37,0.58,2025-01-18,1940,N20,nominal,2.0NRT,294.2,4.32,D
18.73387,-103.72503,329.35,0.56,0.52,2025-01-18,1936,N20,nominal,2.0NRT,303.78,8.01,D
30.49761,-109.62862,341.06,0.37,0.58,2025-01-18,1940,N20,nominal,2.0NRT,294.18,4.96,D
18.73287,-103.73027,350.6,0.56,0.52,2025-01-18,1936,N20,nominal,2.0NRT,305.37,15.05,D
32.21637,-101.84885,335.16,0.42,0.37,2025-01-18,1940,N20,nominal,2.0NRT,294.75,2.77,D
18.73525,-103.72778,343.68,0.56,0.52,2025-01-18,1936,N20,nominal,2.0NRT,303.2,10.44,D
32.18902,-102.00626,336.94,0.42,0.38,2025-01-18,1940,N20,nominal,2.0NRT,290.64,2.57,D
18.73421,-103.73302,341.14,0.56,0.52,2025-01-18,1936,N20,nominal,2.0NRT,305.41,10.44,D
32.45676,-101.47057,327.23,0.41,0.37,2025-01-18,1940,N20,nominal,2.0NRT,294.26,1.53,D
19.99579,-96.75615,336.12,0.39,0.36,2025-01-18,1936,N20,nominal,2.0NRT,304.73,3.47,D
33.53521,-96.88805,328.02,0.43,0.38,2025-01-18,1940,N20,nominal,2.0NRT,285.1,2.52,D
34.81471,-96.47571,328.2,0.46,0.39,2025-01-18,1940,N20,nominal,2.0NRT,282.02,5.5,D
19.05138,-102.47623,337.31,0.46,0.47,2025-01-18,1936,N20,nominal,2.0NRT,304.67,13.3,D
35.55589,-115.46986,345.99,0.58,0.7,2025-01-18,1940,N20,nominal,2.0NRT,287.41,5.23,D
19.67076,-99.79356,356.3,0.48,0.4,2025-01-18,1936,N20,nominal,2.0NRT,306.8,13.05,D
40.3154,-109.37634,356.02,0.43,0.46,2025-01-18,1942,N20,nominal,2.0NRT,275.64,7.8,D
19.67142,-99.79301,352.52,0.48,0.4,2025-01-18,1936,N20,nominal,2.0NRT,305.97,12.44,D
40.31941,-109.37804,337.12,0.43,0.46,2025-01-18,1942,N20,nominal,2.0NRT,273.48,4.2,D
40.31676,-109.37918,349.78,0.43,0.46,2025-01-18,1942,N20,nominal,2.0NRT,276.09,8.22,D
19.67063,-99.79749,330.43,0.48,0.4,2025-01-18,1936,N20,nominal,2.0NRT,303.79,7.09,D
19.8728,-98.76698,335.71,0.43,0.38,2025-01-18,1936,N20,nominal,2.0NRT,307.13,2.91,D
19.93483,-98.52155,346.58,0.42,0.38,2025-01-18,1936,N20,nominal,2.0NRT,304.67,5.06,D
19.93417,-98.52552,332.23,0.42,0.38,2025-01-18,1936,N20,nominal,2.0NRT,302.97,5.06,D
19.85516,-98.99999,337.08,0.44,0.38,2025-01-18,1936,N20,nominal,2.0NRT,307.9,2.36,D
19.89699,-98.77118,350.39,0.43,0.38,2025-01-18,1936,N20,nominal,2.0NRT,313.31,10.02,D
19.1935,-102.85641,341.25,0.49,0.48,2025-01-18,1936,N20,nominal,2.0NRT,303.25,6.41,D
19.19787,-102.85734,336.21,0.49,0.48,2025-01-18,1936,N20,nominal,2.0NRT,302.45,6.41,D
19.79466,-99.77713,336.62,0.48,0.4,2025-01-18,1936,N20,nominal,2.0NRT,305.68,8.5,D
19.0067,-104.25641,330.69,0.6,0.53,2025-01-18,1936,N20,nominal,2.0NRT,300.82,2.04,D
19.8706,-99.6819,331.1,0.47,0.4,2025-01-18,1936,N20,nominal,2.0NRT,298.23,3.64,D
20.11597,-98.3813,335.42,0.42,0.37,2025-01-18,1936,N20,low,2.0NRT,307.43,4.05,D
20.18444,-98.26506,337.76,0.41,0.37,2025-01-18,1936,N20,nominal,2.0NRT,302.67,4.04,D
20.18782,-98.26569,336.93,0.41,0.37,2025-01-18,1936,N20,nominal,2.0NRT,302.63,4.04,D
19.82757,-100.42623,333.86,0.51,0.41,2025-01-18,1936,N20,nominal,2.0NRT,303.41,2.74,D
20.04626,-99.28904,331.15,0.45,0.39,2025-01-18,1936,N20,low,2.0NRT,303.47,2.85,D
20.04977,-99.28973,342.56,0.45,0.39,2025-01-18,1936,N20,nominal,2.0NRT,304.67,6.4,D
20.07582,-99.24256,341.52,0.45,0.39,2025-01-18,1936,N20,nominal,2.0NRT,309.67,5.89,D
19.75817,-101.1525,339.77,0.56,0.43,2025-01-18,1936,N20,nominal,2.0NRT,307.74,6.4,D
19.75907,-101.14923,333.26,0.56,0.43,2025-01-18,1936,N20,low,2.0NRT,304.41,3.71,D
19.75812,-101.1544,336.15,0.56,0.43,2025-01-18,1936,N20,low,2.0NRT,306.35,9.16,D
19.81706,-100.91979,332.99,0.54,0.42,2025-01-18,1936,N20,low,2.0NRT,307.3,4.84,D
19.93285,-100.40499,346.56,0.51,0.41,2025-01-18,1936,N20,nominal,2.0NRT,311.9,18.13,D
19.93743,-100.40084,333.72,0.51,0.41,2025-01-18,1936,N20,low,2.0NRT,307.18,36.98,D
19.85051,-100.91065,346.89,0.54,0.42,2025-01-18,1936,N20,nominal,2.0NRT,308.68,8.02,D
19.8701,-100.95677,343.28,0.55,0.42,2025-01-18,1936,N20,nominal,2.0NRT,312.22,18.24,D
19.87779,-100.95824,331.46,0.55,0.42,2025-01-18,1936,N20,low,2.0NRT,305.1,4.4,D
20.46097,-97.54437,343.3,0.39,0.36,2025-01-18,1936,N20,nominal,2.0NRT,304.71,3.16,D
20.52163,-97.22282,333.27,0.39,0.36,2025-01-18,1936,N20,nominal,2.0NRT,302.49,5.34,D
20.61802,-97.43123,331.46,0.39,0.36,2025-01-18,1936,N20,nominal,2.0NRT,302.55,2.64,D
19.58148,-103.36382,338.2,0.51,0.5,2025-01-18,1936,N20,nominal,2.0NRT,306.2,6.72,D
22.3535,-83.40922,328.85,0.64,0.72,2025-01-18,1936,N20,nominal,2.0NRT,292.77,5.07,D
26.39996,-108.64179,335.46,0.71,0.75,2025-01-18,2118,N20,nominal,2.0NRT,303.38,4.25,D
27.59295,-110.43784,330.49,0.56,0.69,2025-01-18,2118,N20,nominal,2.0NRT,299.11,1.84,D
27.67361,-110.41091,341.45,0.57,0.69,2025-01-18,2118,N20,nominal,2.0NRT,301.33,4.07,D
27.67566,-110.41195,342.44,0.57,0.69,2025-01-18,2118,N20,nominal,2.0NRT,302.64,4.94,D
28.95378,-111.62289,338.04,0.49,0.65,2025-01-18,2120,N20,nominal,2.0NRT,303.35,3.41,D
28.95908,-111.66721,339.95,0.49,0.65,2025-01-18,2120,N20,nominal,2.0NRT,302.07,3.08,D
29.02133,-111.44023,367,0.5,0.66,2025-01-18,2120,N20,high,2.0NRT,303.06,9.72,D
30.67491,-111.86039,367,0.49,0.65,2025-01-18,2120,N20,high,2.0NRT,311.07,77.85,D
30.67462,-111.86554,339.59,0.49,0.65,2025-01-18,2120,N20,nominal,2.0NRT,309.33,49.83,D
30.80835,-112.56348,367,0.45,0.63,2025-01-18,2120,N20,high,2.0NRT,297.77,102.14,D
30.80774,-112.57278,333.01,0.45,0.63,2025-01-18,2120,N20,nominal,2.0NRT,300.59,54.95,D
30.80804,-112.56813,367,0.45,0.63,2025-01-18,2120,N20,low,2.0NRT,346.25,102.14,D
30.80812,-112.56705,367,0.45,0.63,2025-01-18,2120,N20,high,2.0NRT,326.38,157.14,D
30.80785,-112.57171,207.93,0.45,0.63,2025-01-18,2120,N20,low,2.0NRT,310.11,118.45,D
31.59635,-115.95367,336.87,0.57,0.52,2025-01-18,2120,N20,nominal,2.0NRT,299.66,4.48,D
36.43098,-120.9569,332.13,0.52,0.42,2025-01-18,2122,N20,nominal,2.0NRT,291.55,3.68,D
36.66309,-120.5387,330.86,0.55,0.43,2025-01-18,2122,N20,nominal,2.0NRT,294,6.07,D
36.86236,-120.1938,327.89,0.57,0.43,2025-01-18,2122,N20,nominal,2.0NRT,292.01,5.83,D
37.3697,-119.86329,328.04,0.4,0.44,2025-01-18,2122,N20,nominal,2.0NRT,286.49,2.45,D
37.45559,-120.52284,325.21,0.56,0.43,2025-01-18,2122,N20,nominal,2.0NRT,289.77,2.71,D
38.3036,-122.15208,331.55,0.49,0.4,2025-01-18,2122,N20,nominal,2.0NRT,289.95,5.14,D
38.64148,-120.53899,330.29,0.39,0.44,2025-01-18,2122,N20,nominal,2.0NRT,285.85,2.36,D
38.52971,-122.48271,336.35,0.47,0.4,2025-01-18,2122,N20,nominal,2.0NRT,292.82,7.28,D
38.90118,-120.66916,345.79,0.38,0.43,2025-01-18,2122,N20,nominal,2.0NRT,287.92,4.77,D
38.90516,-120.66991,338.92,0.38,0.43,2025-01-18,2122,N20,nominal,2.0NRT,284.57,4.77,D
39.54077,-122.48267,327.61,0.48,0.4,2025-01-18,2122,N20,nominal,2.0NRT,292.95,3.11,D
39.53967,-122.47978,327.04,0.48,0.4,2025-01-18,2122,N20,nominal,2.0NRT,293.38,1.93,D
40.45042,-121.87149,328.51,0.53,0.42,2025-01-18,2122,N20,nominal,2.0NRT,287.31,2.95,D
44.35487,-120.71513,327.32,0.44,0.46,2025-01-18,2125,N20,nominal,2.0NRT,275.33,3.59,D
44.35445,-120.72034,342.42,0.44,0.46,2025-01-18,2125,N20,nominal,2.0NRT,277.77,5.4,D
44.35401,-120.72565,332.06,0.44,0.46,2025-01-18,2125,N20,nominal,2.0NRT,277.06,5.4,D
19.39679,-155.28851,348.28,0.62,0.54,2025-01-18,2258,N20,nominal,2.0NRT,286.82,37.05,D
19.39567,-155.29417,350.17,0.62,0.54,2025-01-18,2258,N20,nominal,2.0NRT,285.4,37.05,D
19.40385,-155.2784,355,0.62,0.54,2025-01-18,2258,N20,nominal,2.0NRT,319.61,265.17,D
19.40162,-155.28969,338.54,0.62,0.54,2025-01-18,2258,N20,nominal,2.0NRT,309.22,37.05,D
19.40272,-155.28412,367,0.62,0.54,2025-01-18,2258,N20,low,2.0NRT,370.09,265.17,D
19.40054,-155.29517,356.65,0.62,0.54,2025-01-18,2258,N20,low,2.0NRT,288.48,37.05,D
19.39449,-155.28915,337.56,0.62,0.54,2025-01-18,2258,N20,nominal,2.0NRT,287.63,52.01,D
19.39332,-155.29488,334.29,0.62,0.54,2025-01-18,2258,N20,nominal,2.0NRT,285.44,10.53,D
19.40281,-155.27328,345.69,0.62,0.54,2025-01-18,2258,N20,nominal,2.0NRT,300.78,35.2,D
19.40164,-155.27902,352,0.62,0.54,2025-01-18,2258,N20,nominal,2.0NRT,308.04,35.2,D
19.39933,-155.29027,355.96,0.62,0.54,2025-01-18,2258,N20,nominal,2.0NRT,291.28,52.01,D
19.39819,-155.29581,352.8,0.62,0.54,2025-01-18,2258,N20,nominal,2.0NRT,287.84,10.53,D
19.397,-155.30164,332.01,0.62,0.54,2025-01-18,2258,N20,nominal,2.0NRT,283.84,10.53,D
19.40047,-155.2847,367,0.62,0.54,2025-01-18,2258,N20,low,2.0NRT,326.17,52.01,D
19.40764,-155.27441,367,0.62,0.54,2025-01-18,2258,N20,high,2.0NRT,329.54,186.2,D
19.40882,-155.26868,344.2,0.62,0.54,2025-01-18,2258,N20,nominal,2.0NRT,305.59,69.49,D
19.40418,-155.29132,352.92,0.62,0.54,2025-01-18,2258,N20,nominal,2.0NRT,299.2,188.58,D
19.40188,-155.30257,326.72,0.62,0.54,2025-01-18,2258,N20,nominal,2.0NRT,283.38,16.27,D
19.40647,-155.28015,367,0.62,0.54,2025-01-18,2258,N20,low,2.0NRT,346.3,186.2,D
19.4053,-155.28587,367,0.62,0.54,2025-01-18,2258,N20,low,2.0NRT,377.25,188.58,D
19.40306,-155.2968,356.23,0.62,0.54,2025-01-18,2258,N20,low,2.0NRT,287.1,16.27,D
19.41364,-155.26981,351.44,0.62,0.54,2025-01-18,2258,N20,nominal,2.0NRT,320.25,69.49,D
19.41133,-155.28111,354.83,0.62,0.54,2025-01-18,2258,N20,nominal,2.0NRT,318.15,186.2,D
19.4102,-155.28668,339.61,0.62,0.54,2025-01-18,2258,N20,nominal,2.0NRT,311.18,188.58,D
19.41733,-155.27654,350.63,0.62,0.54,2025-01-18,2258,N20,nominal,2.0NRT,303.99,31.29,D
40.02511,-74.25343,299.06,0.46,0.47,2025-01-19,0618,N20,nominal,2.0NRT,272.01,0.53,N
39.25701,-76.50185,327.56,0.59,0.53,2025-01-19,0618,N20,nominal,2.0NRT,273.66,5.65,N
36.35514,-76.80715,315.04,0.57,0.52,2025-01-19,0620,N20,nominal,2.0NRT,276.72,3.03,N
20.70588,-76.91669,301.58,0.57,0.43,2025-01-19,0624,N20,nominal,2.0NRT,291.54,1.08,N
26.27965,-80.15761,309.78,0.35,0.57,2025-01-19,0622,N20,nominal,2.0NRT,289.1,0.63,N
20.7052,-76.91121,309.57,0.57,0.43,2025-01-19,0624,N20,nominal,2.0NRT,291.99,1.08,N
26.27978,-80.15675,311.96,0.35,0.57,2025-01-19,0622,N20,nominal,2.0NRT,288.9,0.76,N
20.71639,-77.996,302.75,0.44,0.46,2025-01-19,0624,N20,nominal,2.0NRT,292.68,0.79,N
25.86124,-80.34725,307.58,0.36,0.57,2025-01-19,0622,N20,nominal,2.0NRT,289.99,0.5,N
20.51556,-76.98669,337.59,0.57,0.43,2025-01-19,0624,N20,nominal,2.0NRT,292.34,8.51,N
25.86215,-80.34626,306.51,0.36,0.57,2025-01-19,0622,N20,nominal,2.0NRT,290.06,0.56,N
20.49871,-77.01437,336.93,0.38,0.43,2025-01-19,0624,N20,nominal,2.0NRT,293.03,2.3,N
23.0868,-81.27374,308.61,0.38,0.59,2025-01-19,0624,N20,nominal,2.0NRT,291.51,1.53,N
20.49917,-77.01804,318.14,0.38,0.43,2025-01-19,0624,N20,nominal,2.0NRT,292.12,2.3,N
23.08508,-81.27383,308.72,0.38,0.59,2025-01-19,0624,N20,nominal,2.0NRT,291.68,1.08,N
20.49517,-77.01862,314.1,0.38,0.43,2025-01-19,0624,N20,nominal,2.0NRT,291.62,2.3,N
22.45646,-80.60686,307.37,0.34,0.56,2025-01-19,0624,N20,nominal,2.0NRT,290.01,0.65,N
20.49471,-77.01495,303.66,0.38,0.43,2025-01-19,0624,N20,nominal,2.0NRT,291.92,2.3,N
22.31026,-80.21709,301.01,0.32,0.55,2025-01-19,0624,N20,nominal,2.0NRT,289.75,0.32,N
19.46302,-70.78599,304.28,0.4,0.37,2025-01-19,0624,N20,nominal,2.0NRT,291.47,0.89,N
22.18425,-80.53262,316.5,0.33,0.56,2025-01-19,0624,N20,nominal,2.0NRT,292.86,1.28,N
18.2947,-70.46919,305.04,0.41,0.37,2025-01-19,0624,N20,nominal,2.0NRT,293.5,0.69,N
21.83271,-78.42306,303.5,0.49,0.48,2025-01-19,0624,N20,nominal,2.0NRT,289.65,1.07,N
18.31814,-71.14796,334.23,0.4,0.37,2025-01-19,0624,N20,nominal,2.0NRT,292.79,3.52,N
21.83368,-78.42012,299.81,0.48,0.48,2025-01-19,0624,N20,nominal,2.0NRT,289.21,0.7,N
21.04314,-73.64935,307.98,0.41,0.37,2025-01-19,0624,N20,nominal,2.0NRT,294.55,1.09,N
18.24902,-71.35406,302.74,0.39,0.36,2025-01-19,0624,N20,nominal,2.0NRT,291.76,0.4,N
21.05063,-77.12792,307.55,0.4,0.44,2025-01-19,0624,N20,nominal,2.0NRT,291.54,0.72,N
46.57967,-80.78997,337.28,0.44,0.46,2025-01-19,0758,N20,nominal,2.0NRT,248.88,7.26,N
46.57563,-80.79196,336.92,0.44,0.46,2025-01-19,0758,N20,nominal,2.0NRT,253.72,25.8,N
47.66351,-91.89295,324.03,0.42,0.37,2025-01-19,0758,N20,nominal,2.0NRT,243.91,2.92,N
48.25721,-102.35766,321.56,0.37,0.58,2025-01-19,0758,N20,nominal,2.0NRT,242.48,3.36,N
48.25181,-102.35813,321.22,0.37,0.58,2025-01-19,0758,N20,nominal,2.0NRT,241.61,3.36,N
48.06353,-102.35294,367,0.37,0.58,2025-01-19,0758,N20,high,2.0NRT,257.71,21.57,N
46.73209,-92.07956,303.06,0.41,0.37,2025-01-19,0758,N20,nominal,2.0NRT,249.46,0.86,N
45.07335,-83.4049,300.53,0.55,0.43,2025-01-19,0758,N20,nominal,2.0NRT,263.93,1.27,N
46.858,-95.89318,331.58,0.55,0.43,2025-01-19,0758,N20,nominal,2.0NRT,245.97,8.66,N
41.12189,-85.35322,328.04,0.55,0.42,2025-01-19,0758,N20,nominal,2.0NRT,262.82,12.79,N
41.12106,-85.35453,325.86,0.55,0.42,2025-01-19,0758,N20,nominal,2.0NRT,260.96,14.84,N
17.65573,-93.36536,306,0.54,0.42,2025-01-19,0805,N20,nominal,2.0NRT,289.95,1.33,N
17.97067,-100.78364,302.97,0.45,0.39,2025-01-19,0805,N20,nominal,2.0NRT,291.29,0.53,N
17.96944,-100.80078,306.59,0.45,0.39,2025-01-19,0805,N20,nominal,2.0NRT,291.55,0.77,N
17.97075,-100.78253,301.62,0.45,0.39,2025-01-19,0805,N20,nominal,2.0NRT,291.11,0.66,N
17.96957,-100.79952,306.17,0.45,0.39,2025-01-19,0805,N20,nominal,2.0NRT,291.14,0.93,N
17.93197,-102.20695,333.61,0.52,0.42,2025-01-19,0805,N20,nominal,2.0NRT,297.44,16.73,N
36.58583,-94.07102,323.71,0.39,0.36,2025-01-19,0800,N20,nominal,2.0NRT,266.5,2.12,N
34.00362,-94.7615,308.37,0.39,0.36,2025-01-19,0802,N20,nominal,2.0NRT,267.93,0.99,N
33.74426,-93.70852,296.85,0.38,0.36,2025-01-19,0802,N20,nominal,2.0NRT,269.83,0.34,N
33.4221,-95.08382,302.82,0.39,0.36,2025-01-19,0802,N20,nominal,2.0NRT,268.44,0.77,N
31.62854,-90.3345,297.78,0.48,0.4,2025-01-19,0802,N20,nominal,2.0NRT,276.03,0.66,N
31.29807,-90.54944,298.57,0.47,0.4,2025-01-19,0802,N20,nominal,2.0NRT,278.03,0.64,N
32.24593,-97.55337,301.01,0.45,0.39,2025-01-19,0802,N20,nominal,2.0NRT,269.31,1.57,N
31.50103,-93.82861,298.83,0.39,0.36,2025-01-19,0802,N20,nominal,2.0NRT,275.51,0.61,N
31.09357,-93.30029,308.12,0.39,0.36,2025-01-19,0802,N20,nominal,2.0NRT,278.12,0.98,N
30.99863,-93.28239,310.37,0.39,0.36,2025-01-19,0802,N20,nominal,2.0NRT,278.04,1.02,N
30.58573,-91.24103,301.4,0.45,0.39,2025-01-19,0802,N20,nominal,2.0NRT,279.91,1.08,N
30.48572,-91.1782,297.45,0.45,0.39,2025-01-19,0802,N20,nominal,2.0NRT,285.51,1.63,N
30.88128,-93.83289,305.1,0.39,0.36,2025-01-19,0802,N20,nominal,2.0NRT,276.67,1.11,N
30.32616,-91.24174,298.87,0.45,0.39,2025-01-19,0802,N20,nominal,2.0NRT,283.05,0.63,N
30.3253,-91.23709,296.26,0.45,0.39,2025-01-19,0802,N20,nominal,2.0NRT,281.23,0.63,N
30.18898,-90.99148,303.59,0.47,0.39,2025-01-19,0802,N20,nominal,2.0NRT,281.63,0.83,N
31.24682,-97.70499,315.88,0.45,0.39,2025-01-19,0802,N20,nominal,2.0NRT,270.4,1.7,N
30.06386,-90.66736,299.55,0.48,0.4,2025-01-19,0802,N20,nominal,2.0NRT,283.75,0.61,N
30.05659,-90.66917,295.57,0.48,0.4,2025-01-19,0802,N20,nominal,2.0NRT,281.74,1.04,N
30.00187,-90.40527,334.49,0.5,0.41,2025-01-19,0802,N20,nominal,2.0NRT,289.84,3.73,N
30.05297,-90.67007,301.91,0.48,0.4,2025-01-19,0802,N20,nominal,2.0NRT,280.61,0.82,N
30.00089,-90.4002,302.17,0.5,0.41,2025-01-19,0802,N20,nominal,2.0NRT,287.21,3.73,N
29.99721,-90.40112,297.77,0.5,0.41,2025-01-19,0802,N20,nominal,2.0NRT,285.86,3.73,N
30.05294,-90.66744,300.32,0.48,0.4,2025-01-19,0802,N20,nominal,2.0NRT,280.32,1.59,N
30.00323,-90.40197,299.99,0.5,0.41,2025-01-19,0802,N20,nominal,2.0NRT,285.5,0.78,N
30.00227,-90.39688,295.51,0.5,0.41,2025-01-19,0802,N20,nominal,2.0NRT,283.86,0.78,N
30.00051,-90.40798,323.09,0.5,0.41,2025-01-19,0802,N20,nominal,2.0NRT,283.45,2.68,N
29.99955,-90.4029,325.74,0.5,0.41,2025-01-19,0802,N20,nominal,2.0NRT,289.77,4.92,N
29.99859,-90.39782,299.58,0.5,0.41,2025-01-19,0802,N20,nominal,2.0NRT,286.71,4.92,N
29.99683,-90.40891,297.2,0.5,0.41,2025-01-19,0802,N20,nominal,2.0NRT,281.43,2.68,N
29.98786,-90.44304,298.33,0.5,0.41,2025-01-19,0802,N20,nominal,2.0NRT,282.85,0.86,N
30.26226,-93.28674,297.9,0.4,0.37,2025-01-19,0802,N20,nominal,2.0NRT,279.54,0.41,N
30.2429,-93.27417,298.16,0.4,0.37,2025-01-19,0802,N20,nominal,2.0NRT,285.19,0.96,N
30.34263,-94.06403,297.41,0.39,0.36,2025-01-19,0802,N20,nominal,2.0NRT,282.24,0.67,N
30.46532,-95.01272,297.87,0.38,0.36,2025-01-19,0802,N20,nominal,2.0NRT,275.88,0.55,N
30.18353,-93.32408,295.07,0.4,0.37,2025-01-19,0802,N20,nominal,2.0NRT,284.23,0.67,N
30.18089,-93.32889,295.83,0.4,0.37,2025-01-19,0802,N20,nominal,2.0NRT,284.68,0.67,N
30.17756,-93.32962,295.46,0.4,0.37,2025-01-19,0802,N20,nominal,2.0NRT,283.6,0.72,N
30.04524,-93.33636,297.7,0.4,0.37,2025-01-19,0802,N20,nominal,2.0NRT,279.83,1.07,N
30.04455,-93.3323,307.31,0.4,0.37,2025-01-19,0802,N20,nominal,2.0NRT,280.4,0.52,N
29.68533,-91.47367,295.11,0.45,0.39,2025-01-19,0802,N20,nominal,2.0NRT,283.01,0.52,N
30.05613,-93.75173,327.64,0.39,0.36,2025-01-19,0802,N20,nominal,2.0NRT,279.67,2.15,N
30.05283,-93.75245,302.03,0.39,0.36,2025-01-19,0802,N20,nominal,2.0NRT,280.92,2.15,N
30.0729,-94.06075,305.15,0.39,0.36,2025-01-19,0802,N20,nominal,2.0NRT,279.5,1.18,N
30.0676,-94.07012,295.36,0.39,0.36,2025-01-19,0802,N20,nominal,2.0NRT,284.06,0.95,N
30.06894,-94.22583,295.78,0.39,0.36,2025-01-19,0802,N20,nominal,2.0NRT,277,0.53,N
30.03478,-94.03603,298.43,0.39,0.36,2025-01-19,0802,N20,nominal,2.0NRT,279.77,0.31,N
30.01056,-93.97124,302.49,0.39,0.36,2025-01-19,0802,N20,nominal,2.0NRT,279.11,0.5,N
29.97838,-93.87919,295.27,0.39,0.36,2025-01-19,0802,N20,nominal,2.0NRT,278.94,0.36,N
29.96248,-93.92724,305.35,0.39,0.36,2025-01-19,0802,N20,nominal,2.0NRT,280.6,0.85,N
30.18196,-95.83691,306.37,0.39,0.36,2025-01-19,0802,N20,nominal,2.0NRT,275.36,0.79,N
29.88986,-93.96351,306.29,0.39,0.36,2025-01-19,0802,N20,nominal,2.0NRT,285.17,1.59,N
29.86685,-93.96735,295.01,0.39,0.36,2025-01-19,0802,N20,nominal,2.0NRT,283.2,0.7,N
29.85961,-93.96478,301.4,0.39,0.36,2025-01-19,0802,N20,nominal,2.0NRT,284.52,0.69,N
29.85631,-93.96549,297.04,0.39,0.36,2025-01-19,0802,N20,nominal,2.0NRT,283.06,0.69,N
29.83586,-93.96577,316.42,0.39,0.36,2025-01-19,0802,N20,nominal,2.0NRT,281.32,1.87,N
29.89876,-94.4604,300.88,0.38,0.36,2025-01-19,0802,N20,nominal,2.0NRT,276.83,0.64,N
29.76008,-93.87902,310.88,0.39,0.36,2025-01-19,0802,N20,nominal,2.0NRT,281.74,1.07,N
29.75877,-93.87105,316.68,0.39,0.36,2025-01-19,0802,N20,nominal,2.0NRT,280.8,1.89,N
29.75678,-93.87974,315.83,0.39,0.36,2025-01-19,0802,N20,nominal,2.0NRT,282.29,1.69,N
29.87806,-94.91203,315.95,0.38,0.36,2025-01-19,0802,N20,nominal,2.0NRT,276.91,0.92,N
29.87333,-94.9252,310.46,0.38,0.36,2025-01-19,0802,N20,nominal,2.0NRT,278.7,1.17,N
29.86429,-94.91078,299.96,0.38,0.36,2025-01-19,0802,N20,nominal,2.0NRT,278.88,0.57,N
29.82876,-95.1198,305.39,0.38,0.36,2025-01-19,0802,N20,nominal,2.0NRT,280.09,1.21,N
29.81851,-95.09746,300.72,0.38,0.36,2025-01-19,0802,N20,nominal,2.0NRT,279.63,0.6,N
29.75898,-95.02015,308.93,0.38,0.36,2025-01-19,0802,N20,nominal,2.0NRT,278.43,0.87,N
29.74873,-94.99786,301.09,0.38,0.36,2025-01-19,0802,N20,nominal,2.0NRT,280.62,0.66,N
29.74544,-94.99854,295.85,0.38,0.36,2025-01-19,0802,N20,nominal,2.0NRT,282.23,1.2,N
29.74138,-95.12537,320.22,0.38,0.36,2025-01-19,0802,N20,nominal,2.0NRT,278.87,1.25,N
29.72808,-95.08335,296.73,0.38,0.36,2025-01-19,0802,N20,nominal,2.0NRT,279.08,0.8,N
29.727,-95.12016,297.3,0.38,0.36,2025-01-19,0802,N20,nominal,2.0NRT,282.96,0.49,N
29.78892,-95.54736,312.19,0.39,0.36,2025-01-19,0802,N20,nominal,2.0NRT,276.52,0.9,N
29.71202,-95.06969,299.13,0.38,0.36,2025-01-19,0802,N20,nominal,2.0NRT,279.18,0.33,N
29.72928,-95.22478,297.96,0.38,0.36,2025-01-19,0802,N20,nominal,2.0NRT,278.74,0.4,N
29.71538,-95.17877,308.68,0.38,0.36,2025-01-19,0802,N20,nominal,2.0NRT,276.95,1.3,N
29.72367,-95.2544,299.28,0.38,0.36,2025-01-19,0802,N20,nominal,2.0NRT,283.35,1.07,N
29.62284,-95.06349,299.41,0.38,0.36,2025-01-19,0802,N20,nominal,2.0NRT,280.1,0.79,N
29.61403,-95.02876,320.93,0.38,0.36,2025-01-19,0802,N20,nominal,2.0NRT,279.09,0.86,N
29.61013,-95.0255,295.12,0.38,0.36,2025-01-19,0802,N20,nominal,2.0NRT,279.5,0.86,N
29.60233,-95.01897,295.32,0.38,0.36,2025-01-19,0802,N20,nominal,2.0NRT,277.46,0.29,N
29.59806,-95.01473,303.69,0.38,0.36,2025-01-19,0802,N20,nominal,2.0NRT,279,0.63,N
29.37858,-94.93742,295.76,0.38,0.36,2025-01-19,0802,N20,nominal,2.0NRT,280.54,0.61,N
29.37549,-94.91781,308.63,0.38,0.36,2025-01-19,0802,N20,nominal,2.0NRT,283.13,0.93,N
29.37529,-94.9381,304.06,0.38,0.36,2025-01-19,0802,N20,nominal,2.0NRT,287.18,1.38,N
29.37282,-94.9224,299.14,0.38,0.36,2025-01-19,0802,N20,nominal,2.0NRT,282.3,0.5,N
29.3722,-94.91848,297.5,0.38,0.36,2025-01-19,0802,N20,nominal,2.0NRT,281.57,0.5,N
29.37097,-94.91064,297.09,0.38,0.36,2025-01-19,0802,N20,nominal,2.0NRT,282.03,0.6,N
29.36769,-94.91131,298,0.38,0.36,2025-01-19,0802,N20,nominal,2.0NRT,283.16,0.6,N
29.36051,-94.932,295.54,0.38,0.36,2025-01-19,0802,N20,nominal,2.0NRT,280.06,0.26,N
29.30643,-94.82574,301.1,0.38,0.36,2025-01-19,0802,N20,nominal,2.0NRT,281.33,0.99,N
29.73882,-98.54233,333.93,0.47,0.39,2025-01-19,0802,N20,nominal,2.0NRT,276.12,4.01,N
29.73819,-98.53752,318.14,0.47,0.39,2025-01-19,0802,N20,nominal,2.0NRT,275.15,3.13,N
29.73457,-98.5381,298.23,0.47,0.39,2025-01-19,0802,N20,nominal,2.0NRT,273.38,1.23,N
29.57823,-98.03197,328.13,0.44,0.39,2025-01-19,0802,N20,nominal,2.0NRT,278.98,4.68,N
29.46179,-97.54108,302.27,0.43,0.38,2025-01-19,0802,N20,nominal,2.0NRT,275.53,0.8,N
30.50091,-109.6373,329.76,0.69,0.74,2025-01-19,0802,N20,nominal,2.0NRT,271.21,7.11,N
30.50084,-109.63795,324.09,0.69,0.74,2025-01-19,0802,N20,nominal,2.0NRT,270.99,6.38,N
30.50051,-109.63036,297.75,0.69,0.74,2025-01-19,0802,N20,nominal,2.0NRT,270.87,4.52,N
29.33972,-97.11289,303.75,0.41,0.37,2025-01-19,0802,N20,nominal,2.0NRT,276.3,0.73,N
29.2764,-96.79031,300.96,0.4,0.37,2025-01-19,0802,N20,nominal,2.0NRT,276.79,0.73,N
29.06899,-95.75301,295.1,0.39,0.36,2025-01-19,0802,N20,nominal,2.0NRT,282.45,0.44,N
29.06395,-95.78548,298.18,0.39,0.36,2025-01-19,0802,N20,nominal,2.0NRT,277.99,0.46,N
29.00546,-95.40405,305.97,0.38,0.36,2025-01-19,0802,N20,nominal,2.0NRT,277.97,1.17,N
28.99442,-97.84851,308.44,0.43,0.38,2025-01-19,0802,N20,nominal,2.0NRT,276.36,0.9,N
28.87765,-97.20838,305.59,0.41,0.37,2025-01-19,0802,N20,nominal,2.0NRT,277.48,0.91,N
28.9387,-97.8856,304.4,0.43,0.38,2025-01-19,0802,N20,nominal,2.0NRT,276.32,0.42,N
28.70151,-96.54356,302.53,0.4,0.37,2025-01-19,0802,N20,nominal,2.0NRT,280.25,0.64,N
28.70092,-96.53953,302.55,0.4,0.37,2025-01-19,0802,N20,nominal,2.0NRT,280.66,0.64,N
28.69816,-96.54418,304.1,0.4,0.37,2025-01-19,0802,N20,nominal,2.0NRT,279.57,0.64,N
28.64074,-96.55089,304.28,0.4,0.37,2025-01-19,0802,N20,nominal,2.0NRT,278.88,0.45,N
28.51427,-96.7718,313.87,0.4,0.37,2025-01-19,0805,N20,nominal,2.0NRT,279.7,0.91,N
28.66722,-98.28434,314.51,0.44,0.39,2025-01-19,0805,N20,nominal,2.0NRT,278.5,1.16,N
28.76441,-99.33379,297.83,0.49,0.41,2025-01-19,0805,N20,nominal,2.0NRT,278.95,0.71,N
28.59727,-98.38208,316.55,0.45,0.39,2025-01-19,0805,N20,nominal,2.0NRT,278.26,1.38,N
28.59372,-98.38269,320.58,0.45,0.39,2025-01-19,0805,N20,nominal,2.0NRT,277.9,1.38,N
28.5373,-98.49789,297.37,0.45,0.39,2025-01-19,0805,N20,nominal,2.0NRT,278.16,0.84,N
28.06053,-97.43922,324.13,0.41,0.37,2025-01-19,0805,N20,nominal,2.0NRT,281.24,1.69,N
28.0583,-97.4482,307.67,0.41,0.37,2025-01-19,0805,N20,nominal,2.0NRT,279.23,1.16,N
28.26643,-99.19525,307.5,0.48,0.4,2025-01-19,0805,N20,nominal,2.0NRT,279.11,0.53,N
27.93236,-97.32381,300.61,0.41,0.37,2025-01-19,0805,N20,nominal,2.0NRT,280.41,1.22,N
27.89025,-97.27226,311.55,0.41,0.37,2025-01-19,0805,N20,nominal,2.0NRT,282.34,1.62,N
27.88967,-97.26815,301.29,0.41,0.37,2025-01-19,0805,N20,nominal,2.0NRT,280.68,0.52,N
27.82618,-97.19453,313.99,0.4,0.37,2025-01-19,0805,N20,nominal,2.0NRT,280.49,1.21,N
27.82559,-97.19044,305.1,0.4,0.37,2025-01-19,0805,N20,nominal,2.0NRT,283.3,1.21,N
27.82456,-97.20742,316.31,0.4,0.37,2025-01-19,0805,N20,nominal,2.0NRT,279.5,1.09,N
27.82118,-97.20805,296.51,0.4,0.37,2025-01-19,0805,N20,nominal,2.0NRT,283.19,0.87,N
27.83054,-97.4942,310.07,0.41,0.37,2025-01-19,0805,N20,nominal,2.0NRT,283.68,1.12,N
27.81378,-97.42479,300.47,0.41,0.37,2025-01-19,0805,N20,nominal,2.0NRT,280.12,0.88,N
27.81856,-97.48355,298.27,0.41,0.37,2025-01-19,0805,N20,nominal,2.0NRT,286.49,1.18,N
27.80981,-97.59647,302.76,0.41,0.37,2025-01-19,0805,N20,nominal,2.0NRT,279.57,1.21,N
27.81,-97.59481,305.98,0.41,0.37,2025-01-19,0805,N20,nominal,2.0NRT,281.09,1.04,N
28.6856,-106.09048,304.58,0.41,0.6,2025-01-19,0805,N20,nominal,2.0NRT,275.99,1.17,N
27.4661,-97.58749,299.03,0.41,0.37,2025-01-19,0805,N20,nominal,2.0NRT,279.46,0.49,N
27.46492,-97.5792,295.87,0.41,0.37,2025-01-19,0805,N20,nominal,2.0NRT,279.78,0.81,N
27.46269,-97.58811,299.32,0.41,0.37,2025-01-19,0805,N20,nominal,2.0NRT,279.62,0.54,N
26.13264,-92.03934,336.81,0.48,0.4,2025-01-19,0805,N20,nominal,2.0NRT,292.73,9.03,N
27.27303,-101.16679,298.15,0.39,0.44,2025-01-19,0805,N20,nominal,2.0NRT,282.84,0.98,N
27.37436,-107.63506,314.09,0.49,0.65,2025-01-19,0805,N20,nominal,2.0NRT,272.44,2.03,N
27.14964,-104.97369,297.67,0.33,0.56,2025-01-19,0805,N20,nominal,2.0NRT,273.07,0.97,N
27.37263,-107.63638,314.35,0.49,0.65,2025-01-19,0805,N20,nominal,2.0NRT,272.2,2.29,N
25.74749,-100.23659,327.47,0.51,0.41,2025-01-19,0805,N20,nominal,2.0NRT,284.02,3.01,N
25.7502,-100.31844,297.77,0.51,0.41,2025-01-19,0805,N20,nominal,2.0NRT,285.08,1.05,N
25.72185,-100.30737,311.9,0.51,0.41,2025-01-19,0805,N20,nominal,2.0NRT,284.1,2.28,N
25.69793,-100.26987,303.84,0.51,0.41,2025-01-19,0805,N20,nominal,2.0NRT,285.8,1.07,N
25.69793,-100.30073,295.76,0.51,0.41,2025-01-19,0805,N20,nominal,2.0NRT,283.69,0.49,N
25.59439,-99.94514,299.74,0.49,0.4,2025-01-19,0805,N20,nominal,2.0NRT,285.59,1.33,N
25.59069,-99.94572,300.09,0.49,0.4,2025-01-19,0805,N20,nominal,2.0NRT,288.65,1.75,N
25.57835,-99.93784,332.01,0.49,0.4,2025-01-19,0805,N20,nominal,2.0NRT,286.14,4.72,N
23.3714,-99.40916,295.72,0.44,0.38,2025-01-19,0805,N20,nominal,2.0NRT,282.42,0.28,N
22.86309,-99.02645,295.51,0.42,0.38,2025-01-19,0805,N20,nominal,2.0NRT,285.42,0.24,N
22.65619,-97.68216,337.96,0.39,0.36,2025-01-19,0805,N20,nominal,2.0NRT,292.08,2.56,N
21.06928,-89.44172,339.95,0.54,0.51,2025-01-19,0805,N20,nominal,2.0NRT,293.51,6.71,N
21.0647,-89.44277,343.3,0.54,0.51,2025-01-19,0805,N20,nominal,2.0NRT,293.22,17.38,N
22.71228,-98.95001,296.72,0.42,0.38,2025-01-19,0805,N20,nominal,2.0NRT,285.64,0.52,N
22.66241,-98.99053,304.32,0.42,0.38,2025-01-19,0805,N20,nominal,2.0NRT,287.91,0.81,N
22.3523,-97.87321,304.88,0.39,0.36,2025-01-19,0805,N20,nominal,2.0NRT,289.79,0.83,N
22.26432,-97.8068,335.53,0.39,0.36,2025-01-19,0805,N20,nominal,2.0NRT,293.39,6.15,N
22.26489,-97.81057,301.73,0.39,0.36,2025-01-19,0805,N20,nominal,2.0NRT,291.2,1.62,N
22.25824,-97.81174,303.62,0.39,0.36,2025-01-19,0805,N20,nominal,2.0NRT,289.86,0.47,N
22.23554,-98.0254,301.63,0.39,0.36,2025-01-19,0805,N20,nominal,2.0NRT,287.8,0.64,N
22.47505,-100.37897,299.48,0.48,0.4,2025-01-19,0805,N20,nominal,2.0NRT,281.24,0.77,N
22.26699,-99.898,301.09,0.45,0.39,2025-01-19,0805,N20,nominal,2.0NRT,285.64,1,N
22.87976,-105.78299,322.93,0.33,0.56,2025-01-19,0805,N20,nominal,2.0NRT,286.88,1.69,N
21.88529,-98.38408,303.87,0.4,0.37,2025-01-19,0805,N20,nominal,2.0NRT,285.89,1.01,N
21.88194,-98.38465,346.42,0.4,0.37,2025-01-19,0805,N20,nominal,2.0NRT,289.88,2.19,N
21.88307,-98.39233,297.23,0.4,0.37,2025-01-19,0805,N20,nominal,2.0NRT,284.7,1.32,N
21.8825,-98.38849,310.47,0.4,0.37,2025-01-19,0805,N20,nominal,2.0NRT,285.33,1.32,N
21.88137,-98.3808,299.86,0.4,0.37,2025-01-19,0805,N20,nominal,2.0NRT,285.48,2.19,N
21.87857,-98.38522,307.57,0.4,0.37,2025-01-19,0805,N20,nominal,2.0NRT,285.67,2.19,N
22.23337,-105.646,317.86,0.32,0.55,2025-01-19,0805,N20,nominal,2.0NRT,287.33,0.8,N
19.593,-92.20306,332.35,0.39,0.44,2025-01-19,0807,N20,nominal,2.0NRT,298.33,2.91,N
19.60119,-92.29195,339.32,0.38,0.44,2025-01-19,0807,N20,nominal,2.0NRT,301.2,8.97,N
19.60186,-92.29556,310.35,0.38,0.44,2025-01-19,0807,N20,nominal,2.0NRT,296.83,4.29,N
19.56667,-92.23888,331.81,0.39,0.44,2025-01-19,0807,N20,nominal,2.0NRT,298.77,3.97,N
19.52459,-92.19069,339.06,0.39,0.44,2025-01-19,0807,N20,nominal,2.0NRT,298.42,4.69,N
19.44995,-92.0868,346.79,0.4,0.44,2025-01-19,0807,N20,nominal,2.0NRT,299.33,8.39,N
19.44089,-92.03815,315.57,0.4,0.44,2025-01-19,0807,N20,nominal,2.0NRT,296.62,1.77,N
19.44594,-92.08764,347.03,0.4,0.44,2025-01-19,0807,N20,nominal,2.0NRT,297.83,8.39,N
19.43616,-92.03522,335.06,0.4,0.44,2025-01-19,0807,N20,nominal,2.0NRT,297.96,2.97,N
19.39995,-92.04279,339.38,0.4,0.44,2025-01-19,0807,N20,nominal,2.0NRT,298.11,8.22,N
19.39592,-92.04362,339.92,0.4,0.44,2025-01-19,0807,N20,nominal,2.0NRT,300.92,8.22,N
19.3679,-92.00644,333.39,0.4,0.44,2025-01-19,0807,N20,nominal,2.0NRT,297.6,2.93,N
19.29699,-92.16487,319.11,0.4,0.44,2025-01-19,0807,N20,nominal,2.0NRT,296.66,1.13,N
19.33792,-92.40336,322.22,0.57,0.43,2025-01-19,0807,N20,nominal,2.0NRT,297.17,1.66,N
19.29369,-92.1694,310.71,0.4,0.44,2025-01-19,0807,N20,nominal,2.0NRT,296.6,0.88,N
20.41697,-99.02016,295.91,0.41,0.37,2025-01-19,0807,N20,nominal,2.0NRT,282.37,0.43,N
19.24235,-92.2562,311.74,0.39,0.44,2025-01-19,0807,N20,nominal,2.0NRT,296.92,0.75,N
19.24166,-92.25254,311.04,0.39,0.44,2025-01-19,0807,N20,nominal,2.0NRT,297.05,0.93,N
20.38556,-99.69154,319.37,0.43,0.38,2025-01-19,0807,N20,nominal,2.0NRT,287.07,2.7,N
20.58558,-101.1786,298.48,0.5,0.41,2025-01-19,0807,N20,nominal,2.0NRT,287.5,1.52,N
20.58123,-101.17444,319.76,0.5,0.41,2025-01-19,0807,N20,nominal,2.0NRT,286.87,1.86,N
20.58059,-101.16971,297.34,0.5,0.41,2025-01-19,0807,N20,nominal,2.0NRT,283.4,1.86,N
20.57751,-101.175,327.8,0.5,0.41,2025-01-19,0807,N20,nominal,2.0NRT,286.82,7.04,N
20.589,-101.26063,309.84,0.5,0.41,2025-01-19,0807,N20,nominal,2.0NRT,280.75,2.22,N
20.52516,-100.92609,328.55,0.48,0.4,2025-01-19,0807,N20,nominal,2.0NRT,285.13,4.67,N
20.60107,-103.34418,296.23,0.44,0.46,2025-01-19,0807,N20,nominal,2.0NRT,285,0.75,N
20.05153,-99.29236,318.54,0.41,0.37,2025-01-19,0807,N20,nominal,2.0NRT,284.02,1.57,N
20.05097,-99.28844,298.23,0.41,0.37,2025-01-19,0807,N20,nominal,2.0NRT,285.1,2,N
20.04984,-99.28062,302.72,0.41,0.37,2025-01-19,0807,N20,nominal,2.0NRT,288.23,1.2,N
20.04927,-99.27672,302.78,0.41,0.37,2025-01-19,0807,N20,nominal,2.0NRT,289.04,1.2,N
20.04813,-99.2929,327.93,0.41,0.37,2025-01-19,0807,N20,nominal,2.0NRT,284.69,3.33,N
20.03115,-99.27162,318.21,0.41,0.37,2025-01-19,0807,N20,nominal,2.0NRT,283.63,2.12,N
20.01428,-99.17893,301.21,0.41,0.37,2025-01-19,0807,N20,nominal,2.0NRT,284.13,1.07,N
20.01321,-99.17822,304.9,0.41,0.37,2025-01-19,0807,N20,nominal,2.0NRT,285.14,1.18,N
19.9975,-99.21265,297.86,0.41,0.37,2025-01-19,0807,N20,nominal,2.0NRT,283.68,0.43,N
18.86973,-92.6242,318.98,0.57,0.43,2025-01-19,0807,N20,nominal,2.0NRT,297.43,2.1,N
19.44049,-96.36999,304.95,0.39,0.36,2025-01-19,0807,N20,nominal,2.0NRT,293.61,0.49,N
19.74632,-98.60073,326.26,0.39,0.36,2025-01-19,0807,N20,nominal,2.0NRT,279.56,3.12,N
18.64695,-92.17232,330.86,0.4,0.45,2025-01-19,0807,N20,nominal,2.0NRT,297.78,3.89,N
18.64624,-92.16854,339,0.4,0.45,2025-01-19,0807,N20,nominal,2.0NRT,297.78,3.89,N
18.63865,-92.51109,338.3,0.39,0.44,2025-01-19,0807,N20,nominal,2.0NRT,297.64,10.11,N
18.62609,-92.5099,328.47,0.39,0.44,2025-01-19,0807,N20,nominal,2.0NRT,297.47,1.82,N
19.34532,-96.70615,304.33,0.39,0.36,2025-01-19,0807,N20,nominal,2.0NRT,291.42,0.76,N
19.61707,-98.98289,298.38,0.4,0.37,2025-01-19,0807,N20,nominal,2.0NRT,282.13,0.29,N
19.18007,-96.23593,340.02,0.4,0.37,2025-01-19,0807,N20,nominal,2.0NRT,295.23,6.23,N
18.65664,-93.33647,320.23,0.52,0.42,2025-01-19,0807,N20,nominal,2.0NRT,296.29,1.49,N
18.48378,-92.44373,323.64,0.39,0.44,2025-01-19,0807,N20,nominal,2.0NRT,294.91,3.49,N
18.4831,-92.44008,338.33,0.39,0.44,2025-01-19,0807,N20,nominal,2.0NRT,295.71,3.49,N
18.47979,-92.44455,336.6,0.39,0.44,2025-01-19,0807,N20,nominal,2.0NRT,295.23,3.49,N
18.4791,-92.4409,340.18,0.39,0.44,2025-01-19,0807,N20,nominal,2.0NRT,295.94,3.49,N
18.47842,-92.43723,323.61,0.39,0.44,2025-01-19,0807,N20,nominal,2.0NRT,294.82,1.82,N
18.50638,-93.26168,312.48,0.53,0.42,2025-01-19,0807,N20,nominal,2.0NRT,296.58,1.92,N
18.48685,-93.34454,319.98,0.52,0.42,2025-01-19,0807,N20,nominal,2.0NRT,296.57,2.22,N
18.47488,-93.32153,308.13,0.53,0.42,2025-01-19,0807,N20,nominal,2.0NRT,296.58,1.82,N
18.44248,-93.16357,336.55,0.54,0.42,2025-01-19,0807,N20,nominal,2.0NRT,298.03,6.8,N
18.43866,-93.16434,315.58,0.54,0.42,2025-01-19,0807,N20,nominal,2.0NRT,296.88,2.46,N
18.41933,-93.18892,330.53,0.54,0.42,2025-01-19,0807,N20,nominal,2.0NRT,297.15,3.99,N
19.17445,-98.32086,329.73,0.39,0.36,2025-01-19,0807,N20,nominal,2.0NRT,283.12,6.18,N
18.97017,-97.96397,301.6,0.38,0.36,2025-01-19,0807,N20,nominal,2.0NRT,287.2,0.96,N
19.02359,-98.6234,338.05,0.39,0.36,2025-01-19,0807,N20,nominal,2.0NRT,272.73,5.22,N
18.64234,-96.21523,303.26,0.4,0.37,2025-01-19,0807,N20,nominal,2.0NRT,292.11,0.4,N
19.67681,-103.37707,299.61,0.43,0.46,2025-01-19,0807,N20,nominal,2.0NRT,285.46,1.19,N
18.87161,-97.66109,306.52,0.38,0.36,2025-01-19,0807,N20,nominal,2.0NRT,286.08,1.02,N
19.6727,-103.37833,310.97,0.43,0.46,2025-01-19,0807,N20,nominal,2.0NRT,285.44,1.19,N
18.21932,-93.89528,321.26,0.49,0.41,2025-01-19,0807,N20,nominal,2.0NRT,293.95,1.73,N
18.04124,-93.06509,331.74,0.55,0.43,2025-01-19,0807,N20,nominal,2.0NRT,294.76,6.54,N
18.20508,-94.00713,325.69,0.49,0.4,2025-01-19,0807,N20,nominal,2.0NRT,293.52,1.98,N
18.06672,-93.3111,330.38,0.53,0.42,2025-01-19,0807,N20,nominal,2.0NRT,294.03,3.66,N
18.06861,-93.31326,310.86,0.53,0.42,2025-01-19,0807,N20,nominal,2.0NRT,292.29,1.68,N
18.06773,-93.30828,306.84,0.53,0.42,2025-01-19,0807,N20,nominal,2.0NRT,292.25,1.68,N
17.89608,-92.49216,337.87,0.4,0.44,2025-01-19,0807,N20,nominal,2.0NRT,296.38,3.93,N
18.00395,-93.08551,317.32,0.55,0.43,2025-01-19,0807,N20,nominal,2.0NRT,294.47,2.25,N
17.8954,-92.48845,312.94,0.4,0.44,2025-01-19,0807,N20,nominal,2.0NRT,295.58,3.93,N
17.87933,-92.49175,328.3,0.4,0.44,2025-01-19,0807,N20,nominal,2.0NRT,295.35,2.36,N
17.87864,-92.48804,308.88,0.4,0.44,2025-01-19,0807,N20,nominal,2.0NRT,295.68,1.78,N
18.50809,-96.14641,340.78,0.4,0.37,2025-01-19,0807,N20,nominal,2.0NRT,300.21,12.54,N
18.0071,-93.45306,318.57,0.52,0.42,2025-01-19,0807,N20,nominal,2.0NRT,291.78,1.83,N
18.13068,-94.20181,332.43,0.48,0.4,2025-01-19,0807,N20,nominal,2.0NRT,294.49,3.65,N
18.09225,-94.05072,307.59,0.49,0.4,2025-01-19,0807,N20,nominal,2.0NRT,292.51,7.8,N
18.09143,-94.04619,316.04,0.49,0.4,2025-01-19,0807,N20,nominal,2.0NRT,299.51,14.81,N
18.09282,-94.04837,333.59,0.49,0.4,2025-01-19,0807,N20,nominal,2.0NRT,297.01,17.73,N
18.13909,-94.35845,335.97,0.47,0.4,2025-01-19,0807,N20,nominal,2.0NRT,294.87,3.68,N
17.94631,-93.28265,315.67,0.54,0.42,2025-01-19,0807,N20,nominal,2.0NRT,292.85,1.74,N
17.94248,-93.28342,318.41,0.54,0.42,2025-01-19,0807,N20,nominal,2.0NRT,292.28,1.74,N
17.90424,-93.18128,307.62,0.55,0.42,2025-01-19,0807,N20,nominal,2.0NRT,293.97,23.31,N
17.9013,-93.18713,330.03,0.55,0.42,2025-01-19,0807,N20,nominal,2.0NRT,295.76,23.31,N
17.90038,-93.18205,330.51,0.55,0.42,2025-01-19,0807,N20,nominal,2.0NRT,304.63,23.31,N
18.10354,-94.34714,329.34,0.47,0.4,2025-01-19,0807,N20,nominal,2.0NRT,294.87,3.2,N
17.89561,-93.17773,336.43,0.55,0.42,2025-01-19,0807,N20,nominal,2.0NRT,294.2,6.09,N
18.11196,-94.39532,305.44,0.47,0.4,2025-01-19,0807,N20,nominal,2.0NRT,292.94,0.94,N
17.89267,-93.18359,327.71,0.55,0.42,2025-01-19,0807,N20,nominal,2.0NRT,295.07,6.56,N
17.89359,-93.18867,312.12,0.55,0.42,2025-01-19,0807,N20,nominal,2.0NRT,295.39,6.56,N
17.89066,-93.19454,330.08,0.54,0.42,2025-01-19,0807,N20,nominal,2.0NRT,295.66,5.91,N
18.41039,-96.21393,310.02,0.4,0.37,2025-01-19,0807,N20,nominal,2.0NRT,293.34,0.95,N
17.96467,-93.64873,324.37,0.51,0.41,2025-01-19,0807,N20,nominal,2.0NRT,295.31,4.55,N
17.91564,-93.3764,324.78,0.53,0.42,2025-01-19,0807,N20,nominal,2.0NRT,292.08,1.54,N
17.96553,-93.65353,310.28,0.51,0.41,2025-01-19,0807,N20,nominal,2.0NRT,293.05,4.55,N
17.91653,-93.38134,302.78,0.53,0.42,2025-01-19,0807,N20,nominal,2.0NRT,290.8,1.54,N
17.96606,-93.6781,303.99,0.51,0.41,2025-01-19,0807,N20,nominal,2.0NRT,290.68,0.53,N
17.94591,-93.6524,325.75,0.51,0.41,2025-01-19,0807,N20,nominal,2.0NRT,291.59,1.84,N
17.94504,-93.64761,302.88,0.51,0.41,2025-01-19,0807,N20,nominal,2.0NRT,291.92,1.51,N
17.84488,-93.11917,336.34,0.55,0.43,2025-01-19,0807,N20,nominal,2.0NRT,297.15,22.96,N
17.93783,-93.6292,307.97,0.51,0.41,2025-01-19,0807,N20,nominal,2.0NRT,292.02,1.23,N
17.84581,-93.12429,312.87,0.55,0.43,2025-01-19,0807,N20,nominal,2.0NRT,294.33,22.96,N
17.84195,-93.12507,329.01,0.55,0.43,2025-01-19,0807,N20,nominal,2.0NRT,295.13,22.96,N
17.841,-93.11995,334.76,0.55,0.43,2025-01-19,0807,N20,nominal,2.0NRT,306.9,22.96,N
17.84006,-93.11481,320.35,0.55,0.43,2025-01-19,0807,N20,nominal,2.0NRT,296.29,49.21,N
17.91104,-93.52457,327.28,0.52,0.42,2025-01-19,0807,N20,nominal,2.0NRT,291.68,2.77,N
17.91016,-93.5197,319.79,0.52,0.42,2025-01-19,0807,N20,nominal,2.0NRT,291.56,2.77,N
17.83713,-93.12074,304.39,0.55,0.43,2025-01-19,0807,N20,nominal,2.0NRT,293.84,3.39,N
17.92655,-93.63142,323.39,0.51,0.41,2025-01-19,0807,N20,nominal,2.0NRT,292.43,2.46,N
17.92142,-93.75826,327.84,0.51,0.41,2025-01-19,0807,N20,nominal,2.0NRT,292.86,2.54,N
17.87181,-93.4996,311.15,0.52,0.42,2025-01-19,0807,N20,nominal,2.0NRT,291.69,1.08,N
18.79891,-99.18125,301.67,0.4,0.37,2025-01-19,0807,N20,nominal,2.0NRT,290.21,0.71,N
17.94665,-94.28886,309.93,0.48,0.4,2025-01-19,0807,N20,nominal,2.0NRT,291.88,0.43,N
17.98482,-94.52619,326.48,0.46,0.39,2025-01-19,0807,N20,nominal,2.0NRT,301.43,14.87,N
17.98559,-94.53055,315.12,0.46,0.39,2025-01-19,0807,N20,nominal,2.0NRT,296.78,14.87,N
17.97765,-94.52754,333.72,0.46,0.39,2025-01-19,0807,N20,nominal,2.0NRT,296.36,5.89,N
17.97253,-94.51955,342.01,0.46,0.39,2025-01-19,0807,N20,nominal,2.0NRT,297.03,7.33,N
17.72141,-93.15125,305.8,0.55,0.43,2025-01-19,0807,N20,nominal,2.0NRT,292.59,0.72,N
49.316,-102.63285,336.67,0.52,0.5,2025-01-19,0938,N20,nominal,2.0NRT,246.06,4.83,N
49.28291,-115.33601,329.35,0.39,0.36,2025-01-19,0938,N20,nominal,2.0NRT,258.09,4.24,N
49.2796,-115.33709,322.6,0.39,0.36,2025-01-19,0938,N20,nominal,2.0NRT,257.07,2.36,N
47.56902,-122.34559,308.51,0.41,0.45,2025-01-19,0941,N20,nominal,2.0NRT,274.03,1.37,N
47.46938,-122.04906,317.46,0.4,0.44,2025-01-19,0941,N20,nominal,2.0NRT,269.51,1.11,N
40.32689,-121.07645,296.46,0.46,0.39,2025-01-19,0943,N20,nominal,2.0NRT,263.45,0.91,N
38.00502,-121.93657,301.59,0.47,0.4,2025-01-19,0941,N20,nominal,2.0NRT,278.08,0.82,N
38.01508,-122.11152,296.57,0.48,0.4,2025-01-19,0941,N20,nominal,2.0NRT,281.66,2.25,N
33.46013,-102.56116,367,0.75,0.77,2025-01-19,0941,N20,high,2.0NRT,264.31,18.75,N
33.46098,-102.56182,367,0.75,0.77,2025-01-19,0941,N20,high,2.0NRT,263.51,20.13,N
37.45396,-121.93269,304.27,0.46,0.39,2025-01-19,0941,N20,nominal,2.0NRT,275.1,0.84,N
36.49561,-119.90472,325.99,0.4,0.37,2025-01-19,0941,N20,nominal,2.0NRT,274.46,2.42,N
33.42008,-110.85988,323.83,0.52,0.5,2025-01-19,0941,N20,nominal,2.0NRT,274.69,3.57,N
34.62274,-117.1006,312.48,0.4,0.37,2025-01-19,0941,N20,nominal,2.0NRT,276.79,1.53,N
34.6093,-117.33784,305.15,0.4,0.37,2025-01-19,0941,N20,nominal,2.0NRT,276.43,1.04,N
34.35392,-116.85419,302.38,0.41,0.37,2025-01-19,0941,N20,nominal,2.0NRT,276.03,1.02,N
34.56671,-118.15185,296.25,0.39,0.36,2025-01-19,0941,N20,nominal,2.0NRT,271.66,0.38,N
34.43131,-118.64494,309.17,0.38,0.36,2025-01-19,0941,N20,nominal,2.0NRT,275.85,1.19,N
34.3363,-118.51963,311.68,0.38,0.36,2025-01-19,0941,N20,nominal,2.0NRT,278.49,1.2,N
34.32119,-118.51025,296.39,0.38,0.36,2025-01-19,0941,N20,nominal,2.0NRT,276.76,0.21,N
34.14205,-117.4278,301.44,0.4,0.37,2025-01-19,0941,N20,nominal,2.0NRT,277.02,0.74,N
34.29263,-118.8028,307.03,0.38,0.36,2025-01-19,0941,N20,nominal,2.0NRT,276.12,0.82,N
34.15406,-118.19555,308.75,0.39,0.36,2025-01-19,0941,N20,nominal,2.0NRT,277.65,1.08,N
33.95537,-117.12104,297.65,0.4,0.37,2025-01-19,0941,N20,nominal,2.0NRT,276.1,0.24,N
34.04143,-117.82194,297.05,0.39,0.36,2025-01-19,0941,N20,nominal,2.0NRT,278.16,0.41,N
34.03687,-118.10491,298.36,0.39,0.36,2025-01-19,0941,N20,nominal,2.0NRT,278.82,0.6,N
33.79435,-117.47666,310.78,0.4,0.37,2025-01-19,0943,N20,nominal,2.0NRT,277.5,1.55,N
33.90952,-118.41125,295.28,0.39,0.36,2025-01-19,0943,N20,nominal,2.0NRT,284.87,1.01,N
33.85264,-118.3344,300.03,0.39,0.36,2025-01-19,0943,N20,nominal,2.0NRT,285.68,1.3,N
33.84935,-118.33517,322.23,0.39,0.36,2025-01-19,0943,N20,nominal,2.0NRT,283.01,1.3,N
33.82059,-118.24305,301.8,0.39,0.36,2025-01-19,0943,N20,nominal,2.0NRT,286.91,0.82,N
33.71575,-117.71227,306.83,0.39,0.37,2025-01-19,0943,N20,nominal,2.0NRT,279.73,1.02,N
33.77558,-118.21806,298.62,0.39,0.36,2025-01-19,0943,N20,nominal,2.0NRT,280.93,0.53,N
33.79394,-118.35136,295.88,0.39,0.36,2025-01-19,0943,N20,nominal,2.0NRT,279.42,0.44,N
33.6146,-117.8222,307.55,0.39,0.36,2025-01-19,0943,N20,nominal,2.0NRT,278.7,0.92,N
32.85804,-117.02987,308.83,0.41,0.37,2025-01-19,0943,N20,nominal,2.0NRT,275.61,1.27,N
32.8577,-117.14765,302.75,0.41,0.37,2025-01-19,0943,N20,nominal,2.0NRT,275.14,0.78,N
32.501,-116.79066,295.78,0.42,0.38,2025-01-19,0943,N20,nominal,2.0NRT,275.96,0.81,N
32.49797,-116.83344,341.59,0.42,0.38,2025-01-19,0943,N20,nominal,2.0NRT,281.12,9.43,N
32.3735,-117.06606,308,0.42,0.37,2025-01-19,0943,N20,nominal,2.0NRT,279.55,0.67,N
30.49841,-109.63041,327.02,0.36,0.57,2025-01-19,0943,N20,nominal,2.0NRT,274.86,2.28,N
31.84567,-116.5836,305.37,0.44,0.38,2025-01-19,0943,N20,nominal,2.0NRT,279.6,0.82,N
28.9284,-110.82674,299,0.33,0.55,2025-01-19,0943,N20,nominal,2.0NRT,284.63,0.5,N
28.92902,-110.82685,303.35,0.33,0.55,2025-01-19,0943,N20,nominal,2.0NRT,285.19,0.69,N
25.05363,-111.57522,300.05,0.36,0.57,2025-01-19,0943,N20,nominal,2.0NRT,278.4,0.71,N
19.41531,-155.2804,354.41,0.5,0.49,2025-01-19,1127,N20,nominal,2.0NRT,305.68,6.56,N
19.41476,-155.27573,349.2,0.5,0.49,2025-01-19,1127,N20,nominal,2.0NRT,325.1,26.07,N
19.4142,-155.27098,332.56,0.5,0.49,2025-01-19,1127,N20,nominal,2.0NRT,308.6,26.07,N
19.41584,-155.28487,304.05,0.5,0.49,2025-01-19,1127,N20,nominal,2.0NRT,289.21,6.56,N
19.41135,-155.28572,353.9,0.5,0.49,2025-01-19,1127,N20,nominal,2.0NRT,337.22,50.01,N
19.4108,-155.28107,342.01,0.5,0.49,2025-01-19,1127,N20,nominal,2.0NRT,316.17,50.01,N
19.41025,-155.27635,344.62,0.5,0.49,2025-01-19,1127,N20,nominal,2.0NRT,334.26,35.98,N
19.40969,-155.27156,325.78,0.5,0.49,2025-01-19,1127,N20,nominal,2.0NRT,295.38,35.98,N
19.41188,-155.29027,312.82,0.5,0.49,2025-01-19,1127,N20,nominal,2.0NRT,288.03,19.82,N
19.40738,-155.29102,341.33,0.5,0.49,2025-01-19,1127,N20,nominal,2.0NRT,306.57,19.82,N
19.40685,-155.28647,332.74,0.5,0.49,2025-01-19,1127,N20,nominal,2.0NRT,370.15,50.01,N
19.4063,-155.28175,348.65,0.5,0.49,2025-01-19,1127,N20,nominal,2.0NRT,333.1,50.01,N
19.40574,-155.27699,354.18,0.5,0.49,2025-01-19,1127,N20,nominal,2.0NRT,314.56,35.98,N
19.40517,-155.27219,305.03,0.5,0.49,2025-01-19,1127,N20,nominal,2.0NRT,287.62,35.98,N
19.40287,-155.29169,338.42,0.5,0.49,2025-01-19,1127,N20,nominal,2.0NRT,298.36,15.86,N
19.40234,-155.28712,354.47,0.5,0.49,2025-01-19,1127,N20,nominal,2.0NRT,324.25,21,N
19.40178,-155.28235,333.81,0.5,0.49,2025-01-19,1127,N20,nominal,2.0NRT,295.9,21,N
47.47228,-122.04869,297.94,0.53,0.67,2025-01-19,1119,N20,nominal,2.0NRT,269.48,0.59,N
47.57166,-122.36848,298.89,0.51,0.66,2025-01-19,1119,N20,nominal,2.0NRT,271.36,1.31,N
20.901,-76.97541,346.42,0.42,0.61,2025-01-19,1736,N20,nominal,2.0NRT,300.44,4.15,D
20.82606,-77.60712,337.45,0.46,0.64,2025-01-19,1736,N20,nominal,2.0NRT,298.63,3.44,D
20.84802,-77.64464,330.07,0.47,0.64,2025-01-19,1736,N20,nominal,2.0NRT,297.04,3.47,D
21.0024,-76.96252,333.85,0.42,0.61,2025-01-19,1736,N20,nominal,2.0NRT,300.39,3.99,D
20.8528,-77.65044,330.28,0.47,0.64,2025-01-19,1736,N20,nominal,2.0NRT,296.03,5.06,D
20.84714,-77.64793,337.32,0.47,0.64,2025-01-19,1736,N20,nominal,2.0NRT,298.22,6.4,D
21.02254,-77.05038,367,0.42,0.61,2025-01-19,1736,N20,high,2.0NRT,302.63,8.72,D
21.02892,-77.04784,367,0.42,0.61,2025-01-19,1736,N20,high,2.0NRT,300.67,34.58,D
20.96052,-77.35709,367,0.44,0.63,2025-01-19,1736,N20,high,2.0NRT,303.29,38.07,D
20.9596,-77.36122,367,0.44,0.63,2025-01-19,1736,N20,high,2.0NRT,301.98,67.99,D
21.02806,-77.05175,341.72,0.42,0.61,2025-01-19,1736,N20,nominal,2.0NRT,312.12,36.41,D
21.02718,-77.05574,353.9,0.42,0.61,2025-01-19,1736,N20,nominal,2.0NRT,303.96,36.41,D
20.96144,-77.35297,349.81,0.44,0.63,2025-01-19,1736,N20,nominal,2.0NRT,300.3,38.07,D
20.95868,-77.36536,345.2,0.44,0.63,2025-01-19,1736,N20,nominal,2.0NRT,299.8,67.99,D
21.0327,-77.05714,367,0.42,0.61,2025-01-19,1736,N20,high,2.0NRT,299.41,36.41,D
20.96615,-77.35849,367,0.44,0.63,2025-01-19,1736,N20,high,2.0NRT,300.29,38.07,D
20.9634,-77.37086,367,0.45,0.63,2025-01-19,1736,N20,high,2.0NRT,302.99,26.31,D
21.03182,-77.06113,349.55,0.42,0.61,2025-01-19,1736,N20,nominal,2.0NRT,302.79,25.64,D
20.96432,-77.36671,355.17,0.44,0.63,2025-01-19,1736,N20,nominal,2.0NRT,302.55,67.99,D
20.90852,-77.83572,346.68,0.48,0.65,2025-01-19,1736,N20,nominal,2.0NRT,300.98,4.9,D
20.91432,-77.83714,367,0.48,0.65,2025-01-19,1736,N20,high,2.0NRT,298.45,9.18,D
20.91297,-77.83887,355.64,0.48,0.65,2025-01-19,1736,N20,nominal,2.0NRT,300.99,11.73,D
20.89821,-78.17532,346.19,0.5,0.66,2025-01-19,1736,N20,nominal,2.0NRT,299.53,5.54,D
21.08057,-78.33237,345.02,0.51,0.66,2025-01-19,1736,N20,nominal,2.0NRT,299.58,6.9,D
21.08651,-78.3339,367,0.51,0.66,2025-01-19,1736,N20,high,2.0NRT,299.11,6.9,D
21.09245,-78.33543,350.21,0.51,0.66,2025-01-19,1736,N20,nominal,2.0NRT,297.8,6.11,D
21.16457,-78.44118,329.85,0.52,0.66,2025-01-19,1736,N20,nominal,2.0NRT,297.11,2.68,D
21.33327,-77.8864,367,0.47,0.64,2025-01-19,1736,N20,high,2.0NRT,301.84,11.96,D
21.33348,-77.88414,350.72,0.47,0.64,2025-01-19,1736,N20,nominal,2.0NRT,300.73,6.39,D
21.33246,-77.88856,342.86,0.47,0.64,2025-01-19,1736,N20,nominal,2.0NRT,301.03,6.39,D
21.27238,-78.22952,329.15,0.5,0.66,2025-01-19,1736,N20,nominal,2.0NRT,296.08,4.64,D
21.27131,-78.23419,329.42,0.5,0.66,2025-01-19,1736,N20,nominal,2.0NRT,295.8,3.04,D
21.35887,-77.93316,348.72,0.47,0.64,2025-01-19,1736,N20,nominal,2.0NRT,297.11,5.75,D
21.89573,-78.16089,333.48,0.48,0.64,2025-01-19,1736,N20,nominal,2.0NRT,292.46,2.66,D
21.91596,-78.41541,367,0.49,0.65,2025-01-19,1736,N20,high,2.0NRT,298.94,30.71,D
21.91489,-78.42007,336.77,0.5,0.65,2025-01-19,1736,N20,nominal,2.0NRT,295.77,18.31,D
21.89159,-78.62948,329.97,0.51,0.66,2025-01-19,1736,N20,nominal,2.0NRT,296.75,5.97,D
21.84036,-78.93356,344.79,0.54,0.68,2025-01-19,1736,N20,nominal,2.0NRT,294.28,8.32,D
21.83919,-78.93861,348.72,0.54,0.68,2025-01-19,1736,N20,nominal,2.0NRT,297.32,8.32,D
21.89892,-78.65997,332.01,0.51,0.66,2025-01-19,1736,N20,nominal,2.0NRT,296.18,3.22,D
21.83956,-78.93625,367,0.54,0.68,2025-01-19,1736,N20,high,2.0NRT,296.52,15.48,D
22.00415,-78.97463,367,0.53,0.67,2025-01-19,1736,N20,high,2.0NRT,299.31,28.6,D
22.00296,-78.97967,342.73,0.54,0.67,2025-01-19,1736,N20,nominal,2.0NRT,295.54,21.1,D
22.0114,-78.9711,331.66,0.53,0.67,2025-01-19,1736,N20,nominal,2.0NRT,291.25,38.35,D
22.0102,-78.97617,345.34,0.53,0.67,2025-01-19,1736,N20,nominal,2.0NRT,301.45,38.35,D
22.62296,-81.21269,347.82,0.71,0.75,2025-01-19,1736,N20,nominal,2.0NRT,292.43,12.4,D
22.62966,-81.21466,334.1,0.71,0.75,2025-01-19,1736,N20,nominal,2.0NRT,291.63,5.33,D
22.62442,-81.21067,339.17,0.71,0.75,2025-01-19,1736,N20,nominal,2.0NRT,291.61,8.59,D
22.62271,-81.21741,329.31,0.71,0.75,2025-01-19,1736,N20,nominal,2.0NRT,291.65,8.59,D
22.8649,-81.29402,333.56,0.71,0.75,2025-01-19,1736,N20,nominal,2.0NRT,287.32,2.98,D
24.67187,-78.00703,339.3,0.41,0.6,2025-01-19,1738,N20,nominal,2.0NRT,295.17,3.05,D
24.6881,-78.01147,331.88,0.41,0.6,2025-01-19,1738,N20,nominal,2.0NRT,294.94,4.74,D
24.68845,-78.0114,335.43,0.41,0.6,2025-01-19,1738,N20,nominal,2.0NRT,294.61,4.63,D
25.15747,-76.16294,328.92,0.61,0.53,2025-01-19,1738,N20,nominal,2.0NRT,294.32,3.43,D
26.66346,-80.55016,328.23,0.52,0.67,2025-01-19,1738,N20,nominal,2.0NRT,288.34,2.86,D
26.8452,-80.54379,327.9,0.52,0.67,2025-01-19,1738,N20,nominal,2.0NRT,293.17,7.81,D
26.8464,-80.54558,343.29,0.52,0.67,2025-01-19,1738,N20,nominal,2.0NRT,293.5,5.83,D
27.37074,-81.38934,349.02,0.57,0.69,2025-01-19,1738,N20,nominal,2.0NRT,285.05,14.43,D
27.36933,-81.39487,354.87,0.57,0.69,2025-01-19,1738,N20,nominal,2.0NRT,289.3,14.43,D
27.36699,-81.39349,367,0.57,0.69,2025-01-19,1738,N20,high,2.0NRT,290.83,30.25,D
18.14286,-66.48172,327.76,0.39,0.36,2025-01-19,1734,N20,nominal,2.0NRT,295.71,2.59,D
18.21153,-70.45947,331.88,0.55,0.43,2025-01-19,1734,N20,nominal,2.0NRT,298.46,3.18,D
18.10944,-71.10266,344.47,0.4,0.44,2025-01-19,1734,N20,nominal,2.0NRT,294.78,10.82,D
18.10881,-71.10616,342.61,0.4,0.44,2025-01-19,1734,N20,nominal,2.0NRT,297.28,10.82,D
18.26036,-70.43888,334.99,0.55,0.43,2025-01-19,1734,N20,nominal,2.0NRT,299.49,4.05,D
18.26425,-70.43948,335.64,0.55,0.43,2025-01-19,1734,N20,nominal,2.0NRT,299.7,4.05,D
18.34455,-71.35604,338.47,0.41,0.45,2025-01-19,1734,N20,nominal,2.0NRT,303.05,3.68,D
18.34385,-71.35989,338.55,0.41,0.45,2025-01-19,1734,N20,nominal,2.0NRT,304.42,3.68,D
18.6598,-71.30707,330.52,0.4,0.45,2025-01-19,1734,N20,nominal,2.0NRT,295.8,2.54,D
18.76759,-71.12617,341.45,0.39,0.44,2025-01-19,1734,N20,nominal,2.0NRT,302.39,2.79,D
18.65997,-72.29284,332.42,0.47,0.47,2025-01-19,1734,N20,nominal,2.0NRT,302.01,3.66,D
18.66082,-72.29758,338.51,0.47,0.47,2025-01-19,1734,N20,nominal,2.0NRT,302.72,3.37,D
18.83843,-72.03355,352.35,0.45,0.47,2025-01-19,1734,N20,nominal,2.0NRT,303.09,15.26,D
19.12783,-71.65784,333.16,0.42,0.45,2025-01-19,1734,N20,low,2.0NRT,307.21,4.5,D
19.1271,-71.66174,343.06,0.42,0.45,2025-01-19,1734,N20,nominal,2.0NRT,306.91,4.89,D
19.30427,-72.22758,348.06,0.45,0.47,2025-01-19,1734,N20,nominal,2.0NRT,303.95,8.81,D
19.3085,-72.22848,347.46,0.45,0.47,2025-01-19,1734,N20,nominal,2.0NRT,304.62,9.49,D
19.30724,-72.2588,331.27,0.45,0.47,2025-01-19,1734,N20,nominal,2.0NRT,302.76,1.83,D
18.24361,-78.14559,337.62,0.57,0.69,2025-01-19,1736,N20,nominal,2.0NRT,292.95,6.26,D
18.24708,-78.14767,336.29,0.57,0.69,2025-01-19,1736,N20,nominal,2.0NRT,293.01,5.58,D
18.26435,-78.24614,329.93,0.58,0.7,2025-01-19,1736,N20,nominal,2.0NRT,289.89,3.73,D
20.23991,-75.19452,328.64,0.33,0.56,2025-01-19,1736,N20,nominal,2.0NRT,297.98,1.91,D
20.23926,-75.19767,331.86,0.33,0.56,2025-01-19,1736,N20,nominal,2.0NRT,298.78,1.91,D
20.24497,-75.19544,349.38,0.33,0.56,2025-01-19,1736,N20,nominal,2.0NRT,298.84,6.21,D
20.23643,-75.23692,337.91,0.34,0.56,2025-01-19,1736,N20,nominal,2.0NRT,299.85,2.7,D
20.02038,-77.49664,330.39,0.47,0.64,2025-01-19,1736,N20,nominal,2.0NRT,293.73,4.47,D
20.13638,-77.35623,332.05,0.46,0.64,2025-01-19,1736,N20,nominal,2.0NRT,291.67,3.06,D
20.13071,-77.35719,328.17,0.46,0.64,2025-01-19,1736,N20,nominal,2.0NRT,292.86,2.61,D
20.21592,-77.164,347.38,0.45,0.63,2025-01-19,1736,N20,nominal,2.0NRT,294.96,7.64,D
20.26649,-77.01538,336.75,0.44,0.62,2025-01-19,1736,N20,nominal,2.0NRT,297.71,6.33,D
20.2656,-77.01946,348.69,0.44,0.62,2025-01-19,1736,N20,nominal,2.0NRT,299.1,6.46,D
20.4095,-76.6501,329.67,0.41,0.61,2025-01-19,1736,N20,nominal,2.0NRT,296.16,3.55,D
20.41495,-76.65145,334.11,0.41,0.61,2025-01-19,1736,N20,nominal,2.0NRT,295.19,3.55,D
20.41522,-76.64925,335.41,0.41,0.61,2025-01-19,1736,N20,nominal,2.0NRT,292.99,3.47,D
20.6515,-75.73478,347.97,0.35,0.57,2025-01-19,1736,N20,nominal,2.0NRT,296.74,3.43,D
20.42586,-76.81155,329.91,0.42,0.61,2025-01-19,1736,N20,low,2.0NRT,300.18,2.58,D
20.70282,-76.91011,341.54,0.42,0.61,2025-01-19,1736,N20,nominal,2.0NRT,298.79,6.21,D
20.70195,-76.91405,352.08,0.42,0.61,2025-01-19,1736,N20,nominal,2.0NRT,301.1,7.17,D
20.70108,-76.91798,352.78,0.42,0.61,2025-01-19,1736,N20,nominal,2.0NRT,300.06,7.17,D
20.70747,-76.91538,367,0.42,0.61,2025-01-19,1736,N20,high,2.0NRT,298.35,10.02,D
20.7066,-76.91933,367,0.42,0.61,2025-01-19,1736,N20,high,2.0NRT,299.23,10.02,D
20.73277,-76.95906,336.2,0.42,0.61,2025-01-19,1736,N20,nominal,2.0NRT,299.91,5.94,D
20.7319,-76.96302,330.72,0.42,0.61,2025-01-19,1736,N20,nominal,2.0NRT,300.98,6.37,D
20.81124,-77.04492,333.76,0.43,0.62,2025-01-19,1736,N20,nominal,2.0NRT,300.01,2.33,D
22.65303,-102.34533,354.63,0.39,0.59,2025-01-19,1917,N20,nominal,2.0NRT,280.97,6.98,D
23.02004,-102.39949,336.15,0.38,0.59,2025-01-19,1917,N20,nominal,2.0NRT,295.17,3.49,D
23.02899,-102.40952,367,0.39,0.59,2025-01-19,1917,N20,high,2.0NRT,296.55,5.93,D
23.02818,-102.41315,343.66,0.39,0.59,2025-01-19,1917,N20,nominal,2.0NRT,295.72,5.93,D
23.03427,-102.41088,367,0.39,0.59,2025-01-19,1917,N20,high,2.0NRT,294.9,7.58,D
23.03508,-102.40725,352.81,0.38,0.59,2025-01-19,1917,N20,nominal,2.0NRT,290.11,9.71,D
23.03347,-102.41451,337.27,0.39,0.59,2025-01-19,1917,N20,nominal,2.0NRT,293.55,7.58,D
23.14865,-102.77789,367,0.4,0.6,2025-01-19,1917,N20,high,2.0NRT,292.43,12.3,D
23.14948,-102.7742,328.01,0.4,0.6,2025-01-19,1917,N20,nominal,2.0NRT,288.01,8.23,D
26.33868,-98.91371,330.89,0.4,0.44,2025-01-19,1917,N20,nominal,2.0NRT,293.74,2.21,D
26.32645,-99.38838,338.04,0.43,0.46,2025-01-19,1917,N20,nominal,2.0NRT,290.56,2.24,D
27.45917,-97.57619,331.44,0.49,0.41,2025-01-19,1917,N20,nominal,2.0NRT,289.99,6.93,D
27.45828,-97.58111,329.12,0.49,0.41,2025-01-19,1917,N20,nominal,2.0NRT,290.39,6.93,D
27.45739,-97.58604,335.55,0.5,0.41,2025-01-19,1917,N20,nominal,2.0NRT,289.99,7.22,D
27.46284,-97.57705,330.12,0.49,0.41,2025-01-19,1917,N20,nominal,2.0NRT,288.7,6.93,D
27.46195,-97.58197,348.56,0.49,0.41,2025-01-19,1917,N20,nominal,2.0NRT,293.21,6.93,D
27.46106,-97.58689,335.01,0.5,0.41,2025-01-19,1917,N20,nominal,2.0NRT,293.82,7.22,D
27.46562,-97.58283,355.18,0.49,0.41,2025-01-19,1917,N20,nominal,2.0NRT,296.38,18.7,D
27.46098,-97.57978,344.12,0.49,0.41,2025-01-19,1917,N20,nominal,2.0NRT,290.32,12.06,D
27.46006,-97.58469,346.18,0.49,0.41,2025-01-19,1917,N20,nominal,2.0NRT,293.66,20.47,D
27.46465,-97.58064,341.71,0.49,0.41,2025-01-19,1917,N20,nominal,2.0NRT,294.68,12.06,D
27.46373,-97.58554,342.84,0.49,0.41,2025-01-19,1917,N20,nominal,2.0NRT,296.67,20.47,D
27.9652,-97.13097,329.67,0.46,0.39,2025-01-19,1919,N20,nominal,2.0NRT,289.89,11.99,D
28.05757,-97.43833,331.85,0.48,0.4,2025-01-19,1919,N20,nominal,2.0NRT,290.24,2.84,D
29.60489,-89.88753,327.27,0.49,0.4,2025-01-19,1919,N20,nominal,2.0NRT,287.64,2.71,D
28.59378,-98.3823,325.23,0.52,0.42,2025-01-19,1919,N20,nominal,2.0NRT,287.22,1.14,D
29.37529,-94.93829,335.16,0.39,0.36,2025-01-19,1919,N20,nominal,2.0NRT,291.92,2.78,D
29.71612,-94.04245,336.04,0.38,0.36,2025-01-19,1919,N20,nominal,2.0NRT,279.59,2.87,D
29.73046,-94.03721,325.96,0.38,0.36,2025-01-19,1919,N20,nominal,2.0NRT,280.16,1.76,D
29.72986,-94.04115,352.02,0.38,0.36,2025-01-19,1919,N20,nominal,2.0NRT,283.58,28.95,D
29.72927,-94.04508,348.12,0.38,0.36,2025-01-19,1919,N20,nominal,2.0NRT,297.12,28.95,D
29.72866,-94.04901,325.43,0.38,0.36,2025-01-19,1919,N20,nominal,2.0NRT,282.39,10.57,D
29.73375,-94.03786,342.42,0.38,0.36,2025-01-19,1919,N20,nominal,2.0NRT,314.92,47.7,D
29.73315,-94.0418,346.67,0.38,0.36,2025-01-19,1919,N20,nominal,2.0NRT,296.85,116.59,D
29.73195,-94.04967,333.35,0.38,0.36,2025-01-19,1919,N20,nominal,2.0NRT,281.28,6.21,D
29.73643,-94.04246,367,0.38,0.36,2025-01-19,1919,N20,high,2.0NRT,326.45,116.59,D
29.73763,-94.03459,325.36,0.38,0.36,2025-01-19,1919,N20,nominal,2.0NRT,280.47,47.7,D
29.73704,-94.03852,351.47,0.38,0.36,2025-01-19,1919,N20,nominal,2.0NRT,291.22,47.7,D
29.73584,-94.04639,335.63,0.38,0.36,2025-01-19,1919,N20,nominal,2.0NRT,299.49,116.59,D
29.73524,-94.05032,339.74,0.38,0.36,2025-01-19,1919,N20,nominal,2.0NRT,283.07,6.21,D
29.73464,-94.05426,331.2,0.38,0.36,2025-01-19,1919,N20,nominal,2.0NRT,282.33,6.21,D
29.74032,-94.03918,367,0.38,0.36,2025-01-19,1919,N20,high,2.0NRT,345.32,264.02,D
29.74152,-94.03131,327.29,0.38,0.36,2025-01-19,1919,N20,nominal,2.0NRT,281.48,82.7,D
29.73912,-94.04705,332.4,0.38,0.36,2025-01-19,1919,N20,nominal,2.0NRT,301.41,215.39,D
29.73852,-94.05098,330.11,0.38,0.36,2025-01-19,1919,N20,low,2.0NRT,301.96,24.36,D
29.73792,-94.05492,340.54,0.38,0.36,2025-01-19,1919,N20,nominal,2.0NRT,283.29,24.36,D
29.74092,-94.03525,367,0.38,0.36,2025-01-19,1919,N20,low,2.0NRT,325.01,264.02,D
29.73972,-94.04311,367,0.38,0.36,2025-01-19,1919,N20,low,2.0NRT,359.7,215.39,D
29.7448,-94.03197,367,0.38,0.36,2025-01-19,1919,N20,high,2.0NRT,347.04,82.7,D
29.7454,-94.02803,340.37,0.38,0.36,2025-01-19,1919,N20,nominal,2.0NRT,282.56,82.7,D
29.74181,-94.05164,345.74,0.38,0.36,2025-01-19,1919,N20,nominal,2.0NRT,294.02,24.36,D
29.74121,-94.05558,350.65,0.38,0.36,2025-01-19,1919,N20,nominal,2.0NRT,283.73,24.36,D
29.7442,-94.0359,367,0.38,0.36,2025-01-19,1919,N20,low,2.0NRT,340.96,264.02,D
29.743,-94.04377,367,0.38,0.36,2025-01-19,1919,N20,low,2.0NRT,346.41,215.39,D
29.74241,-94.0477,367,0.38,0.36,2025-01-19,1919,N20,low,2.0NRT,354.24,215.39,D
29.74749,-94.03655,329.74,0.38,0.36,2025-01-19,1919,N20,nominal,2.0NRT,298.84,77.33,D
29.74689,-94.04049,342.67,0.38,0.36,2025-01-19,1919,N20,nominal,2.0NRT,299.67,77.33,D
29.74449,-94.05624,329.58,0.38,0.36,2025-01-19,1919,N20,nominal,2.0NRT,295.23,72.38,D
29.74809,-94.03262,367,0.38,0.36,2025-01-19,1919,N20,low,2.0NRT,351.99,435.71,D
29.75197,-94.02934,367,0.38,0.36,2025-01-19,1919,N20,high,2.0NRT,348.32,435.71,D
29.74897,-94.04902,341.28,0.38,0.36,2025-01-19,1919,N20,nominal,2.0NRT,299.15,330.37,D
29.74778,-94.05689,351.96,0.38,0.36,2025-01-19,1919,N20,nominal,2.0NRT,293.94,72.38,D
29.74718,-94.06082,344.2,0.38,0.36,2025-01-19,1919,N20,nominal,2.0NRT,292.22,25.22,D
29.75525,-94.03,367,0.38,0.36,2025-01-19,1919,N20,high,2.0NRT,337.03,144.22,D
29.75466,-94.03394,336.29,0.38,0.36,2025-01-19,1919,N20,nominal,2.0NRT,291.57,144.22,D
29.75346,-94.04181,331.39,0.38,0.36,2025-01-19,1919,N20,nominal,2.0NRT,282.37,9.85,D
29.75046,-94.06148,350.12,0.38,0.36,2025-01-19,1919,N20,nominal,2.0NRT,292.35,18.19,D
29.74986,-94.06542,337.57,0.38,0.36,2025-01-19,1919,N20,nominal,2.0NRT,284.18,18.19,D
29.75286,-94.04575,311.42,0.38,0.36,2025-01-19,1919,N20,low,2.0NRT,318.52,95.59,D
29.75914,-94.02672,332.44,0.38,0.36,2025-01-19,1919,N20,nominal,2.0NRT,282.24,33.87,D
29.75794,-94.03459,326.48,0.38,0.36,2025-01-19,1919,N20,nominal,2.0NRT,286.17,144.22,D
29.75615,-94.04639,351.01,0.38,0.36,2025-01-19,1919,N20,nominal,2.0NRT,287.81,95.59,D
29.75375,-94.06214,348.16,0.38,0.36,2025-01-19,1919,N20,nominal,2.0NRT,292.37,18.19,D
29.75854,-94.03065,367,0.38,0.36,2025-01-19,1919,N20,low,2.0NRT,331.57,144.22,D
29.75554,-94.05033,207.93,0.38,0.36,2025-01-19,1919,N20,low,2.0NRT,321.14,95.59,D
29.75495,-94.05427,367,0.38,0.36,2025-01-19,1919,N20,low,2.0NRT,350.04,417.72,D
29.76242,-94.02737,339.03,0.38,0.36,2025-01-19,1919,N20,nominal,2.0NRT,288.55,21.16,D
29.76183,-94.03131,340.52,0.38,0.36,2025-01-19,1919,N20,nominal,2.0NRT,296.94,32.3,D
29.75883,-94.05099,331.22,0.38,0.36,2025-01-19,1919,N20,nominal,2.0NRT,284.05,3.79,D
29.75823,-94.05493,341.56,0.38,0.36,2025-01-19,1919,N20,nominal,2.0NRT,294.68,34.19,D
29.75763,-94.05886,344.6,0.38,0.36,2025-01-19,1919,N20,nominal,2.0NRT,292.21,34.19,D
29.76571,-94.02803,342.86,0.38,0.36,2025-01-19,1919,N20,nominal,2.0NRT,294,21.16,D
29.76511,-94.03197,341.21,0.38,0.36,2025-01-19,1919,N20,nominal,2.0NRT,287.51,32.3,D
29.76899,-94.02869,344.96,0.38,0.36,2025-01-19,1919,N20,nominal,2.0NRT,295.13,35.49,D
29.7684,-94.03262,335.21,0.38,0.36,2025-01-19,1919,N20,nominal,2.0NRT,287.54,13.77,D
29.7672,-94.0405,351.38,0.38,0.36,2025-01-19,1919,N20,nominal,2.0NRT,288.25,9.61,D
29.77288,-94.02541,348.57,0.38,0.36,2025-01-19,1919,N20,nominal,2.0NRT,290.63,35.49,D
29.77228,-94.02934,351.84,0.38,0.36,2025-01-19,1919,N20,nominal,2.0NRT,293.42,35.49,D
29.77168,-94.03328,342.09,0.38,0.36,2025-01-19,1919,N20,nominal,2.0NRT,287.65,13.77,D
29.77048,-94.04115,330.13,0.38,0.36,2025-01-19,1919,N20,nominal,2.0NRT,283.63,9.61,D
29.77676,-94.02213,356.15,0.38,0.36,2025-01-19,1919,N20,nominal,2.0NRT,287.56,15.32,D
29.77617,-94.02606,345.06,0.38,0.36,2025-01-19,1919,N20,nominal,2.0NRT,292.12,30.79,D
29.77556,-94.03,340.72,0.38,0.36,2025-01-19,1919,N20,nominal,2.0NRT,293.07,30.79,D
29.78005,-94.02279,354.06,0.38,0.36,2025-01-19,1919,N20,nominal,2.0NRT,286.37,15.32,D
29.78453,-94.01556,328.93,0.38,0.36,2025-01-19,1919,N20,nominal,2.0NRT,283.91,3.29,D
29.78393,-94.0195,342.61,0.38,0.36,2025-01-19,1919,N20,nominal,2.0NRT,285.19,4.34,D
29.83354,-93.96391,328.17,0.38,0.36,2025-01-19,1919,N20,nominal,2.0NRT,287.34,2.12,D
30.7766,-86.64854,333.07,0.5,0.49,2025-01-19,1919,N20,nominal,2.0NRT,283.69,3.69,D
29.74088,-95.12523,328.83,0.39,0.36,2025-01-19,1919,N20,nominal,2.0NRT,285.43,1.71,D
30.34763,-91.20923,336.42,0.44,0.38,2025-01-19,1919,N20,nominal,2.0NRT,288.44,20.26,D
30.05263,-93.9986,329.39,0.38,0.36,2025-01-19,1919,N20,nominal,2.0NRT,283.41,2.08,D
30.39046,-92.04923,328.3,0.41,0.37,2025-01-19,1919,N20,nominal,2.0NRT,286.23,1.43,D
30.33278,-92.63879,335.71,0.4,0.37,2025-01-19,1919,N20,nominal,2.0NRT,284.93,2.68,D
29.98601,-95.03894,328.02,0.39,0.36,2025-01-19,1919,N20,nominal,2.0NRT,284.1,1.67,D
30.94031,-88.01485,325.36,0.42,0.45,2025-01-19,1919,N20,nominal,2.0NRT,290.19,2.78,D
30.80546,-89.33352,338.55,0.53,0.42,2025-01-19,1919,N20,nominal,2.0NRT,283.94,5.06,D
30.48254,-92.09116,328.99,0.41,0.37,2025-01-19,1919,N20,nominal,2.0NRT,286.75,2.67,D
29.57707,-98.03136,333.89,0.48,0.4,2025-01-19,1919,N20,nominal,2.0NRT,291.79,4.36,D
29.57623,-98.03434,329.98,0.48,0.4,2025-01-19,1919,N20,nominal,2.0NRT,288.4,3.31,D
30.56449,-92.15775,327.43,0.41,0.37,2025-01-19,1919,N20,nominal,2.0NRT,285.5,2.97,D
29.87888,-96.67393,326.53,0.43,0.38,2025-01-19,1919,N20,nominal,2.0NRT,284.39,1.36,D
29.73534,-98.53919,343.13,0.51,0.41,2025-01-19,1919,N20,nominal,2.0NRT,288.88,4.16,D
30.70008,-95.28372,345.69,0.39,0.36,2025-01-19,1919,N20,nominal,2.0NRT,281.49,4.2,D
30.69943,-95.28774,332.49,0.39,0.36,2025-01-19,1919,N20,nominal,2.0NRT,280.11,3.36,D
31.27497,-94.78996,330.29,0.38,0.36,2025-01-19,1919,N20,nominal,2.0NRT,279.72,3.12,D
31.27826,-94.79064,337.13,0.38,0.36,2025-01-19,1919,N20,nominal,2.0NRT,279.6,4.57,D
31.1666,-96.58863,325.38,0.41,0.37,2025-01-19,1919,N20,nominal,2.0NRT,283.4,2.54,D
31.80279,-92.50891,326.11,0.41,0.37,2025-01-19,1919,N20,nominal,2.0NRT,279.65,3,D
31.8056,-92.51384,328.61,0.41,0.37,2025-01-19,1919,N20,nominal,2.0NRT,280.17,4.98,D
31.80502,-92.51814,326.3,0.41,0.37,2025-01-19,1919,N20,nominal,2.0NRT,280.26,3.27,D
31.80841,-92.51877,334.25,0.41,0.37,2025-01-19,1919,N20,nominal,2.0NRT,280.34,3.27,D
31.83554,-93.56129,326.66,0.39,0.36,2025-01-19,1919,N20,nominal,2.0NRT,279.54,1.52,D
31.83886,-93.56194,326.55,0.39,0.36,2025-01-19,1919,N20,nominal,2.0NRT,278.92,1.52,D
31.23345,-97.7682,327.98,0.45,0.39,2025-01-19,1919,N20,nominal,2.0NRT,284.85,2.93,D
31.45415,-97.57443,327.17,0.44,0.38,2025-01-19,1919,N20,nominal,2.0NRT,281.42,1.83,D
32.37612,-93.76694,327.62,0.39,0.36,2025-01-19,1919,N20,nominal,2.0NRT,282.31,3.3,D
33.64563,-81.08136,337.22,0.57,0.69,2025-01-19,1919,N20,nominal,2.0NRT,283.08,3.76,D
31.36472,-101.77649,340.13,0.47,0.48,2025-01-19,1919,N20,nominal,2.0NRT,288.77,5.23,D
31.3623,-101.77359,341.78,0.47,0.48,2025-01-19,1919,N20,nominal,2.0NRT,290.32,6.9,D
32.61936,-95.09852,327.67,0.38,0.36,2025-01-19,1919,N20,nominal,2.0NRT,282.52,1.61,D
32.65182,-95.60963,327.43,0.39,0.36,2025-01-19,1919,N20,nominal,2.0NRT,281.75,3.83,D
32.45436,-97.04115,330.73,0.41,0.37,2025-01-19,1919,N20,nominal,2.0NRT,283.64,3.85,D
31.66644,-101.98291,341.05,0.47,0.48,2025-01-19,1919,N20,nominal,2.0NRT,289.01,5.63,D
32.98947,-96.16061,332.31,0.39,0.36,2025-01-19,1919,N20,nominal,2.0NRT,278.9,5.15,D
31.99729,-101.82563,336.97,0.46,0.47,2025-01-19,1919,N20,nominal,2.0NRT,285.49,3.74,D
34.05361,-91.0599,335.66,0.48,0.4,2025-01-19,1919,N20,nominal,2.0NRT,280.52,4.46,D
30.49566,-109.63208,327.16,0.7,0.75,2025-01-19,1919,N20,nominal,2.0NRT,295.68,5.13,D
33.94455,-93.12955,325.01,0.41,0.37,2025-01-19,1919,N20,nominal,2.0NRT,277.5,2.33,D
30.49097,-109.63104,325.34,0.7,0.75,2025-01-19,1919,N20,nominal,2.0NRT,294.29,5.48,D
32.86407,-100.84099,346.59,0.39,0.44,2025-01-19,1919,N20,nominal,2.0NRT,282.53,3.21,D
32.868,-100.84208,327.29,0.39,0.44,2025-01-19,1919,N20,nominal,2.0NRT,281.03,3.21,D
32.00602,-106.60999,348.41,0.43,0.62,2025-01-19,1919,N20,nominal,2.0NRT,288.07,4.96,D
32.00383,-106.61028,343.43,0.43,0.62,2025-01-19,1919,N20,nominal,2.0NRT,287.84,4.86,D
35.04362,-90.16196,331.44,0.54,0.42,2025-01-19,1919,N20,nominal,2.0NRT,279.49,7.63,D
34.94909,-94.524,329.56,0.39,0.36,2025-01-19,1919,N20,nominal,2.0NRT,277.16,3.36,D
35.95319,-91.36445,329.62,0.49,0.4,2025-01-19,1919,N20,nominal,2.0NRT,274.84,3.03,D
33.82304,-106.84743,338.48,0.4,0.6,2025-01-19,1921,N20,nominal,2.0NRT,280.72,3.05,D
37.67447,-100.92498,334.36,0.49,0.4,2025-01-19,1921,N20,nominal,2.0NRT,278.09,5.05,D
41.61671,-87.32729,325.44,0.6,0.53,2025-01-19,1921,N20,nominal,2.0NRT,271.52,3.61,D
17.53724,-91.403,333.56,0.39,0.36,2025-01-19,1917,N20,nominal,2.0NRT,300.21,2.88,D
17.56491,-92.33035,329.21,0.4,0.37,2025-01-19,1917,N20,nominal,2.0NRT,297.31,2.58,D
18.14532,-88.74321,339.94,0.42,0.38,2025-01-19,1917,N20,nominal,2.0NRT,301.3,5.73,D
17.98974,-91.00051,335.03,0.38,0.36,2025-01-19,1917,N20,nominal,2.0NRT,304.7,5.2,D
18.44703,-88.36189,344.68,0.44,0.38,2025-01-19,1917,N20,nominal,2.0NRT,297.08,4.61,D
17.8766,-92.48838,344.01,0.4,0.37,2025-01-19,1917,N20,nominal,2.0NRT,297.63,6.14,D
17.8378,-93.11683,343.18,0.42,0.37,2025-01-19,1917,N20,nominal,2.0NRT,295.54,3.48,D
17.83717,-93.12072,329.21,0.42,0.37,2025-01-19,1917,N20,nominal,2.0NRT,293.84,5.58,D
17.84184,-93.11356,345.89,0.42,0.37,2025-01-19,1917,N20,nominal,2.0NRT,294.15,127.37,D
17.84058,-93.12134,348.34,0.42,0.37,2025-01-19,1917,N20,nominal,2.0NRT,299.44,19.44,D
18.10101,-91.55888,333.79,0.39,0.36,2025-01-19,1917,N20,nominal,2.0NRT,300.86,1.61,D
18.273,-90.69681,337.42,0.39,0.36,2025-01-19,1917,N20,nominal,2.0NRT,303.83,4.18,D
17.88829,-93.19395,336.35,0.42,0.38,2025-01-19,1917,N20,nominal,2.0NRT,297.12,3.62,D
17.89363,-93.18285,332.78,0.42,0.38,2025-01-19,1917,N20,nominal,2.0NRT,293.93,3.98,D
17.89299,-93.18676,327.98,0.42,0.38,2025-01-19,1917,N20,low,2.0NRT,298.42,13.1,D
17.90112,-93.18016,346.05,0.42,0.38,2025-01-19,1917,N20,nominal,2.0NRT,299.31,77.31,D
17.87044,-93.49661,332,0.43,0.38,2025-01-19,1917,N20,nominal,2.0NRT,296.97,2.21,D
18.35216,-90.48338,335.34,0.39,0.36,2025-01-19,1917,N20,nominal,2.0NRT,302.73,4.16,D
18.03957,-93.06419,331.8,0.41,0.37,2025-01-19,1917,N20,nominal,2.0NRT,297.52,2.74,D
17.94338,-93.65028,328.29,0.44,0.38,2025-01-19,1917,N20,nominal,2.0NRT,295.35,2.65,D
20.12513,-77.15608,330.47,0.76,0.77,2025-01-19,1917,N20,nominal,2.0NRT,290.3,5.32,D
18.10002,-94.34651,338.77,0.46,0.39,2025-01-19,1917,N20,nominal,2.0NRT,292.27,4.24,D
18.10189,-94.34579,333.23,0.46,0.39,2025-01-19,1917,N20,nominal,2.0NRT,288.61,3.72,D
20.3775,-77.04694,330.6,0.77,0.77,2025-01-19,1917,N20,nominal,2.0NRT,295.74,6.68,D
18.6452,-92.16975,355.26,0.39,0.36,2025-01-19,1917,N20,nominal,2.0NRT,300.87,7.56,D
20.38049,-77.04444,337.52,0.77,0.78,2025-01-19,1917,N20,nominal,2.0NRT,295.26,8.1,D
19.15885,-90.67402,333.73,0.39,0.36,2025-01-19,1917,N20,nominal,2.0NRT,300.29,18.72,D
18.86561,-92.62422,333.9,0.4,0.37,2025-01-19,1917,N20,nominal,2.0NRT,295.79,5.82,D
20.69934,-76.91365,332.25,0.79,0.78,2025-01-19,1917,N20,nominal,2.0NRT,296.92,10.08,D
20.70659,-76.91416,367,0.79,0.78,2025-01-19,1917,N20,high,2.0NRT,298.78,10.08,D
20.70604,-76.9219,341.37,0.79,0.78,2025-01-19,1917,N20,nominal,2.0NRT,297.92,10.08,D
19.18958,-90.62667,330.82,0.39,0.36,2025-01-19,1917,N20,nominal,2.0NRT,298.76,4.63,D
20.71385,-76.91467,367,0.79,0.78,2025-01-19,1917,N20,high,2.0NRT,299.54,53.61,D
20.73278,-76.9548,340.8,0.79,0.78,2025-01-19,1917,N20,nominal,2.0NRT,297.94,8.23,D
20.70145,-76.91228,330.14,0.79,0.78,2025-01-19,1917,N20,nominal,2.0NRT,296.7,23.96,D
20.70094,-76.92005,328.46,0.79,0.78,2025-01-19,1917,N20,nominal,2.0NRT,297.01,16.32,D
20.70871,-76.91283,367,0.79,0.78,2025-01-19,1917,N20,high,2.0NRT,299.73,23.96,D
20.7082,-76.92059,349.33,0.79,0.78,2025-01-19,1917,N20,nominal,2.0NRT,297.84,16.32,D
20.71597,-76.91339,367,0.79,0.78,2025-01-19,1917,N20,high,2.0NRT,296.81,29.51,D
20.71545,-76.92115,335.36,0.79,0.78,2025-01-19,1917,N20,nominal,2.0NRT,296.55,21.26,D
20.73512,-76.9537,332.84,0.79,0.78,2025-01-19,1917,N20,nominal,2.0NRT,298.75,14.91,D
20.80869,-77.04391,338.09,0.78,0.78,2025-01-19,1917,N20,nominal,2.0NRT,294.43,7.3,D
20.81694,-77.22554,334.75,0.76,0.77,2025-01-19,1917,N20,nominal,2.0NRT,297.42,5.31,D
20.81103,-77.04521,338.3,0.78,0.78,2025-01-19,1917,N20,nominal,2.0NRT,295.85,5.9,D
20.82032,-77.22727,339.17,0.76,0.77,2025-01-19,1917,N20,nominal,2.0NRT,297.56,7.25,D
19.40004,-90.51118,331.56,0.39,0.36,2025-01-19,1917,N20,nominal,2.0NRT,300.71,3.28,D
19.3995,-90.51485,333.43,0.39,0.36,2025-01-19,1917,N20,nominal,2.0NRT,304.91,4.16,D
20.83601,-77.60584,355.75,0.72,0.75,2025-01-19,1917,N20,nominal,2.0NRT,293.13,21.44,D
20.82659,-77.82664,367,0.7,0.75,2025-01-19,1917,N20,high,2.0NRT,300.86,13.97,D
20.8335,-77.82722,367,0.7,0.75,2025-01-19,1917,N20,high,2.0NRT,299.85,13.97,D
20.93244,-77.16842,367,0.77,0.77,2025-01-19,1917,N20,high,2.0NRT,297.25,23.85,D
20.93403,-77.24335,334.08,0.76,0.77,2025-01-19,1917,N20,nominal,2.0NRT,296.58,5.77,D
19.49839,-90.39561,332.01,0.39,0.36,2025-01-19,1917,N20,nominal,2.0NRT,300.68,2.71,D
20.93554,-77.17153,367,0.77,0.77,2025-01-19,1917,N20,high,2.0NRT,297.74,15.41,D
20.93756,-77.24664,332.33,0.76,0.77,2025-01-19,1917,N20,nominal,2.0NRT,297.37,5.35,D
20.9095,-77.83709,334.92,0.7,0.75,2025-01-19,1917,N20,nominal,2.0NRT,298.81,9.33,D
20.91641,-77.83768,333.77,0.7,0.75,2025-01-19,1917,N20,nominal,2.0NRT,297.72,9.32,D
20.9588,-77.35172,367,0.75,0.77,2025-01-19,1917,N20,high,2.0NRT,299.24,25.82,D
20.95827,-77.35913,367,0.75,0.77,2025-01-19,1917,N20,high,2.0NRT,300.17,25.82,D
20.95774,-77.3665,349.26,0.75,0.77,2025-01-19,1917,N20,nominal,2.0NRT,300.21,23.02,D
20.89803,-78.17399,328.88,0.66,0.73,2025-01-19,1917,N20,nominal,2.0NRT,298.55,4.22,D
19.49984,-90.66349,353.66,0.39,0.36,2025-01-19,1917,N20,nominal,2.0NRT,300.98,13.65,D
20.97192,-77.36765,367,0.75,0.77,2025-01-19,1917,N20,high,2.0NRT,298.28,32.13,D
20.97139,-77.37498,367,0.75,0.77,2025-01-19,1917,N20,high,2.0NRT,303.54,32.13,D
20.97902,-77.3681,367,0.75,0.77,2025-01-19,1917,N20,high,2.0NRT,297.33,73.34,D
20.97849,-77.37546,354.37,0.75,0.77,2025-01-19,1917,N20,nominal,2.0NRT,310.29,73.34,D
20.97796,-77.38271,333.91,0.75,0.77,2025-01-19,1917,N20,nominal,2.0NRT,298.17,88.06,D
20.98558,-77.37598,367,0.75,0.77,2025-01-19,1917,N20,high,2.0NRT,295.73,73.34,D
20.92942,-78.20864,342.87,0.66,0.73,2025-01-19,1917,N20,nominal,2.0NRT,298.51,7.51,D
21.03096,-77.04927,333.02,0.78,0.78,2025-01-19,1917,N20,nominal,2.0NRT,295.92,15.92,D
21.0304,-77.05699,346.59,0.78,0.78,2025-01-19,1917,N20,nominal,2.0NRT,298.42,29.63,D
19.55821,-90.40527,329.43,0.39,0.36,2025-01-19,1917,N20,low,2.0NRT,300.33,1.94,D
21.03707,-77.06504,367,0.78,0.78,2025-01-19,1917,N20,high,2.0NRT,300.32,29.63,D
21.03763,-77.05736,351.22,0.78,0.78,2025-01-19,1917,N20,nominal,2.0NRT,294.79,29.63,D
21.03652,-77.07266,353.03,0.78,0.78,2025-01-19,1917,N20,nominal,2.0NRT,299.38,41.09,D
21.0443,-77.0654,367,0.78,0.78,2025-01-19,1917,N20,high,2.0NRT,295.05,31.42,D
21.04374,-77.07308,353.59,0.78,0.78,2025-01-19,1917,N20,nominal,2.0NRT,297.6,32.93,D
19.56836,-90.47506,331.01,0.39,0.36,2025-01-19,1917,N20,nominal,2.0NRT,302.92,3.52,D
19.56782,-90.47876,343.2,0.39,0.36,2025-01-19,1917,N20,nominal,2.0NRT,306.23,3.52,D
20.98307,-77.36995,330.26,0.75,0.77,2025-01-19,1917,N20,nominal,2.0NRT,295.39,37.44,D
20.98258,-77.37733,354.17,0.75,0.77,2025-01-19,1917,N20,nominal,2.0NRT,302.15,87.17,D
19.36753,-92.00732,329.49,0.39,0.36,2025-01-19,1917,N20,nominal,2.0NRT,295.53,2.9,D
21.03262,-77.05841,367,0.78,0.78,2025-01-19,1917,N20,high,2.0NRT,298.57,19.63,D
21.03314,-77.0507,336.01,0.78,0.78,2025-01-19,1917,N20,nominal,2.0NRT,295.5,19.63,D
21.03212,-77.06602,334.46,0.78,0.78,2025-01-19,1917,N20,nominal,2.0NRT,298.66,46.08,D
21.03933,-77.06654,367,0.78,0.78,2025-01-19,1917,N20,high,2.0NRT,299.9,46.08,D
21.03985,-77.05882,338.16,0.78,0.78,2025-01-19,1917,N20,nominal,2.0NRT,293.1,19.63,D
21.03882,-77.07417,345.73,0.78,0.78,2025-01-19,1917,N20,nominal,2.0NRT,299.73,46.08,D
19.59898,-90.63496,330.98,0.39,0.36,2025-01-19,1917,N20,nominal,2.0NRT,301.59,3.47,D
19.59844,-90.63863,331.28,0.39,0.36,2025-01-19,1917,N20,nominal,2.0NRT,300.76,2.52,D
19.39271,-92.04169,332.17,0.39,0.36,2025-01-19,1917,N20,nominal,2.0NRT,298.05,7.27,D
19.39601,-92.04227,337.94,0.39,0.36,2025-01-19,1917,N20,nominal,2.0NRT,297.86,7.27,D
19.43792,-92.0345,331.32,0.39,0.36,2025-01-19,1917,N20,nominal,2.0NRT,295.92,3.4,D
19.44734,-92.08494,330.39,0.39,0.36,2025-01-19,1917,N20,nominal,2.0NRT,295.77,15.91,D
21.07344,-78.35063,330.21,0.65,0.73,2025-01-19,1917,N20,nominal,2.0NRT,299.05,6.92,D
21.08833,-78.33279,367,0.65,0.73,2025-01-19,1917,N20,high,2.0NRT,299.24,12.92,D
21.09843,-78.28901,340.35,0.65,0.73,2025-01-19,1917,N20,nominal,2.0NRT,298.47,9,D
21.09795,-78.29535,334.36,0.65,0.73,2025-01-19,1917,N20,nominal,2.0NRT,299.25,10.06,D
17.96053,-100.80044,338.66,0.38,0.59,2025-01-19,1917,N20,nominal,2.0NRT,300.59,2.71,D
17.9598,-100.80405,329.44,0.38,0.59,2025-01-19,1917,N20,low,2.0NRT,300.92,2.71,D
17.98757,-100.74944,367,0.38,0.59,2025-01-19,1917,N20,high,2.0NRT,303.39,11.31,D
17.98697,-100.75239,333.04,0.38,0.59,2025-01-19,1917,N20,nominal,2.0NRT,301.11,6.23,D
19.52287,-92.18839,335.88,0.39,0.36,2025-01-19,1917,N20,nominal,2.0NRT,295.61,5.92,D
17.96323,-100.80215,348.33,0.38,0.59,2025-01-19,1917,N20,nominal,2.0NRT,304.47,3.38,D
17.96244,-100.80588,328.95,0.38,0.59,2025-01-19,1917,N20,nominal,2.0NRT,300.27,3.38,D
17.9907,-100.75087,367,0.38,0.59,2025-01-19,1917,N20,high,2.0NRT,301.9,10.63,D
19.60165,-92.29305,335.78,0.39,0.36,2025-01-19,1917,N20,nominal,2.0NRT,297.65,14.05,D
21.3546,-77.93537,330.2,0.69,0.74,2025-01-19,1917,N20,nominal,2.0NRT,297.43,3.59,D
21.3615,-77.93584,337.5,0.69,0.74,2025-01-19,1917,N20,nominal,2.0NRT,296.98,3.59,D
17.92749,-102.20381,367,0.47,0.64,2025-01-19,1917,N20,high,2.0NRT,300.85,15.82,D
18.7081,-98.52903,339.97,0.53,0.5,2025-01-19,1917,N20,nominal,2.0NRT,305.08,3.47,D
18.60664,-99.32772,340.76,0.6,0.53,2025-01-19,1917,N20,nominal,2.0NRT,301.49,13.04,D
18.60581,-99.3289,341.16,0.6,0.53,2025-01-19,1917,N20,nominal,2.0NRT,301.62,8.77,D
21.57016,-78.56139,329.69,0.63,0.72,2025-01-19,1917,N20,nominal,2.0NRT,296.34,4.64,D
18.94129,-98.42706,341.04,0.52,0.5,2025-01-19,1917,N20,nominal,2.0NRT,303.05,10.05,D
18.09853,-102.81945,367,0.52,0.67,2025-01-19,1917,N20,high,2.0NRT,297.44,17.03,D
19.09372,-97.96688,333.97,0.48,0.48,2025-01-19,1917,N20,nominal,2.0NRT,303.22,2.49,D
18.09982,-102.8216,367,0.52,0.67,2025-01-19,1917,N20,high,2.0NRT,298.46,12.02,D
21.71002,-78.68099,337.06,0.63,0.72,2025-01-19,1917,N20,nominal,2.0NRT,295.28,10.15,D
18.98141,-98.88107,337.53,0.55,0.51,2025-01-19,1917,N20,nominal,2.0NRT,299.91,4.37,D
21.82724,-78.4222,339.77,0.65,0.73,2025-01-19,1917,N20,nominal,2.0NRT,295.77,12.38,D
21.83446,-78.41626,339.98,0.65,0.73,2025-01-19,1917,N20,nominal,2.0NRT,295.75,13.52,D
21.8355,-78.49305,367,0.64,0.72,2025-01-19,1917,N20,high,2.0NRT,297.33,13.58,D
21.86285,-78.48866,330.94,0.65,0.73,2025-01-19,1917,N20,nominal,2.0NRT,296.77,3.51,D
21.89522,-78.15154,367,0.68,0.74,2025-01-19,1917,N20,high,2.0NRT,293.82,24.76,D
21.89471,-78.15826,354.52,0.68,0.74,2025-01-19,1917,N20,nominal,2.0NRT,296.59,24.76,D
21.86763,-78.51443,328.8,0.64,0.72,2025-01-19,1917,N20,nominal,2.0NRT,296.04,5.54,D
21.90207,-78.15192,367,0.68,0.74,2025-01-19,1917,N20,high,2.0NRT,294.15,24,D
21.90157,-78.15868,352.22,0.68,0.74,2025-01-19,1917,N20,nominal,2.0NRT,295.6,24,D
20.57502,-90.17538,332.45,0.4,0.37,2025-01-19,1917,N20,nominal,2.0NRT,296.37,2.56,D
21.88938,-78.15472,339.93,0.68,0.74,2025-01-19,1917,N20,nominal,2.0NRT,291.49,5.83,D
21.89622,-78.15517,367,0.68,0.74,2025-01-19,1917,N20,high,2.0NRT,297.08,43,D
21.89576,-78.16193,333.99,0.68,0.74,2025-01-19,1917,N20,nominal,2.0NRT,294.64,37.47,D
21.87085,-78.51845,338.39,0.64,0.72,2025-01-19,1917,N20,nominal,2.0NRT,296.49,5.51,D
21.90308,-78.1556,367,0.68,0.74,2025-01-19,1917,N20,high,2.0NRT,296.24,43,D
19.29413,-98.2244,340.15,0.49,0.49,2025-01-19,1917,N20,nominal,2.0NRT,302.08,6.39,D
19.29325,-98.22894,339.46,0.49,0.49,2025-01-19,1917,N20,nominal,2.0NRT,303.71,6.59,D
21.90142,-78.65293,367,0.63,0.72,2025-01-19,1917,N20,high,2.0NRT,294.52,69.98,D
21.90097,-78.65914,335.87,0.63,0.72,2025-01-19,1917,N20,nominal,2.0NRT,299.63,69.98,D
21.90808,-78.65346,367,0.63,0.72,2025-01-19,1917,N20,high,2.0NRT,294.14,69.98,D
21.98951,-78.64059,348.92,0.63,0.72,2025-01-19,1917,N20,nominal,2.0NRT,295.02,8.19,D
21.98902,-78.64681,333.46,0.63,0.72,2025-01-19,1917,N20,nominal,2.0NRT,295.47,8.6,D
20.78983,-89.67573,333.27,0.41,0.37,2025-01-19,1917,N20,nominal,2.0NRT,297.33,6.34,D
21.99323,-78.64351,367,0.63,0.72,2025-01-19,1917,N20,high,2.0NRT,298.15,35.19,D
21.99369,-78.63725,329.25,0.63,0.72,2025-01-19,1917,N20,nominal,2.0NRT,294.69,19.97,D
22.00036,-78.63773,352.35,0.63,0.72,2025-01-19,1917,N20,nominal,2.0NRT,291.45,19.97,D
21.99991,-78.644,355.17,0.63,0.72,2025-01-19,1917,N20,nominal,2.0NRT,292.93,35.19,D
19.17735,-99.57262,332.37,0.61,0.53,2025-01-19,1917,N20,nominal,2.0NRT,296.6,4.5,D
19.43225,-98.87984,335.38,0.54,0.51,2025-01-19,1917,N20,nominal,2.0NRT,302.2,3.87,D
19.30142,-99.7005,330.07,0.62,0.54,2025-01-19,1917,N20,nominal,2.0NRT,296.66,5.4,D
19.30399,-99.70293,334.57,0.61,0.54,2025-01-19,1917,N20,nominal,2.0NRT,294.59,6.64,D
19.54275,-98.8963,341.01,0.54,0.51,2025-01-19,1917,N20,nominal,2.0NRT,303.2,7.16,D
19.06993,-101.44994,335.11,0.4,0.6,2025-01-19,1917,N20,nominal,2.0NRT,301.98,3.85,D
22.28128,-80.20216,338.25,0.51,0.66,2025-01-19,1917,N20,nominal,2.0NRT,295.8,3.81,D
19.7175,-98.87607,336.78,0.53,0.5,2025-01-19,1917,N20,nominal,2.0NRT,301.93,4.51,D
19.72826,-99.06451,339.38,0.55,0.51,2025-01-19,1917,N20,nominal,2.0NRT,300.79,7.05,D
19.81754,-98.72441,330.83,0.52,0.5,2025-01-19,1917,N20,low,2.0NRT,305.4,3.31,D
22.38862,-80.40554,330.64,0.49,0.65,2025-01-19,1917,N20,nominal,2.0NRT,294.65,4.9,D
22.38823,-80.41035,338.32,0.49,0.65,2025-01-19,1917,N20,nominal,2.0NRT,295.4,5.5,D
22.3813,-80.5678,343.04,0.48,0.65,2025-01-19,1917,N20,nominal,2.0NRT,296.79,6.51,D
19.63603,-99.90544,331.03,0.62,0.54,2025-01-19,1917,N20,nominal,2.0NRT,303.86,5.33,D
22.40725,-81.02346,334.1,0.45,0.63,2025-01-19,1917,N20,nominal,2.0NRT,291.05,3.23,D
19.87843,-99.02227,331,0.54,0.51,2025-01-19,1917,N20,low,2.0NRT,304.46,5.08,D
19.882,-99.0283,337.74,0.54,0.51,2025-01-19,1917,N20,nominal,2.0NRT,305.52,5.08,D
22.53626,-80.03177,327.78,0.52,0.67,2025-01-19,1917,N20,nominal,2.0NRT,294.19,3.33,D
19.76332,-99.83991,336.27,0.61,0.54,2025-01-19,1917,N20,nominal,2.0NRT,301.5,5.93,D
22.25116,-83.416,329.48,0.63,0.54,2025-01-19,1917,N20,nominal,2.0NRT,297.07,4.35,D
22.55125,-80.37473,337.4,0.5,0.66,2025-01-19,1917,N20,nominal,2.0NRT,293.6,9,D
22.55813,-80.36559,343.45,0.5,0.66,2025-01-19,1917,N20,nominal,2.0NRT,294.3,5.22,D
22.55771,-80.37049,331.41,0.5,0.66,2025-01-19,1917,N20,nominal,2.0NRT,291.56,5.22,D
22.54677,-80.37621,328.31,0.5,0.66,2025-01-19,1917,N20,nominal,2.0NRT,295.13,4.59,D
22.55282,-80.37682,337.84,0.5,0.66,2025-01-19,1917,N20,nominal,2.0NRT,294.31,4.59,D
22.55964,-80.36771,367,0.5,0.66,2025-01-19,1917,N20,high,2.0NRT,295.12,8.16,D
22.34775,-83.36568,344.93,0.63,0.54,2025-01-19,1917,N20,nominal,2.0NRT,297.26,10.69,D
19.90788,-99.61501,339.78,0.59,0.53,2025-01-19,1917,N20,nominal,2.0NRT,302.59,7.82,D
22.41588,-83.24563,367,0.32,0.55,2025-01-19,1917,N20,high,2.0NRT,298.58,8.31,D
22.41555,-83.24878,352.68,0.32,0.55,2025-01-19,1917,N20,nominal,2.0NRT,298.48,8.31,D
20.02951,-99.27271,338.59,0.56,0.51,2025-01-19,1917,N20,nominal,2.0NRT,301.44,6.41,D
22.41518,-83.2444,330.65,0.32,0.55,2025-01-19,1917,N20,nominal,2.0NRT,296.3,14.81,D
22.41488,-83.24755,355.12,0.32,0.55,2025-01-19,1917,N20,nominal,2.0NRT,299.69,27.58,D
22.42023,-83.24496,367,0.32,0.55,2025-01-19,1917,N20,high,2.0NRT,297.44,14.81,D
22.41993,-83.24811,341.87,0.32,0.55,2025-01-19,1917,N20,nominal,2.0NRT,305.95,27.58,D
22.41962,-83.25126,343.2,0.32,0.55,2025-01-19,1917,N20,nominal,2.0NRT,302.34,27.58,D
22.42528,-83.24552,352.1,0.32,0.55,2025-01-19,1917,N20,nominal,2.0NRT,296.56,27.06,D
22.42467,-83.25182,347.94,0.32,0.55,2025-01-19,1917,N20,nominal,2.0NRT,301.57,41.91,D
22.42972,-83.25238,355.47,0.32,0.55,2025-01-19,1917,N20,nominal,2.0NRT,297.73,41.91,D
20.04789,-99.29076,342.34,0.56,0.51,2025-01-19,1917,N20,nominal,2.0NRT,300.64,6.2,D
22.62049,-81.20828,367,0.44,0.62,2025-01-19,1917,N20,high,2.0NRT,292.48,22.55,D
22.62012,-81.21259,336.98,0.44,0.62,2025-01-19,1917,N20,nominal,2.0NRT,300.08,22.55,D
22.62625,-81.20883,367,0.44,0.62,2025-01-19,1917,N20,high,2.0NRT,293.98,22.55,D
22.62589,-81.21313,328,0.44,0.62,2025-01-19,1917,N20,nominal,2.0NRT,292.72,22.55,D
22.46751,-83.17968,367,0.33,0.55,2025-01-19,1917,N20,high,2.0NRT,296.6,6.87,D
22.4672,-83.18286,342.57,0.33,0.55,2025-01-19,1917,N20,nominal,2.0NRT,296.96,5.21,D
22.47198,-83.23797,367,0.32,0.55,2025-01-19,1917,N20,high,2.0NRT,296.04,9.28,D
22.47167,-83.24112,338.7,0.32,0.55,2025-01-19,1917,N20,nominal,2.0NRT,296.18,4.34,D
22.47136,-83.24427,333.38,0.32,0.55,2025-01-19,1917,N20,nominal,2.0NRT,296.68,4.34,D
22.69577,-81.27593,353.97,0.44,0.62,2025-01-19,1917,N20,nominal,2.0NRT,293.9,7.48,D
22.70152,-81.27646,367,0.44,0.62,2025-01-19,1917,N20,high,2.0NRT,293.54,7.48,D
22.69732,-81.27664,367,0.44,0.62,2025-01-19,1917,N20,high,2.0NRT,293.9,7.55,D
22.70306,-81.27718,343.57,0.44,0.62,2025-01-19,1917,N20,nominal,2.0NRT,292.4,7.55,D
22.73153,-81.41697,340.64,0.43,0.62,2025-01-19,1917,N20,nominal,2.0NRT,293.6,5.37,D
22.62865,-83.24853,342.56,0.32,0.55,2025-01-19,1917,N20,nominal,2.0NRT,291.74,2.73,D
22.62739,-83.25028,338.24,0.32,0.55,2025-01-19,1917,N20,nominal,2.0NRT,294.2,2.15,D
22.74122,-82.12755,339.22,0.38,0.59,2025-01-19,1917,N20,nominal,2.0NRT,296.76,3.15,D
22.71707,-82.3972,335.06,0.37,0.58,2025-01-19,1917,N20,nominal,2.0NRT,296.76,2.7,D
22.85941,-81.15642,367,0.45,0.63,2025-01-19,1917,N20,high,2.0NRT,292.61,10.05,D
22.75285,-82.41924,337.36,0.37,0.58,2025-01-19,1917,N20,nominal,2.0NRT,294.52,7.65,D
22.75252,-82.42284,353.79,0.37,0.58,2025-01-19,1917,N20,nominal,2.0NRT,297.37,10.9,D
22.75786,-82.42339,331.31,0.37,0.58,2025-01-19,1917,N20,nominal,2.0NRT,296.16,3.67,D
22.72399,-82.94501,367,0.34,0.56,2025-01-19,1917,N20,high,2.0NRT,295.65,8.08,D
22.78277,-82.33074,349.76,0.37,0.58,2025-01-19,1917,N20,nominal,2.0NRT,296.52,5.64,D
22.72366,-82.94836,354.84,0.34,0.56,2025-01-19,1917,N20,nominal,2.0NRT,297.55,8.08,D
22.79357,-82.44516,367,0.37,0.58,2025-01-19,1917,N20,high,2.0NRT,296.87,7.5,D
20.28121,-99.68163,341.1,0.59,0.53,2025-01-19,1917,N20,nominal,2.0NRT,303.82,7.88,D
22.7973,-82.44549,367,0.37,0.58,2025-01-19,1917,N20,high,2.0NRT,295.61,7,D
20.28262,-99.67757,340.09,0.59,0.53,2025-01-19,1917,N20,nominal,2.0NRT,302.29,7.75,D
20.28146,-99.68324,332.71,0.59,0.53,2025-01-19,1917,N20,nominal,2.0NRT,302.38,7.75,D
20.2624,-101.2309,349.09,0.37,0.58,2025-01-19,1917,N20,nominal,2.0NRT,309.69,4.52,D
20.47378,-100.30624,367,0.32,0.54,2025-01-19,1917,N20,high,2.0NRT,303.76,10.01,D
20.47319,-100.30912,338.04,0.32,0.55,2025-01-19,1917,N20,nominal,2.0NRT,303.41,6.92,D
20.47496,-100.30669,367,0.32,0.54,2025-01-19,1917,N20,high,2.0NRT,299.97,7.49,D
20.47436,-100.30956,342.2,0.32,0.54,2025-01-19,1917,N20,nominal,2.0NRT,301.39,7.49,D
20.38281,-100.96999,330.07,0.35,0.57,2025-01-19,1917,N20,nominal,2.0NRT,304.85,2.24,D
20.61411,-100.22646,347.35,0.63,0.54,2025-01-19,1917,N20,nominal,2.0NRT,305.3,14.6,D
20.61259,-100.22089,333.64,0.63,0.54,2025-01-19,1917,N20,nominal,2.0NRT,301.02,5.76,D
20.61136,-100.22676,339.23,0.63,0.54,2025-01-19,1917,N20,nominal,2.0NRT,305.64,8.03,D
20.41661,-101.27504,343.78,0.37,0.58,2025-01-19,1917,N20,nominal,2.0NRT,307.32,4.44,D
20.57987,-100.62648,367,0.33,0.55,2025-01-19,1917,N20,high,2.0NRT,307.99,8.55,D
20.57922,-100.62962,345.11,0.33,0.55,2025-01-19,1917,N20,nominal,2.0NRT,308.37,6.82,D
20.52381,-100.92109,345.19,0.35,0.57,2025-01-19,1917,N20,nominal,2.0NRT,305.24,5.01,D
20.52313,-100.92435,336.83,0.35,0.57,2025-01-19,1917,N20,nominal,2.0NRT,307.71,4.38,D
20.58925,-100.63169,347.1,0.33,0.55,2025-01-19,1917,N20,nominal,2.0NRT,310.19,6.27,D
20.3247,-101.88686,332.67,0.41,0.6,2025-01-19,1917,N20,nominal,2.0NRT,303.16,1.26,D
20.26447,-102.2199,340.92,0.43,0.62,2025-01-19,1919,N20,nominal,2.0NRT,303,5.66,D
20.71588,-100.44642,367,0.32,0.55,2025-01-19,1919,N20,high,2.0NRT,307.59,36.37,D
20.71523,-100.44954,348.37,0.32,0.55,2025-01-19,1919,N20,nominal,2.0NRT,309.29,29.45,D
20.575,-101.17088,367,0.36,0.57,2025-01-19,1919,N20,high,2.0NRT,300.83,7.55,D
20.7664,-100.27579,337.33,0.63,0.54,2025-01-19,1919,N20,nominal,2.0NRT,304.12,10.4,D
20.58016,-101.1721,342.84,0.36,0.57,2025-01-19,1919,N20,nominal,2.0NRT,297.75,3.67,D
20.44327,-101.97487,331.05,0.41,0.61,2025-01-19,1919,N20,nominal,2.0NRT,301.53,3.98,D
20.44249,-101.97852,351.11,0.41,0.61,2025-01-19,1919,N20,nominal,2.0NRT,305.59,5.4,D
20.44167,-101.98236,339.2,0.41,0.61,2025-01-19,1919,N20,nominal,2.0NRT,307.12,5.4,D
20.44327,-101.97771,353.26,0.41,0.61,2025-01-19,1919,N20,nominal,2.0NRT,304.19,5.73,D
20.44243,-101.9815,343.24,0.41,0.61,2025-01-19,1919,N20,nominal,2.0NRT,306.57,5.73,D
20.8852,-102.37469,331.84,0.43,0.62,2025-01-19,1919,N20,nominal,2.0NRT,287.77,4.31,D
20.60308,-103.78716,327.64,0.53,0.67,2025-01-19,1919,N20,nominal,2.0NRT,288.2,3.21,D
20.81588,-104.23113,328.58,0.56,0.69,2025-01-19,1919,N20,nominal,2.0NRT,289.98,4.1,D
24.69557,-78.02194,329.29,0.74,0.76,2025-01-19,1919,N20,nominal,2.0NRT,292.28,8.74,D
21.48642,-104.71518,334.41,0.58,0.7,2025-01-19,1919,N20,nominal,2.0NRT,296.81,7.11,D
21.48872,-104.71793,341.6,0.58,0.7,2025-01-19,1919,N20,nominal,2.0NRT,297.02,5.14,D
47.56907,-122.3675,339.05,0.41,0.37,2025-01-19,2105,N20,nominal,2.0NRT,283.29,4.92,D
30.49719,-109.62907,367,0.35,0.56,2025-01-19,2059,N20,high,2.0NRT,304.17,8.98,D
30.80634,-112.57183,343.66,0.46,0.47,2025-01-19,2059,N20,nominal,2.0NRT,310.5,30.19,D
30.80585,-112.57666,337,0.46,0.47,2025-01-19,2059,N20,nominal,2.0NRT,305.4,12.8,D
30.78861,-112.98737,336.6,0.44,0.46,2025-01-19,2059,N20,nominal,2.0NRT,303.11,2.45,D
19.32068,-103.52657,367,0.64,0.72,2025-01-19,2057,N20,high,2.0NRT,303.14,28.8,D
32.49606,-116.83461,331.71,0.45,0.39,2025-01-19,2101,N20,nominal,2.0NRT,302.98,2.24,D
19.3201,-103.53312,352.92,0.64,0.72,2025-01-19,2057,N20,nominal,2.0NRT,305.21,28.8,D
34.1529,-118.19389,329.32,0.42,0.37,2025-01-19,2101,N20,nominal,2.0NRT,296.14,1.25,D
19.31787,-103.52689,367,0.64,0.72,2025-01-19,2057,N20,high,2.0NRT,302.95,33.83,D
34.42842,-118.64483,328.23,0.41,0.37,2025-01-19,2101,N20,nominal,2.0NRT,297.5,2.46,D
19.31735,-103.53336,354.53,0.64,0.72,2025-01-19,2057,N20,nominal,2.0NRT,304.63,27.6,D
38.04094,-120.50489,327.15,0.39,0.36,2025-01-19,2103,N20,nominal,2.0NRT,290.91,3.22,D
19.32452,-103.52793,353.67,0.64,0.72,2025-01-19,2057,N20,nominal,2.0NRT,301.65,9.31,D
38.18819,-120.89993,328.63,0.39,0.36,2025-01-19,2103,N20,nominal,2.0NRT,289.42,2.58,D
19.56098,-103.44463,354.9,0.65,0.73,2025-01-19,2057,N20,nominal,2.0NRT,299.03,13.56,D
38.86769,-123.16331,335.53,0.39,0.36,2025-01-19,2103,N20,nominal,2.0NRT,287.63,3.49,D
20.34955,-102.36622,329.66,0.78,0.78,2025-01-19,2057,N20,low,2.0NRT,302.68,7.46,D
39.30888,-123.18253,335.4,0.39,0.36,2025-01-19,2103,N20,nominal,2.0NRT,288.76,4.82,D
20.32929,-102.80974,336.88,0.73,0.76,2025-01-19,2057,N20,nominal,2.0NRT,296.99,10.15,D
39.78777,-122.28055,328.07,0.38,0.36,2025-01-19,2103,N20,nominal,2.0NRT,289.18,2.11,D
20.32743,-102.81119,339.58,0.73,0.76,2025-01-19,2057,N20,nominal,2.0NRT,297.58,8.71,D
40.13941,-122.139,326.82,0.38,0.36,2025-01-19,2103,N20,nominal,2.0NRT,288.68,1.92,D
40.03273,-123.22806,329.65,0.39,0.36,2025-01-19,2103,N20,nominal,2.0NRT,285.06,3.37,D
20.85238,-104.01382,332.19,0.62,0.71,2025-01-19,2057,N20,nominal,2.0NRT,298.02,4.09,D
40.036,-123.22897,346.16,0.39,0.36,2025-01-19,2103,N20,nominal,2.0NRT,285.34,3.37,D
40.04033,-123.22446,328.25,0.39,0.36,2025-01-19,2103,N20,nominal,2.0NRT,286.49,4.98,D
40.03963,-123.2289,348.59,0.39,0.36,2025-01-19,2103,N20,nominal,2.0NRT,296.73,20.28,D
40.03893,-123.23332,343.78,0.39,0.36,2025-01-19,2103,N20,nominal,2.0NRT,289.11,20.28,D
40.03822,-123.23773,337.09,0.39,0.36,2025-01-19,2103,N20,nominal,2.0NRT,286.71,5.86,D
40.45131,-121.87105,327.2,0.39,0.36,2025-01-19,2103,N20,nominal,2.0NRT,288.16,1.71,D
40.29308,-123.60882,334.24,0.39,0.36,2025-01-19,2103,N20,nominal,2.0NRT,283.56,2.93,D
44.34808,-120.71649,344.75,0.43,0.38,2025-01-19,2103,N20,nominal,2.0NRT,278.01,5.66,D
44.34742,-120.72176,326.16,0.43,0.38,2025-01-19,2103,N20,nominal,2.0NRT,278.27,3.17,D
44.35153,-120.71727,337.56,0.43,0.38,2025-01-19,2103,N20,nominal,2.0NRT,278.12,4.74,D
45.24986,-119.31935,340.77,0.48,0.4,2025-01-19,2103,N20,nominal,2.0NRT,270.65,4.38,D
47.47032,-122.04652,326.6,0.42,0.38,2025-01-19,2105,N20,nominal,2.0NRT,277.39,1.75,D
47.56981,-122.3659,328.09,0.41,0.37,2025-01-19,2105,N20,nominal,2.0NRT,281.05,2.63,D
19.40661,-155.26901,367,0.63,0.72,2025-01-19,2239,N20,high,2.0NRT,315.83,26.06,D
19.40396,-155.28064,367,0.63,0.72,2025-01-19,2239,N20,high,2.0NRT,338.6,28.84,D
19.40527,-155.27487,346.57,0.63,0.72,2025-01-19,2239,N20,nominal,2.0NRT,316.07,28.84,D
19.41432,-155.26501,346.4,0.63,0.72,2025-01-19,2239,N20,nominal,2.0NRT,304.73,16.57,D
19.41301,-155.27077,356.37,0.63,0.72,2025-01-19,2239,N20,nominal,2.0NRT,323.36,16.57,D
19.41171,-155.27647,342.89,0.63,0.72,2025-01-19,2239,N20,nominal,2.0NRT,314.54,18.14,D
19.41043,-155.28209,355.74,0.63,0.72,2025-01-19,2239,N20,nominal,2.0NRT,325.95,18.14,D
19.40659,-155.26804,367,0.63,0.72,2025-01-19,2239,N20,high,2.0NRT,308.93,21.77,D
19.40386,-155.27965,367,0.63,0.72,2025-01-19,2239,N20,high,2.0NRT,334.33,28.8,D
19.40252,-155.28534,367,0.63,0.72,2025-01-19,2239,N20,high,2.0NRT,332.55,32.59,D
19.40521,-155.2739,347.82,0.63,0.72,2025-01-19,2239,N20,nominal,2.0NRT,317.52,28.8,D
19.41298,-155.26981,367,0.63,0.72,2025-01-19,2239,N20,high,2.0NRT,322.57,15.7,D
19.41032,-155.28111,367,0.63,0.72,2025-01-19,2239,N20,high,2.0NRT,325.56,38.13,D
19.41433,-155.26404,326.64,0.63,0.72,2025-01-19,2239,N20,nominal,2.0NRT,300.99,15.7,D
19.40342,-155.27715,367,0.55,0.68,2025-01-20,0020,N20,high,2.0NRT,318.68,30.85,D
19.40294,-155.28246,367,0.55,0.68,2025-01-20,0020,N20,high,2.0NRT,322.06,33.82,D
19.40243,-155.28795,353.49,0.55,0.68,2025-01-20,0020,N20,low,2.0NRT,341.25,33.82,D
19.41022,-155.27235,367,0.55,0.68,2025-01-20,0020,N20,high,2.0NRT,315.48,24.34,D
19.40973,-155.27769,367,0.55,0.68,2025-01-20,0020,N20,high,2.0NRT,326.39,24.34,D
19.40923,-155.28317,367,0.55,0.68,2025-01-20,0020,N20,high,2.0NRT,321.43,22.34,D
19.4087,-155.28882,354.9,0.55,0.68,2025-01-20,0020,N20,nominal,2.0NRT,321.05,22.34,D
19.39971,-155.28578,367,0.55,0.68,2025-01-20,0020,N20,high,2.0NRT,320.08,26.13,D
19.40017,-155.2804,333.74,0.55,0.68,2025-01-20,0020,N20,nominal,2.0NRT,306.1,26.13,D
19.39924,-155.29138,340.74,0.55,0.68,2025-01-20,0020,N20,nominal,2.0NRT,311.99,20.34,D
19.40695,-155.27547,367,0.55,0.68,2025-01-20,0020,N20,high,2.0NRT,320.38,38.17,D
19.40603,-155.28627,367,0.55,0.68,2025-01-20,0020,N20,high,2.0NRT,343.72,26.13,D
19.4065,-155.28079,354.05,0.55,0.68,2025-01-20,0020,N20,nominal,2.0NRT,319.92,26.13,D
19.40553,-155.29208,338.11,0.55,0.68,2025-01-20,0020,N20,nominal,2.0NRT,312.73,20.34,D
19.41326,-155.27609,367,0.55,0.68,2025-01-20,0020,N20,high,2.0NRT,319.8,25.07,D
23.08464,-81.27885,308.42,0.77,0.77,2025-01-20,0603,N20,nominal,2.0NRT,286.4,2.27,N
23.08928,-81.28036,303.31,0.77,0.77,2025-01-20,0603,N20,nominal,2.0NRT,286.58,2.38,N
21.93406,-78.66006,353.1,0.51,0.66,2025-01-20,0603,N20,nominal,2.0NRT,287.54,6.91,N
21.93367,-78.65507,334.92,0.51,0.66,2025-01-20,0603,N20,nominal,2.0NRT,287.02,6.91,N
21.93399,-78.66278,331.43,0.51,0.66,2025-01-20,0603,N20,nominal,2.0NRT,287.11,5.95,N
21.93357,-78.65781,367,0.51,0.66,2025-01-20,0603,N20,high,2.0NRT,287.68,5.73,N
21.93314,-78.65283,306.51,0.51,0.66,2025-01-20,0603,N20,nominal,2.0NRT,286.69,5.73,N
21.92787,-78.6634,327.02,0.51,0.66,2025-01-20,0603,N20,nominal,2.0NRT,287.06,5.95,N
21.92744,-78.65842,307.79,0.51,0.66,2025-01-20,0603,N20,nominal,2.0NRT,287.21,5.73,N
21.92174,-78.66399,296.32,0.51,0.66,2025-01-20,0603,N20,nominal,2.0NRT,286.31,1.68,N
21.91561,-78.66461,324.32,0.51,0.66,2025-01-20,0603,N20,nominal,2.0NRT,287.57,1.68,N
21.90864,-78.65538,316.86,0.51,0.66,2025-01-20,0603,N20,nominal,2.0NRT,287.68,1.6,N
21.90252,-78.65601,312.57,0.51,0.66,2025-01-20,0603,N20,nominal,2.0NRT,287.72,1.6,N
20.98152,-77.39027,303.51,0.41,0.61,2025-01-20,0603,N20,nominal,2.0NRT,290.49,0.67,N
20.98115,-77.38625,305.62,0.41,0.61,2025-01-20,0603,N20,nominal,2.0NRT,290.79,0.67,N
20.98273,-77.38566,302.27,0.41,0.61,2025-01-20,0603,N20,nominal,2.0NRT,290.49,0.82,N
20.97753,-77.39034,301.23,0.41,0.61,2025-01-20,0603,N20,nominal,2.0NRT,290.65,0.82,N
20.72575,-76.91836,297.12,0.38,0.59,2025-01-20,0603,N20,nominal,2.0NRT,283.38,0.3,N
20.71764,-76.91195,300.76,0.38,0.59,2025-01-20,0603,N20,nominal,2.0NRT,284.26,0.7,N
18.99615,-72.09132,300.2,0.54,0.42,2025-01-20,0605,N20,nominal,2.0NRT,289.01,0.46,N
18.98027,-72.20998,304.69,0.55,0.43,2025-01-20,0605,N20,nominal,2.0NRT,290.75,1.31,N
18.99163,-72.3267,343.16,0.56,0.43,2025-01-20,0605,N20,nominal,2.0NRT,295.13,7.08,N
18.98776,-72.32771,319.55,0.56,0.43,2025-01-20,0605,N20,nominal,2.0NRT,292.63,7.08,N
18.987,-72.32188,318.83,0.56,0.43,2025-01-20,0605,N20,nominal,2.0NRT,292.72,7.08,N
18.98311,-72.32273,343.24,0.56,0.43,2025-01-20,0605,N20,nominal,2.0NRT,294.26,13.16,N
18.84258,-72.04521,321.85,0.53,0.42,2025-01-20,0605,N20,nominal,2.0NRT,292,2.7,N
18.00796,-66.65552,304.59,0.39,0.36,2025-01-20,0605,N20,nominal,2.0NRT,292.53,0.51,N
18.8071,-73.08417,304.87,0.41,0.45,2025-01-20,0605,N20,nominal,2.0NRT,293.68,1.44,N
18.80662,-73.08031,312.64,0.41,0.45,2025-01-20,0605,N20,nominal,2.0NRT,294.22,1.44,N
18.80812,-73.08354,308.92,0.41,0.45,2025-01-20,0605,N20,nominal,2.0NRT,293.7,1.51,N
18.80762,-73.0797,307.65,0.41,0.45,2025-01-20,0605,N20,nominal,2.0NRT,294.05,1.58,N
45.0741,-83.40655,298.06,0.4,0.37,2025-01-20,0739,N20,nominal,2.0NRT,258.03,1.14,N
33.90924,-78.78723,301.31,0.32,0.55,2025-01-20,0741,N20,nominal,2.0NRT,274.64,0.47,N
42.81573,-80.09791,303.55,0.53,0.42,2025-01-20,0739,N20,nominal,2.0NRT,261.18,0.99,N
42.80826,-80.10081,296.55,0.53,0.42,2025-01-20,0739,N20,nominal,2.0NRT,261.88,1.27,N
35.89301,-89.78125,327.57,0.4,0.37,2025-01-20,0741,N20,nominal,2.0NRT,266.55,3.72,N
35.64788,-89.93641,324.92,0.4,0.37,2025-01-20,0741,N20,nominal,2.0NRT,264.72,9.44,N
42.80079,-80.10369,305.59,0.53,0.42,2025-01-20,0739,N20,nominal,2.0NRT,263.48,1.72,N
44.76303,-104.34064,323.12,0.76,0.77,2025-01-20,0739,N20,nominal,2.0NRT,247.58,5.44,N
34.22761,-82.20457,314.3,0.42,0.45,2025-01-20,0741,N20,nominal,2.0NRT,269.75,1.51,N
41.56695,-84.04578,326.17,0.41,0.37,2025-01-20,0739,N20,nominal,2.0NRT,265.88,8.55,N
34.64004,-87.0822,323.6,0.4,0.37,2025-01-20,0741,N20,nominal,2.0NRT,269.65,1.49,N
41.36658,-84.92233,334.64,0.4,0.37,2025-01-20,0739,N20,nominal,2.0NRT,261.55,5.06,N
34.6415,-87.09076,299.75,0.4,0.37,2025-01-20,0741,N20,nominal,2.0NRT,267.43,1.83,N
41.68518,-87.42363,329.88,0.39,0.36,2025-01-20,0739,N20,nominal,2.0NRT,264.93,5.31,N
34.74038,-87.8453,325.2,0.39,0.36,2025-01-20,0741,N20,nominal,2.0NRT,266.37,2.8,N
41.64317,-87.1427,324.32,0.39,0.36,2025-01-20,0739,N20,nominal,2.0NRT,258.4,2.84,N
33.01276,-79.88712,306.08,0.59,0.53,2025-01-20,0741,N20,nominal,2.0NRT,274.73,3,N
41.63988,-87.14359,325.02,0.39,0.36,2025-01-20,0739,N20,nominal,2.0NRT,260.22,2.59,N
33.01322,-79.88604,312.38,0.59,0.53,2025-01-20,0741,N20,nominal,2.0NRT,274.94,2.49,N
41.64222,-87.41097,299.38,0.39,0.36,2025-01-20,0739,N20,nominal,2.0NRT,257.76,1.62,N
34.10667,-86.65319,314.82,0.41,0.37,2025-01-20,0741,N20,nominal,2.0NRT,266.98,1.66,N
41.64154,-87.40636,310.85,0.39,0.36,2025-01-20,0739,N20,nominal,2.0NRT,268.71,1.89,N
33.11797,-82.8608,305.62,0.4,0.45,2025-01-20,0741,N20,nominal,2.0NRT,270.43,1.48,N
33.09189,-82.97966,296.55,0.4,0.44,2025-01-20,0741,N20,nominal,2.0NRT,270.35,0.55,N
41.61748,-87.33387,315.24,0.39,0.36,2025-01-20,0739,N20,nominal,2.0NRT,257.6,4.84,N
33.58453,-86.77967,295.94,0.41,0.37,2025-01-20,0741,N20,nominal,2.0NRT,268.48,0.49,N
41.18049,-87.85888,326.68,0.39,0.36,2025-01-20,0739,N20,nominal,2.0NRT,259.19,3.34,N
33.58116,-86.78051,295.75,0.41,0.37,2025-01-20,0741,N20,nominal,2.0NRT,268.55,0.49,N
39.97527,-86.8368,341.89,0.38,0.36,2025-01-20,0739,N20,nominal,2.0NRT,259.41,5.79,N
33.53478,-86.75835,333.24,0.41,0.37,2025-01-20,0741,N20,nominal,2.0NRT,269.09,3.63,N
39.48482,-84.38814,326.69,0.42,0.38,2025-01-20,0739,N20,nominal,2.0NRT,263,2.36,N
39.47039,-84.38744,325.75,0.42,0.38,2025-01-20,0739,N20,nominal,2.0NRT,259.69,3.85,N
33.22338,-86.81639,309.83,0.41,0.37,2025-01-20,0741,N20,nominal,2.0NRT,269.71,1.46,N
37.54083,-76.80658,299.45,0.34,0.56,2025-01-20,0739,N20,nominal,2.0NRT,273.97,0.72,N
33.21881,-86.79021,308.1,0.41,0.37,2025-01-20,0741,N20,nominal,2.0NRT,270.62,1.26,N
37.56971,-78.2828,326.6,0.57,0.52,2025-01-20,0739,N20,nominal,2.0NRT,266.98,2.65,N
33.18142,-86.75832,308.33,0.41,0.37,2025-01-20,0741,N20,nominal,2.0NRT,270.26,1.11,N
38.83509,-84.23833,322.9,0.43,0.38,2025-01-20,0739,N20,nominal,2.0NRT,269.08,2.72,N
33.44216,-88.56922,313.77,0.39,0.36,2025-01-20,0741,N20,nominal,2.0NRT,268.34,1.35,N
37.18141,-77.44785,295.79,0.32,0.55,2025-01-20,0739,N20,nominal,2.0NRT,271.69,0.72,N
33.43888,-88.56997,312.64,0.39,0.36,2025-01-20,0741,N20,nominal,2.0NRT,268.41,1.35,N
34.83945,-79.74191,310.09,0.55,0.51,2025-01-20,0741,N20,nominal,2.0NRT,271.35,2.08,N
33.09441,-86.80537,297.37,0.41,0.37,2025-01-20,0741,N20,nominal,2.0NRT,269.89,0.72,N
36.24661,-88.61359,324.18,0.38,0.36,2025-01-20,0741,N20,nominal,2.0NRT,264.37,1.71,N
33.09103,-86.80621,307.66,0.41,0.37,2025-01-20,0741,N20,nominal,2.0NRT,272.37,1.75,N
34.37638,-79.89169,295.08,0.55,0.51,2025-01-20,0741,N20,nominal,2.0NRT,272.37,1.39,N
32.79691,-88.60667,302.61,0.39,0.36,2025-01-20,0741,N20,nominal,2.0NRT,268.1,1.05,N
32.3145,-90.13567,324.49,0.39,0.36,2025-01-20,0743,N20,nominal,2.0NRT,269.47,2.56,N
30.41948,-83.7875,300.42,0.41,0.45,2025-01-20,0743,N20,nominal,2.0NRT,273.59,0.45,N
31.1631,-87.98121,299.64,0.4,0.37,2025-01-20,0743,N20,nominal,2.0NRT,273.23,0.63,N
31.15044,-87.98846,317.26,0.4,0.37,2025-01-20,0743,N20,nominal,2.0NRT,273.26,1.41,N
31.14973,-87.9843,307.29,0.4,0.37,2025-01-20,0743,N20,nominal,2.0NRT,272.4,1.41,N
30.7806,-86.64803,299.77,0.44,0.39,2025-01-20,0743,N20,nominal,2.0NRT,270.44,0.73,N
30.77711,-86.64886,296.19,0.44,0.39,2025-01-20,0743,N20,nominal,2.0NRT,270.02,0.61,N
30.94609,-88.01128,339.76,0.4,0.37,2025-01-20,0743,N20,nominal,2.0NRT,273.98,4.5,N
30.94274,-88.01205,321.79,0.4,0.37,2025-01-20,0743,N20,nominal,2.0NRT,275.42,4.5,N
30.93939,-88.01282,325.97,0.4,0.37,2025-01-20,0743,N20,nominal,2.0NRT,274.45,1.67,N
30.94011,-88.01698,295.1,0.4,0.37,2025-01-20,0743,N20,nominal,2.0NRT,270.83,1.67,N
32.21919,-101.85033,315.03,0.47,0.64,2025-01-20,0743,N20,nominal,2.0NRT,268.79,2.91,N
32.21412,-101.86615,313.66,0.47,0.64,2025-01-20,0743,N20,nominal,2.0NRT,267.12,2.24,N
32.21326,-101.8509,313.17,0.47,0.64,2025-01-20,0743,N20,nominal,2.0NRT,266.27,2.95,N
32.21297,-101.84586,319.09,0.47,0.64,2025-01-20,0743,N20,nominal,2.0NRT,270.05,2.96,N
30.79328,-89.90975,313.87,0.38,0.36,2025-01-20,0743,N20,nominal,2.0NRT,270.54,1.27,N
31.9962,-101.82856,298.92,0.47,0.64,2025-01-20,0743,N20,nominal,2.0NRT,266.95,0.91,N
32.03227,-103.28246,342.68,0.57,0.69,2025-01-20,0743,N20,nominal,2.0NRT,266.62,6.13,N
32.03088,-103.28407,318.85,0.57,0.69,2025-01-20,0743,N20,nominal,2.0NRT,265.31,3.61,N
32.03058,-103.27795,310.5,0.57,0.69,2025-01-20,0743,N20,nominal,2.0NRT,266.98,3.4,N
31.84709,-101.78435,299.76,0.46,0.64,2025-01-20,0743,N20,nominal,2.0NRT,265.71,0.71,N
30.34176,-88.48838,295.27,0.4,0.37,2025-01-20,0743,N20,nominal,2.0NRT,279.89,1.15,N
31.84884,-101.78261,301.4,0.46,0.64,2025-01-20,0743,N20,nominal,2.0NRT,265.8,1.32,N
31.35326,-96.16974,317.28,0.43,0.46,2025-01-20,0743,N20,nominal,2.0NRT,268.86,2.11,N
31.83842,-103.48235,301.41,0.58,0.7,2025-01-20,0743,N20,nominal,2.0NRT,266.15,1.21,N
30.7504,-92.25286,309.32,0.42,0.38,2025-01-20,0743,N20,nominal,2.0NRT,271.57,0.81,N
30.58307,-91.24158,304.14,0.4,0.37,2025-01-20,0743,N20,nominal,2.0NRT,271.5,1.21,N
30.40311,-90.91524,295.02,0.39,0.36,2025-01-20,0743,N20,nominal,2.0NRT,271.58,0.48,N
30.34752,-91.20966,327.36,0.39,0.36,2025-01-20,0743,N20,nominal,2.0NRT,273.15,2.42,N
30.32601,-91.24184,300.11,0.39,0.36,2025-01-20,0743,N20,nominal,2.0NRT,274.28,1.39,N
30.20908,-91.00638,316.62,0.39,0.36,2025-01-20,0743,N20,nominal,2.0NRT,272.41,1.09,N
30.18645,-90.98859,296.15,0.39,0.36,2025-01-20,0743,N20,nominal,2.0NRT,271.8,1.31,N
30.06331,-90.60142,301.48,0.39,0.36,2025-01-20,0743,N20,nominal,2.0NRT,277.34,0.78,N
30.06271,-90.59744,300.61,0.39,0.36,2025-01-20,0743,N20,nominal,2.0NRT,279.88,1.08,N
30.05317,-90.66904,314.92,0.39,0.36,2025-01-20,0743,N20,nominal,2.0NRT,273.18,1.47,N
29.93404,-89.9425,295.59,0.38,0.36,2025-01-20,0743,N20,nominal,2.0NRT,276.31,0.68,N
30.00272,-90.40514,308.96,0.38,0.36,2025-01-20,0743,N20,nominal,2.0NRT,278.9,0.94,N
30.00211,-90.40118,298.39,0.38,0.36,2025-01-20,0743,N20,nominal,2.0NRT,277.71,0.94,N
29.99918,-90.40478,328.39,0.38,0.36,2025-01-20,0743,N20,nominal,2.0NRT,276.16,3.11,N
29.99796,-90.39687,298.74,0.38,0.36,2025-01-20,0743,N20,nominal,2.0NRT,278.2,0.98,N
29.93205,-89.97446,295.25,0.38,0.36,2025-01-20,0743,N20,nominal,2.0NRT,273.2,0.92,N
30.26171,-93.28727,304.11,0.45,0.39,2025-01-20,0743,N20,nominal,2.0NRT,272.62,0.81,N
30.24208,-93.27639,300.25,0.45,0.39,2025-01-20,0743,N20,nominal,2.0NRT,279.97,1.44,N
30.11484,-93.29603,296.16,0.45,0.39,2025-01-20,0743,N20,nominal,2.0NRT,270.54,0.6,N
29.60574,-89.89002,328.51,0.38,0.36,2025-01-20,0743,N20,nominal,2.0NRT,276.67,4.98,N
29.60511,-89.88609,295.9,0.38,0.36,2025-01-20,0743,N20,nominal,2.0NRT,272.97,4.98,N
29.6037,-89.89857,295.33,0.38,0.36,2025-01-20,0743,N20,nominal,2.0NRT,271.42,0.45,N
29.60041,-89.89925,311.18,0.38,0.36,2025-01-20,0743,N20,nominal,2.0NRT,272.16,1.47,N
30.0445,-93.33475,310.18,0.45,0.39,2025-01-20,0743,N20,nominal,2.0NRT,272.81,1.31,N
30.07368,-94.0595,296.45,0.48,0.4,2025-01-20,0743,N20,nominal,2.0NRT,276.15,1.16,N
29.55468,-90.54349,302.5,0.38,0.36,2025-01-20,0743,N20,nominal,2.0NRT,272.22,0.48,N
29.68461,-91.47508,296.62,0.4,0.37,2025-01-20,0743,N20,nominal,2.0NRT,275.6,0.72,N
30.03135,-94.04198,302.06,0.48,0.4,2025-01-20,0743,N20,nominal,2.0NRT,270.1,1.18,N
29.96452,-93.92675,300.94,0.48,0.4,2025-01-20,0743,N20,nominal,2.0NRT,273.92,0.62,N
29.77019,-93.33451,300.21,0.45,0.39,2025-01-20,0743,N20,nominal,2.0NRT,274.03,0.43,N
29.77073,-93.33183,296.31,0.45,0.39,2025-01-20,0743,N20,nominal,2.0NRT,274.39,0.36,N
29.83534,-93.96273,312.05,0.48,0.4,2025-01-20,0743,N20,nominal,2.0NRT,277.23,1.29,N
29.76386,-93.84026,322.92,0.47,0.4,2025-01-20,0743,N20,nominal,2.0NRT,271.18,2.54,N
29.76325,-93.83541,317.49,0.47,0.4,2025-01-20,0743,N20,nominal,2.0NRT,272.94,2.28,N
29.76091,-93.87545,303.19,0.47,0.4,2025-01-20,0743,N20,nominal,2.0NRT,271.27,1.16,N
29.76029,-93.87059,307.32,0.47,0.4,2025-01-20,0743,N20,nominal,2.0NRT,275.04,1.16,N
29.75789,-93.88094,307.82,0.47,0.4,2025-01-20,0743,N20,nominal,2.0NRT,275.09,1.92,N
29.87388,-94.92857,300.42,0.53,0.42,2025-01-20,0743,N20,nominal,2.0NRT,272.86,1.45,N
29.29069,-91.20096,344.54,0.39,0.36,2025-01-20,0743,N20,nominal,2.0NRT,276.98,6.29,N
29.28737,-91.2016,332.65,0.39,0.36,2025-01-20,0743,N20,nominal,2.0NRT,278.53,6.29,N
29.28584,-91.21421,327.13,0.39,0.36,2025-01-20,0743,N20,nominal,2.0NRT,276.67,6.3,N
29.28525,-91.21022,355.9,0.39,0.36,2025-01-20,0743,N20,nominal,2.0NRT,279.65,13.2,N
29.28252,-91.21486,339.04,0.39,0.36,2025-01-20,0743,N20,nominal,2.0NRT,277.09,6.3,N
29.75006,-95.10303,299.19,0.54,0.42,2025-01-20,0743,N20,nominal,2.0NRT,278.97,1.09,N
29.7411,-95.12712,312.28,0.54,0.42,2025-01-20,0743,N20,nominal,2.0NRT,275.19,1.33,N
29.73732,-95.16188,296.46,0.54,0.42,2025-01-20,0743,N20,nominal,2.0NRT,274.61,1.17,N
29.60037,-95.01505,296.17,0.53,0.42,2025-01-20,0743,N20,nominal,2.0NRT,274.04,0.76,N
29.37577,-94.93761,300.77,0.52,0.42,2025-01-20,0743,N20,nominal,2.0NRT,280.23,1.54,N
29.37318,-94.91611,310.27,0.52,0.42,2025-01-20,0743,N20,nominal,2.0NRT,275.3,1.53,N
29.61449,-97.11199,298.55,0.46,0.47,2025-01-20,0743,N20,nominal,2.0NRT,268.33,0.77,N
29.36872,-94.91135,298.06,0.52,0.42,2025-01-20,0743,N20,nominal,2.0NRT,279.58,1.32,N
29.57628,-98.03537,324.06,0.52,0.5,2025-01-20,0743,N20,nominal,2.0NRT,271.2,2.97,N
29.22762,-95.2021,320.33,0.54,0.42,2025-01-20,0743,N20,nominal,2.0NRT,272.93,2.31,N
29.34202,-97.11199,301.88,0.46,0.47,2025-01-20,0743,N20,nominal,2.0NRT,270.87,1.29,N
29.00491,-95.40417,296.2,0.55,0.42,2025-01-20,0743,N20,nominal,2.0NRT,273.49,0.7,N
29.29369,-98.33167,302.51,0.54,0.51,2025-01-20,0743,N20,nominal,2.0NRT,277.37,1.75,N
28.02912,-89.20844,306.38,0.4,0.37,2025-01-20,0743,N20,nominal,2.0NRT,285.43,5.01,N
28.02579,-89.20914,339.23,0.4,0.37,2025-01-20,0743,N20,nominal,2.0NRT,285.83,5.01,N
28.02645,-89.21312,301.22,0.4,0.37,2025-01-20,0743,N20,nominal,2.0NRT,283.33,5.01,N
28.94015,-97.88572,299.43,0.5,0.49,2025-01-20,0743,N20,nominal,2.0NRT,269.47,0.78,N
28.91721,-98.03345,295.27,0.51,0.5,2025-01-20,0743,N20,nominal,2.0NRT,268.66,0.39,N
28.70155,-96.54478,320.09,0.42,0.45,2025-01-20,0743,N20,nominal,2.0NRT,275.34,2.15,N
28.84359,-97.98978,296.14,0.51,0.49,2025-01-20,0743,N20,nominal,2.0NRT,270.15,0.55,N
28.71338,-98.22015,308.21,0.52,0.5,2025-01-20,0743,N20,nominal,2.0NRT,270.71,1.44,N
28.56685,-98.43353,304.27,0.54,0.51,2025-01-20,0743,N20,nominal,2.0NRT,270.99,0.69,N
28.52838,-98.74652,296.9,0.56,0.51,2025-01-20,0743,N20,nominal,2.0NRT,271.4,1.03,N
28.48117,-100.01109,301.59,0.33,0.56,2025-01-20,0743,N20,nominal,2.0NRT,272.81,0.38,N
28.18208,-99.87515,303.46,0.33,0.55,2025-01-20,0743,N20,nominal,2.0NRT,271.41,0.46,N
28.17178,-99.81619,295.07,0.32,0.55,2025-01-20,0743,N20,nominal,2.0NRT,272.46,0.27,N
27.8929,-97.27221,299.46,0.45,0.47,2025-01-20,0743,N20,nominal,2.0NRT,274.83,0.91,N
27.82973,-97.19426,315.9,0.44,0.46,2025-01-20,0743,N20,nominal,2.0NRT,271.85,1.35,N
27.82266,-97.20905,325.47,0.44,0.46,2025-01-20,0743,N20,nominal,2.0NRT,278.3,2.38,N
27.57167,-97.82256,319.24,0.48,0.48,2025-01-20,0743,N20,nominal,2.0NRT,275.59,2.04,N
27.46609,-97.58633,313.07,0.46,0.47,2025-01-20,0743,N20,nominal,2.0NRT,273.14,1.4,N
27.46558,-97.58164,314.82,0.46,0.47,2025-01-20,0743,N20,nominal,2.0NRT,273.79,1.66,N
27.46173,-97.58691,295.59,0.46,0.47,2025-01-20,0743,N20,nominal,2.0NRT,272.29,1.4,N
27.46122,-97.58222,300.37,0.46,0.47,2025-01-20,0743,N20,nominal,2.0NRT,272.35,1.66,N
27.27232,-101.17069,302.66,0.38,0.59,2025-01-20,0743,N20,nominal,2.0NRT,272.19,0.71,N
27.27074,-101.17042,303.1,0.38,0.59,2025-01-20,0743,N20,nominal,2.0NRT,272.71,0.73,N
23.08801,-81.27139,317.66,0.41,0.6,2025-01-20,0743,N20,nominal,2.0NRT,283.67,1.22,N
23.08749,-81.27172,313.3,0.41,0.6,2025-01-20,0743,N20,nominal,2.0NRT,282.41,1.19,N
22.69748,-80.54029,303.46,0.46,0.63,2025-01-20,0743,N20,nominal,2.0NRT,284.69,0.87,N
22.69665,-80.53979,302.2,0.46,0.64,2025-01-20,0743,N20,nominal,2.0NRT,284.44,0.97,N
22.66354,-81.0024,295.93,0.43,0.62,2025-01-20,0745,N20,nominal,2.0NRT,274.72,0.38,N
21.92568,-78.65949,296.41,0.63,0.72,2025-01-20,0745,N20,nominal,2.0NRT,273.16,0.89,N
24.1608,-106.20862,299.61,0.74,0.76,2025-01-20,0745,N20,nominal,2.0NRT,272.9,1.28,N
24.16046,-106.20279,296.47,0.74,0.76,2025-01-20,0745,N20,nominal,2.0NRT,271.56,1.28,N
24.16347,-106.2076,299.57,0.74,0.76,2025-01-20,0745,N20,nominal,2.0NRT,272.98,2.01,N
23.86656,-103.05947,346.99,0.47,0.64,2025-01-20,0745,N20,nominal,2.0NRT,276.53,7.38,N
23.86069,-103.06036,300.83,0.47,0.64,2025-01-20,0745,N20,nominal,2.0NRT,271.4,1.38,N
23.86186,-103.05858,343.2,0.47,0.64,2025-01-20,0745,N20,nominal,2.0NRT,277.86,6.53,N
20.7712,-100.278,310.45,0.57,0.52,2025-01-20,0745,N20,nominal,2.0NRT,276.66,2.38,N
19.39832,-92.04238,304.53,0.39,0.36,2025-01-20,0745,N20,nominal,2.0NRT,275.7,1.23,N
19.39501,-92.04297,303.83,0.39,0.36,2025-01-20,0745,N20,nominal,2.0NRT,276.02,1.23,N
20.57912,-101.17365,326.75,0.32,0.55,2025-01-20,0745,N20,nominal,2.0NRT,259.44,2.44,N
20.52702,-100.92641,304.27,0.62,0.54,2025-01-20,0745,N20,nominal,2.0NRT,279.39,1.79,N
20.6017,-103.34758,303.8,0.45,0.63,2025-01-20,0745,N20,nominal,2.0NRT,284.31,1.12,N
20.6013,-103.34745,302.47,0.45,0.63,2025-01-20,0745,N20,nominal,2.0NRT,283.36,0.93,N
20.05124,-99.29209,322.21,0.48,0.48,2025-01-20,0745,N20,nominal,2.0NRT,280.9,4.38,N
20.04956,-99.27826,299.49,0.48,0.48,2025-01-20,0745,N20,nominal,2.0NRT,285.06,2.71,N
20.03135,-99.27571,296.58,0.48,0.48,2025-01-20,0745,N20,nominal,2.0NRT,278.46,1.63,N
19.99963,-99.15984,301.26,0.47,0.48,2025-01-20,0745,N20,nominal,2.0NRT,279.22,0.98,N
19.92272,-99.22704,316.32,0.47,0.48,2025-01-20,0745,N20,nominal,2.0NRT,278.02,1.7,N
19.74695,-98.60352,302.88,0.43,0.46,2025-01-20,0745,N20,nominal,2.0NRT,278.86,0.79,N
18.86879,-92.62426,328.19,0.38,0.36,2025-01-20,0745,N20,nominal,2.0NRT,287.92,1.66,N
18.86822,-92.62064,298.59,0.38,0.36,2025-01-20,0745,N20,nominal,2.0NRT,287.64,1.66,N
19.17723,-98.32124,314.58,0.41,0.45,2025-01-20,0745,N20,nominal,2.0NRT,274.52,3,N
18.97036,-97.96574,304.89,0.38,0.44,2025-01-20,0745,N20,nominal,2.0NRT,275.92,0.9,N
19.02372,-98.62303,339.18,0.42,0.45,2025-01-20,0745,N20,nominal,2.0NRT,268.37,5.55,N
18.81581,-97.88316,295.63,0.57,0.43,2025-01-20,0745,N20,nominal,2.0NRT,277.94,0.88,N
18.81311,-97.88549,298.34,0.57,0.43,2025-01-20,0745,N20,nominal,2.0NRT,277.76,0.77,N
17.90914,-93.18068,299.65,0.38,0.36,2025-01-20,0745,N20,nominal,2.0NRT,283.49,1.05,N
17.9064,-93.18484,307.58,0.38,0.36,2025-01-20,0745,N20,nominal,2.0NRT,287.37,2.71,N
17.90584,-93.18124,309.8,0.38,0.36,2025-01-20,0745,N20,nominal,2.0NRT,284.29,2.31,N
17.90311,-93.1854,335.82,0.38,0.36,2025-01-20,0745,N20,nominal,2.0NRT,285.25,2.71,N
17.90254,-93.18181,335.17,0.38,0.36,2025-01-20,0745,N20,nominal,2.0NRT,283.85,2.31,N
17.90368,-93.189,306.41,0.38,0.36,2025-01-20,0745,N20,nominal,2.0NRT,288.38,2.71,N
17.90198,-93.17821,301.63,0.38,0.36,2025-01-20,0745,N20,nominal,2.0NRT,279.13,2.31,N
17.89981,-93.18597,334.46,0.38,0.36,2025-01-20,0745,N20,nominal,2.0NRT,286.68,1.55,N
17.90094,-93.19317,303.39,0.38,0.36,2025-01-20,0745,N20,nominal,2.0NRT,289.31,1.02,N
17.90038,-93.18957,311.65,0.38,0.36,2025-01-20,0745,N20,nominal,2.0NRT,288.85,1.55,N
17.89925,-93.18237,315.07,0.38,0.36,2025-01-20,0745,N20,nominal,2.0NRT,280.93,1.24,N
17.89765,-93.19374,305.73,0.38,0.36,2025-01-20,0745,N20,nominal,2.0NRT,289.14,1.02,N
17.89708,-93.19013,312.74,0.38,0.36,2025-01-20,0745,N20,nominal,2.0NRT,288.33,1.55,N
17.89652,-93.18653,317.46,0.38,0.36,2025-01-20,0745,N20,nominal,2.0NRT,287.87,1.55,N
17.89595,-93.18293,307.76,0.38,0.36,2025-01-20,0745,N20,nominal,2.0NRT,282.14,1.24,N
17.89539,-93.17933,302.27,0.38,0.36,2025-01-20,0745,N20,nominal,2.0NRT,286.45,1.24,N
17.89482,-93.17574,309.04,0.38,0.36,2025-01-20,0745,N20,nominal,2.0NRT,284.27,1.62,N
17.89322,-93.1871,334.19,0.38,0.36,2025-01-20,0745,N20,nominal,2.0NRT,288.5,2.94,N
17.89435,-93.1943,307.48,0.38,0.36,2025-01-20,0745,N20,nominal,2.0NRT,288.46,3.83,N
17.89379,-93.1907,315.38,0.38,0.36,2025-01-20,0745,N20,nominal,2.0NRT,287.95,2.94,N
17.89266,-93.1835,310.08,0.38,0.36,2025-01-20,0745,N20,nominal,2.0NRT,282.9,4.19,N
17.89106,-93.19486,344.52,0.38,0.36,2025-01-20,0745,N20,nominal,2.0NRT,291.12,3.83,N
17.89049,-93.19126,309.77,0.38,0.36,2025-01-20,0745,N20,nominal,2.0NRT,288.53,2.94,N
17.88993,-93.18766,302.14,0.38,0.36,2025-01-20,0745,N20,nominal,2.0NRT,287.72,2.94,N
18.67696,-99.16634,300.97,0.45,0.47,2025-01-20,0745,N20,nominal,2.0NRT,287.94,0.59,N
18.60371,-98.81104,297.37,0.43,0.46,2025-01-20,0745,N20,nominal,2.0NRT,280.93,0.43,N
19.00751,-104.26337,314.16,0.49,0.65,2025-01-20,0745,N20,nominal,2.0NRT,291.63,1.2,N
19.01168,-104.26433,308.56,0.49,0.65,2025-01-20,0745,N20,nominal,2.0NRT,291.51,1.48,N
18.74054,-102.76906,300.23,0.39,0.59,2025-01-20,0745,N20,nominal,2.0NRT,288.78,0.51,N
18.73927,-102.76927,301.73,0.39,0.59,2025-01-20,0745,N20,nominal,2.0NRT,288.94,0.5,N
17.95445,-100.81101,305.64,0.56,0.52,2025-01-20,0748,N20,nominal,2.0NRT,290.07,1.7,N
17.94896,-102.20777,302.06,0.35,0.57,2025-01-20,0748,N20,nominal,2.0NRT,291,0.81,N
17.9441,-102.21175,306.14,0.35,0.57,2025-01-20,0748,N20,nominal,2.0NRT,292.14,0.86,N
17.94375,-102.20844,305.63,0.35,0.57,2025-01-20,0748,N20,nominal,2.0NRT,293.17,0.86,N
17.92741,-102.20377,307.51,0.35,0.57,2025-01-20,0748,N20,nominal,2.0NRT,292.11,0.76,N
17.94303,-102.20845,305.86,0.35,0.57,2025-01-20,0748,N20,nominal,2.0NRT,291.79,1.7,N
17.9367,-102.1992,304.39,0.35,0.56,2025-01-20,0748,N20,nominal,2.0NRT,293.31,1.25,N
34.61004,-117.33614,301.94,0.44,0.38,2025-01-20,0924,N20,nominal,2.0NRT,273.77,1.28,N
31.83192,-103.48114,303.64,0.4,0.6,2025-01-20,0924,N20,nominal,2.0NRT,264.75,0.77,N
31.85016,-103.64423,301.38,0.39,0.59,2025-01-20,0924,N20,nominal,2.0NRT,266.23,0.85,N
48.18139,-102.84045,326.49,0.53,0.42,2025-01-20,0919,N20,nominal,2.0NRT,245.25,3.96,N
33.4179,-110.86034,337.7,0.45,0.39,2025-01-20,0924,N20,nominal,2.0NRT,279.29,13.58,N
48.18246,-102.83835,327.43,0.53,0.42,2025-01-20,0919,N20,nominal,2.0NRT,244.14,3.31,N
33.41438,-110.86124,296.59,0.45,0.39,2025-01-20,0924,N20,nominal,2.0NRT,272.69,0.94,N
47.95292,-104.04462,320.96,0.48,0.4,2025-01-20,0919,N20,nominal,2.0NRT,247.32,2.82,N
34.35435,-116.85435,298.14,0.42,0.38,2025-01-20,0924,N20,nominal,2.0NRT,274.82,1,N
48.88839,-122.74075,301.82,0.37,0.58,2025-01-20,0919,N20,nominal,2.0NRT,277.65,1.21,N
33.67739,-112.47636,295.48,0.4,0.37,2025-01-20,0924,N20,nominal,2.0NRT,273.97,0.47,N
47.57195,-122.37255,298.21,0.34,0.56,2025-01-20,0919,N20,nominal,2.0NRT,270.98,0.46,N
28.34426,-100.04409,297.29,0.77,0.77,2025-01-20,0924,N20,nominal,2.0NRT,270.23,0.73,N
47.57081,-122.3456,304.53,0.34,0.56,2025-01-20,0919,N20,nominal,2.0NRT,271.98,0.8,N
44.76517,-104.33247,320.04,0.54,0.42,2025-01-20,0919,N20,nominal,2.0NRT,248.49,3.65,N
30.49645,-109.6291,323.27,0.38,0.43,2025-01-20,0924,N20,nominal,2.0NRT,280.53,19.86,N
44.88054,-120.14371,323.05,0.51,0.49,2025-01-20,0921,N20,nominal,2.0NRT,264.64,5.13,N
30.49742,-109.63395,307.24,0.57,0.43,2025-01-20,0924,N20,nominal,2.0NRT,270.96,9.07,N
30.6898,-111.82744,329.94,0.45,0.39,2025-01-20,0924,N20,nominal,2.0NRT,277.76,5.78,N
45.00094,-123.97559,299.46,0.39,0.6,2025-01-20,0921,N20,nominal,2.0NRT,275.15,0.51,N
28.68691,-106.08823,309.82,0.33,0.55,2025-01-20,0924,N20,nominal,2.0NRT,275.78,1.02,N
45.00158,-123.97331,298.4,0.39,0.6,2025-01-20,0921,N20,nominal,2.0NRT,274.78,0.44,N
42.68651,-111.59393,324.65,0.38,0.36,2025-01-20,0921,N20,nominal,2.0NRT,251.58,11.18,N
19.0078,-104.25978,314.91,0.7,0.75,2025-01-20,0928,N20,nominal,2.0NRT,290.77,3.28,N
39.61927,-119.26302,303.07,0.4,0.45,2025-01-20,0921,N20,nominal,2.0NRT,268.03,0.66,N
19.00733,-104.26365,302.55,0.7,0.75,2025-01-20,0928,N20,nominal,2.0NRT,290.36,2.21,N
37.02704,-120.19558,299.58,0.42,0.45,2025-01-20,0924,N20,nominal,2.0NRT,275.18,0.66,N
32.21528,-101.84251,324.39,0.48,0.65,2025-01-20,0924,N20,nominal,2.0NRT,266.71,3.09,N
32.20956,-101.8446,320.84,0.48,0.65,2025-01-20,0924,N20,nominal,2.0NRT,265.36,2.33,N
32.15234,-101.93506,347.17,0.48,0.65,2025-01-20,0924,N20,nominal,2.0NRT,266.04,10.44,N
32.15102,-101.93021,344.95,0.48,0.65,2025-01-20,0924,N20,nominal,2.0NRT,267.89,10.18,N
32.1529,-101.93295,367,0.48,0.65,2025-01-20,0924,N20,high,2.0NRT,269.53,10.67,N
32.02544,-103.27711,326.41,0.41,0.6,2025-01-20,0924,N20,nominal,2.0NRT,266.2,2.41,N
31.6716,-101.98331,327.31,0.49,0.65,2025-01-20,0924,N20,nominal,2.0NRT,267.13,2.76,N
31.66587,-101.98544,330.03,0.49,0.65,2025-01-20,0924,N20,nominal,2.0NRT,264.94,3.49,N
34.62289,-117.10146,301.7,0.43,0.38,2025-01-20,0924,N20,nominal,2.0NRT,274.72,0.96,N
19.41608,-155.28027,321.71,0.52,0.67,2025-01-20,1110,N20,nominal,2.0NRT,298.76,10.19,N
19.41565,-155.27559,347.91,0.52,0.67,2025-01-20,1110,N20,nominal,2.0NRT,311.4,10.42,N
19.41648,-155.28467,299.97,0.52,0.67,2025-01-20,1110,N20,nominal,2.0NRT,289.77,10.19,N
19.41521,-155.27074,310.36,0.52,0.67,2025-01-20,1110,N20,nominal,2.0NRT,296.71,10.42,N
19.41079,-155.29041,327.66,0.52,0.67,2025-01-20,1110,N20,nominal,2.0NRT,291.65,12.36,N
19.41038,-155.28586,367,0.52,0.67,2025-01-20,1110,N20,high,2.0NRT,329.78,10.19,N
19.40995,-155.28117,328.35,0.52,0.67,2025-01-20,1110,N20,nominal,2.0NRT,308.89,10.19,N
19.40951,-155.27631,367,0.52,0.67,2025-01-20,1110,N20,high,2.0NRT,316.43,10.42,N
19.40466,-155.2914,353.75,0.52,0.67,2025-01-20,1110,N20,nominal,2.0NRT,302.44,17.87,N
19.40425,-155.28683,367,0.52,0.67,2025-01-20,1110,N20,high,2.0NRT,320.11,12.04,N
19.40382,-155.28197,319.72,0.52,0.67,2025-01-20,1110,N20,nominal,2.0NRT,298.32,12.04,N
47.57198,-122.37293,318.13,0.32,0.54,2025-01-20,1100,N20,nominal,2.0NRT,270.76,1.51,N
47.57072,-122.3684,298.25,0.32,0.54,2025-01-20,1100,N20,nominal,2.0NRT,271.52,1.23,N
47.47061,-122.05056,316.62,0.33,0.55,2025-01-20,1100,N20,nominal,2.0NRT,269.47,0.99,N
44.06257,-122.98369,295.8,0.38,0.59,2025-01-20,1102,N20,nominal,2.0NRT,269.76,0.41,N
19.4148,-155.28561,332.98,0.66,0.73,2025-01-20,1250,N20,nominal,2.0NRT,303.11,9.49,N
19.4131,-155.27863,331.41,0.66,0.73,2025-01-20,1250,N20,nominal,2.0NRT,307.06,9.49,N
19.41652,-155.29272,301.26,0.66,0.73,2025-01-20,1250,N20,nominal,2.0NRT,283.39,3.68,N
19.41616,-155.27872,333.71,0.66,0.73,2025-01-20,1250,N20,nominal,2.0NRT,306.63,9.94,N
19.41792,-155.28619,317.41,0.66,0.73,2025-01-20,1250,N20,nominal,2.0NRT,294.35,7.78,N
19.41282,-155.2941,333.54,0.66,0.73,2025-01-20,1250,N20,nominal,2.0NRT,291.67,11.74,N
19.41116,-155.28705,335.31,0.66,0.73,2025-01-20,1250,N20,nominal,2.0NRT,311.85,11.74,N
19.40958,-155.28036,346.87,0.66,0.73,2025-01-20,1250,N20,nominal,2.0NRT,311.08,18.75,N
19.40617,-155.29541,337.33,0.66,0.73,2025-01-20,1250,N20,nominal,2.0NRT,290.6,11.74,N
19.40448,-155.28828,336.85,0.66,0.73,2025-01-20,1250,N20,nominal,2.0NRT,308.7,11.74,N
33.01714,-79.87926,343.99,0.63,0.72,2025-01-20,1719,N20,nominal,2.0NRT,279.86,11.38,D
33.01533,-79.88567,350.52,0.63,0.72,2025-01-20,1719,N20,nominal,2.0NRT,280.27,12.34,D
33.01647,-79.88023,354.95,0.62,0.72,2025-01-20,1719,N20,nominal,2.0NRT,279.93,8.66,D
33.01463,-79.88663,336.8,0.63,0.72,2025-01-20,1719,N20,nominal,2.0NRT,279.74,8.66,D
35.0333,-79.40616,325.4,0.52,0.67,2025-01-20,1721,N20,nominal,2.0NRT,275.33,4.78,D
35.0344,-79.4075,327.1,0.52,0.67,2025-01-20,1721,N20,nominal,2.0NRT,275.82,2.89,D
37.16627,-77.69595,351.81,0.37,0.58,2025-01-20,1721,N20,nominal,2.0NRT,281.36,17.76,D
41.5964,-71.94157,326.86,0.47,0.4,2025-01-20,1721,N20,nominal,2.0NRT,266.4,1.35,D
41.59778,-71.93837,325.72,0.47,0.4,2025-01-20,1721,N20,nominal,2.0NRT,268.16,4.5,D
43.64932,-70.41122,337,0.4,0.37,2025-01-20,1721,N20,nominal,2.0NRT,266.34,3.36,D
18.06854,-66.81208,340.59,0.43,0.46,2025-01-20,1715,N20,nominal,2.0NRT,298.42,5.39,D
17.79002,-71.37252,328.69,0.43,0.62,2025-01-20,1715,N20,nominal,2.0NRT,295.41,4.38,D
18.29215,-71.19122,367,0.41,0.61,2025-01-20,1715,N20,high,2.0NRT,297.44,7.4,D
18.50946,-70.69537,349.24,0.38,0.58,2025-01-20,1715,N20,nominal,2.0NRT,293.98,9.17,D
18.50837,-70.70071,346.06,0.38,0.58,2025-01-20,1715,N20,nominal,2.0NRT,297.05,9.02,D
18.52703,-70.74438,327.74,0.38,0.59,2025-01-20,1715,N20,nominal,2.0NRT,296.84,1.36,D
18.65785,-71.30537,329.32,0.41,0.61,2025-01-20,1715,N20,nominal,2.0NRT,295.74,2.77,D
18.66462,-72.11555,367,0.46,0.64,2025-01-20,1715,N20,high,2.0NRT,302.6,20.4,D
18.66649,-72.10676,329.46,0.46,0.64,2025-01-20,1715,N20,low,2.0NRT,299.91,10.4,D
18.6687,-72.12459,367,0.46,0.64,2025-01-20,1715,N20,high,2.0NRT,299.14,13.5,D
18.65929,-72.11378,338,0.46,0.64,2025-01-20,1715,N20,nominal,2.0NRT,301.57,6.51,D
18.66512,-72.11468,367,0.46,0.64,2025-01-20,1715,N20,high,2.0NRT,300.27,8.74,D
18.66414,-72.11911,337.89,0.46,0.64,2025-01-20,1715,N20,nominal,2.0NRT,301.51,8.74,D
18.6692,-72.12348,341.29,0.46,0.64,2025-01-20,1715,N20,nominal,2.0NRT,297.72,7.29,D
18.66831,-72.12753,343.07,0.46,0.64,2025-01-20,1715,N20,nominal,2.0NRT,298.81,7.29,D
18.72176,-72.35565,334.83,0.48,0.64,2025-01-20,1715,N20,nominal,2.0NRT,301.66,5.95,D
18.72661,-72.36144,350.05,0.48,0.64,2025-01-20,1715,N20,nominal,2.0NRT,303.7,5.95,D
18.72042,-72.35785,329.25,0.48,0.64,2025-01-20,1715,N20,nominal,2.0NRT,301.86,4.54,D
18.72633,-72.35877,344.89,0.48,0.64,2025-01-20,1715,N20,nominal,2.0NRT,302.25,4.54,D
18.72523,-72.3637,336.61,0.48,0.64,2025-01-20,1715,N20,nominal,2.0NRT,302.83,5.78,D
18.73114,-72.36461,333.9,0.48,0.64,2025-01-20,1715,N20,nominal,2.0NRT,301.75,3.79,D
18.80052,-72.35408,349.4,0.48,0.64,2025-01-20,1715,N20,nominal,2.0NRT,301.66,6.29,D
18.80524,-72.36043,367,0.48,0.64,2025-01-20,1715,N20,high,2.0NRT,302.97,17.68,D
18.98325,-72.31943,331.83,0.47,0.64,2025-01-20,1715,N20,nominal,2.0NRT,302.22,3.13,D
19.10421,-72.45777,329.69,0.48,0.64,2025-01-20,1715,N20,nominal,2.0NRT,299.41,2.71,D
19.24751,-72.21731,367,0.46,0.63,2025-01-20,1715,N20,high,2.0NRT,299.8,7.52,D
19.25227,-72.22293,332.24,0.46,0.63,2025-01-20,1715,N20,nominal,2.0NRT,298.8,7.52,D
19.4818,-71.81963,331.19,0.42,0.61,2025-01-20,1715,N20,nominal,2.0NRT,292.49,2.39,D
20.55282,-76.31677,330.85,0.78,0.78,2025-01-20,1715,N20,nominal,2.0NRT,293.31,6.49,D
20.55015,-76.316,331.85,0.78,0.78,2025-01-20,1715,N20,nominal,2.0NRT,294.18,4.5,D
29.15134,-82.28356,335.56,0.45,0.47,2025-01-20,1900,N20,nominal,2.0NRT,288,8.41,D
29.50091,-82.55728,338.1,0.44,0.46,2025-01-20,1900,N20,nominal,2.0NRT,285.89,3.32,D
29.2923,-91.20343,345.28,0.41,0.37,2025-01-20,1900,N20,nominal,2.0NRT,284.75,11.23,D
29.2916,-91.2076,333.58,0.41,0.37,2025-01-20,1900,N20,nominal,2.0NRT,281.03,11.23,D
29.29638,-91.2,326.85,0.41,0.37,2025-01-20,1900,N20,nominal,2.0NRT,281.04,6.01,D
29.29568,-91.20417,338.17,0.41,0.37,2025-01-20,1900,N20,nominal,2.0NRT,286.18,11.23,D
29.38094,-91.11831,330.48,0.41,0.37,2025-01-20,1900,N20,nominal,2.0NRT,281.69,2.5,D
30.44231,-85.64072,329.61,0.47,0.4,2025-01-20,1900,N20,nominal,2.0NRT,286.98,3.89,D
30.44595,-85.64131,339.57,0.47,0.4,2025-01-20,1900,N20,nominal,2.0NRT,288.05,3.89,D
30.44534,-85.64618,338.86,0.47,0.4,2025-01-20,1900,N20,nominal,2.0NRT,290.88,6.83,D
30.44958,-85.64191,353.14,0.47,0.4,2025-01-20,1900,N20,nominal,2.0NRT,292.17,10.9,D
30.44897,-85.64678,348.07,0.47,0.4,2025-01-20,1900,N20,nominal,2.0NRT,290.58,6.35,D
30.45321,-85.64251,354.71,0.47,0.4,2025-01-20,1900,N20,nominal,2.0NRT,291.66,10.9,D
30.4526,-85.64738,341.02,0.47,0.4,2025-01-20,1900,N20,nominal,2.0NRT,288.32,6.35,D
30.45623,-85.64798,367,0.47,0.4,2025-01-20,1900,N20,high,2.0NRT,293.69,18.39,D
30.73663,-83.30943,329.24,0.41,0.45,2025-01-20,1900,N20,nominal,2.0NRT,284.5,3.68,D
30.73427,-83.31275,331.85,0.41,0.45,2025-01-20,1900,N20,nominal,2.0NRT,287.24,3.81,D
30.73356,-84.36688,325.79,0.54,0.42,2025-01-20,1900,N20,nominal,2.0NRT,298.18,48.62,D
30.7329,-84.37255,337.15,0.54,0.42,2025-01-20,1900,N20,nominal,2.0NRT,285.1,12.71,D
30.36498,-87.30312,345.76,0.41,0.37,2025-01-20,1900,N20,nominal,2.0NRT,282.6,5.92,D
30.3644,-87.30737,355.87,0.41,0.37,2025-01-20,1900,N20,nominal,2.0NRT,289.39,17.86,D
30.36549,-87.30201,339.32,0.41,0.37,2025-01-20,1900,N20,nominal,2.0NRT,282.96,6.12,D
30.36492,-87.30627,355.56,0.41,0.37,2025-01-20,1900,N20,nominal,2.0NRT,289.9,30.53,D
30.36435,-87.31052,333.72,0.41,0.37,2025-01-20,1900,N20,nominal,2.0NRT,285.3,30.53,D
30.36946,-87.29837,331.27,0.41,0.37,2025-01-20,1900,N20,nominal,2.0NRT,284.36,6.12,D
30.36889,-87.30263,351.63,0.41,0.37,2025-01-20,1900,N20,nominal,2.0NRT,285.89,6.12,D
30.36832,-87.30687,348.34,0.41,0.37,2025-01-20,1900,N20,nominal,2.0NRT,295.86,30.53,D
30.36718,-87.31538,328.22,0.41,0.37,2025-01-20,1900,N20,nominal,2.0NRT,284.41,3.21,D
30.73406,-84.36859,341.31,0.54,0.42,2025-01-20,1900,N20,nominal,2.0NRT,299.83,65.05,D
30.86595,-84.04519,355.31,0.57,0.43,2025-01-20,1900,N20,nominal,2.0NRT,286.48,15.83,D
30.00005,-90.40281,328.65,0.39,0.36,2025-01-20,1900,N20,nominal,2.0NRT,283.46,3.29,D
29.99941,-90.40682,328.48,0.39,0.36,2025-01-20,1900,N20,nominal,2.0NRT,283.84,2.24,D
30.86476,-84.04101,330.07,0.57,0.43,2025-01-20,1900,N20,nominal,2.0NRT,282.18,10.16,D
30.86413,-84.04692,344.48,0.57,0.43,2025-01-20,1900,N20,nominal,2.0NRT,284.96,10.16,D
30.66859,-86.24178,325.96,0.45,0.39,2025-01-20,1900,N20,nominal,2.0NRT,282.34,5.7,D
30.668,-86.24644,344.94,0.45,0.39,2025-01-20,1900,N20,nominal,2.0NRT,285.94,5.7,D
30.67214,-86.24239,328.62,0.45,0.39,2025-01-20,1900,N20,nominal,2.0NRT,283.27,5.7,D
30.67155,-86.24705,343.14,0.45,0.39,2025-01-20,1900,N20,nominal,2.0NRT,285.57,5.7,D
30.67095,-86.2517,351.88,0.45,0.39,2025-01-20,1900,N20,nominal,2.0NRT,287.01,26.7,D
30.67036,-86.25636,353,0.45,0.39,2025-01-20,1900,N20,nominal,2.0NRT,297.64,26.7,D
30.66977,-86.261,343.01,0.45,0.39,2025-01-20,1900,N20,nominal,2.0NRT,285.84,9.57,D
30.66917,-86.26565,341.18,0.45,0.39,2025-01-20,1900,N20,nominal,2.0NRT,286.61,9.57,D
30.67568,-86.24298,331.62,0.45,0.39,2025-01-20,1900,N20,nominal,2.0NRT,284.72,9.24,D
30.67509,-86.24764,342.79,0.45,0.39,2025-01-20,1900,N20,nominal,2.0NRT,288.03,9.24,D
30.67449,-86.2523,329.89,0.45,0.39,2025-01-20,1900,N20,nominal,2.0NRT,297.48,22.9,D
30.6739,-86.25695,342.75,0.45,0.39,2025-01-20,1900,N20,nominal,2.0NRT,295.43,22.9,D
18.05761,-77.83245,331.81,0.63,0.54,2025-01-20,1855,N20,nominal,2.0NRT,292.64,8.61,D
30.67331,-86.2616,353.31,0.45,0.39,2025-01-20,1900,N20,nominal,2.0NRT,288.68,19.6,D
18.0626,-77.83301,340.51,0.63,0.54,2025-01-20,1855,N20,nominal,2.0NRT,294.82,8.61,D
30.67212,-86.27089,350.55,0.45,0.39,2025-01-20,1900,N20,nominal,2.0NRT,285.12,36.03,D
18.06192,-77.83897,339.79,0.63,0.54,2025-01-20,1855,N20,nominal,2.0NRT,295.29,8.61,D
30.67153,-86.27554,346.42,0.45,0.39,2025-01-20,1900,N20,nominal,2.0NRT,299.96,36.03,D
18.05272,-77.83568,329.1,0.63,0.54,2025-01-20,1855,N20,nominal,2.0NRT,293.81,6.02,D
30.67094,-86.28019,348.08,0.45,0.39,2025-01-20,1900,N20,nominal,2.0NRT,298.39,29.36,D
18.05771,-77.83626,346.59,0.63,0.54,2025-01-20,1855,N20,nominal,2.0NRT,295.98,6.02,D
30.67923,-86.24356,333.24,0.45,0.39,2025-01-20,1900,N20,nominal,2.0NRT,282.52,9.24,D
18.0627,-77.83684,352.21,0.63,0.54,2025-01-20,1855,N20,nominal,2.0NRT,295.19,10.95,D
30.67863,-86.24824,330.51,0.45,0.39,2025-01-20,1900,N20,nominal,2.0NRT,283.32,9.24,D
18.66685,-72.11062,343.82,0.76,0.77,2025-01-20,1855,N20,nominal,2.0NRT,297.67,23.95,D
30.67804,-86.25289,345.49,0.45,0.39,2025-01-20,1900,N20,nominal,2.0NRT,285.55,22.9,D
18.66628,-72.11775,351.91,0.76,0.77,2025-01-20,1855,N20,nominal,2.0NRT,300.6,23.75,D
30.67745,-86.25755,331.16,0.45,0.39,2025-01-20,1900,N20,nominal,2.0NRT,285.07,22.9,D
18.17508,-77.73753,350.1,0.32,0.55,2025-01-20,1855,N20,nominal,2.0NRT,299.17,5.2,D
30.67685,-86.26219,347.77,0.45,0.39,2025-01-20,1900,N20,nominal,2.0NRT,288.47,19.6,D
18.1748,-77.73878,340.48,0.32,0.55,2025-01-20,1855,N20,nominal,2.0NRT,298.53,5.41,D
30.67566,-86.27148,335.08,0.45,0.39,2025-01-20,1900,N20,nominal,2.0NRT,296.93,36.03,D
18.73007,-72.35656,367,0.74,0.76,2025-01-20,1855,N20,high,2.0NRT,299.26,19.99,D
30.67507,-86.27613,346.08,0.45,0.39,2025-01-20,1900,N20,nominal,2.0NRT,299.38,36.03,D
18.72962,-72.36212,346.56,0.74,0.76,2025-01-20,1855,N20,nominal,2.0NRT,300.59,18.86,D
30.67448,-86.28078,354.31,0.45,0.39,2025-01-20,1900,N20,nominal,2.0NRT,292.04,29.36,D
18.62201,-74.15173,331.12,0.56,0.69,2025-01-20,1855,N20,nominal,2.0NRT,296.24,3.74,D
30.67388,-86.28543,350.25,0.45,0.39,2025-01-20,1900,N20,nominal,2.0NRT,292.89,29.36,D
18.801,-72.35751,332.64,0.74,0.76,2025-01-20,1855,N20,nominal,2.0NRT,301.33,12.34,D
30.67329,-86.29007,342.07,0.45,0.39,2025-01-20,1900,N20,nominal,2.0NRT,285.42,5.72,D
18.80808,-72.35782,367,0.74,0.76,2025-01-20,1855,N20,high,2.0NRT,298.76,12.34,D
30.67921,-86.27208,339.21,0.45,0.39,2025-01-20,1900,N20,nominal,2.0NRT,283.57,6.41,D
18.80565,-72.35972,367,0.74,0.76,2025-01-20,1855,N20,high,2.0NRT,300.96,22.53,D
30.67802,-86.28136,351.63,0.45,0.39,2025-01-20,1900,N20,nominal,2.0NRT,285.19,6.31,D
18.31067,-78.07253,337.82,0.61,0.53,2025-01-20,1855,N20,nominal,2.0NRT,295.04,5.45,D
30.67742,-86.28603,341.92,0.45,0.39,2025-01-20,1900,N20,nominal,2.0NRT,285.16,6.31,D
18.46686,-77.62452,329.82,0.33,0.55,2025-01-20,1855,N20,nominal,2.0NRT,298.42,2.8,D
30.67683,-86.29067,347.58,0.45,0.39,2025-01-20,1900,N20,nominal,2.0NRT,295.67,10.46,D
18.98475,-72.3168,330,0.75,0.77,2025-01-20,1855,N20,nominal,2.0NRT,300.47,5.46,D
30.67623,-86.2953,328.06,0.45,0.39,2025-01-20,1900,N20,nominal,2.0NRT,285.35,10.46,D
30.68692,-86.24005,328.27,0.45,0.39,2025-01-20,1900,N20,nominal,2.0NRT,281.15,2.33,D
30.68037,-86.29127,325.95,0.45,0.39,2025-01-20,1900,N20,nominal,2.0NRT,283.38,10.46,D
30.67978,-86.29591,343.97,0.45,0.39,2025-01-20,1900,N20,nominal,2.0NRT,284.75,10.46,D
31.08634,-83.08485,326.96,0.43,0.46,2025-01-20,1900,N20,nominal,2.0NRT,282.01,2.68,D
31.0823,-83.08707,325.11,0.43,0.46,2025-01-20,1900,N20,nominal,2.0NRT,283.29,2.14,D
30.63164,-87.34788,333.12,0.41,0.37,2025-01-20,1900,N20,nominal,2.0NRT,282.09,3.01,D
30.77821,-86.64708,329.26,0.43,0.38,2025-01-20,1900,N20,nominal,2.0NRT,281.37,2.02,D
30.58264,-88.21044,327.19,0.39,0.36,2025-01-20,1900,N20,nominal,2.0NRT,279.58,2.08,D
31.26541,-82.96821,340.63,0.44,0.46,2025-01-20,1900,N20,nominal,2.0NRT,287.31,12.53,D
17.78624,-90.85066,332.13,0.54,0.42,2025-01-20,1857,N20,nominal,2.0NRT,293.69,6.78,D
31.26506,-84.45596,325.62,0.55,0.42,2025-01-20,1900,N20,nominal,2.0NRT,281.49,2.44,D
20.2255,-75.61488,340.83,0.47,0.64,2025-01-20,1857,N20,nominal,2.0NRT,296.95,7.76,D
31.26578,-84.45242,339.19,0.55,0.42,2025-01-20,1900,N20,nominal,2.0NRT,282.27,8.61,D
20.08102,-77.46746,333.93,0.35,0.57,2025-01-20,1857,N20,nominal,2.0NRT,294.33,2.27,D
31.26514,-84.45817,330.77,0.55,0.42,2025-01-20,1900,N20,nominal,2.0NRT,283.52,8.61,D
20.23199,-77.13498,340.5,0.37,0.58,2025-01-20,1857,N20,nominal,2.0NRT,293.41,4.93,D
30.64379,-89.48325,328.63,0.38,0.36,2025-01-20,1900,N20,nominal,2.0NRT,281.4,2.08,D
20.2811,-77.10709,332.63,0.37,0.58,2025-01-20,1857,N20,nominal,2.0NRT,293.51,2.55,D
31.39938,-83.62238,329.36,0.4,0.45,2025-01-20,1900,N20,nominal,2.0NRT,282.08,3.96,D
20.35032,-76.84647,347.75,0.39,0.59,2025-01-20,1857,N20,nominal,2.0NRT,288.91,4.65,D
30.64948,-89.46803,344.71,0.38,0.36,2025-01-20,1900,N20,nominal,2.0NRT,282.74,6.09,D
20.51928,-76.31216,351.57,0.42,0.61,2025-01-20,1857,N20,nominal,2.0NRT,287.97,5.03,D
30.64888,-89.472,330.5,0.38,0.36,2025-01-20,1900,N20,nominal,2.0NRT,281.22,3.3,D
20.52495,-76.31271,330.99,0.42,0.61,2025-01-20,1857,N20,nominal,2.0NRT,293.19,4.55,D
30.65216,-89.47267,338.43,0.38,0.36,2025-01-20,1900,N20,nominal,2.0NRT,284.58,5.23,D
20.54687,-76.3231,352.13,0.42,0.61,2025-01-20,1857,N20,nominal,2.0NRT,292.26,7.95,D
30.65545,-89.47334,338.77,0.38,0.36,2025-01-20,1900,N20,nominal,2.0NRT,283.17,5.23,D
20.54381,-76.32305,336.7,0.42,0.61,2025-01-20,1857,N20,nominal,2.0NRT,290.85,2.45,D
30.65484,-89.47731,330.88,0.38,0.36,2025-01-20,1900,N20,nominal,2.0NRT,285.05,5.23,D
20.54986,-76.31953,331.3,0.42,0.61,2025-01-20,1857,N20,nominal,2.0NRT,292.29,5.4,D
30.65874,-89.474,334.63,0.38,0.36,2025-01-20,1900,N20,nominal,2.0NRT,282.46,3.4,D
20.54949,-76.32362,342.54,0.42,0.61,2025-01-20,1857,N20,nominal,2.0NRT,291.46,4.56,D
30.89938,-88.06229,330.13,0.4,0.37,2025-01-20,1900,N20,nominal,2.0NRT,282.64,2.78,D
20.60819,-75.92791,333.57,0.45,0.63,2025-01-20,1857,N20,nominal,2.0NRT,296.45,4.09,D
30.93917,-88.01347,335.56,0.4,0.37,2025-01-20,1900,N20,nominal,2.0NRT,292.3,4.15,D
20.61402,-75.92844,341.95,0.45,0.63,2025-01-20,1857,N20,nominal,2.0NRT,295.9,4.09,D
31.67046,-82.71204,330.25,0.46,0.47,2025-01-20,1900,N20,nominal,2.0NRT,281.92,2.91,D
20.52871,-76.91038,337.38,0.39,0.59,2025-01-20,1857,N20,nominal,2.0NRT,290.96,4.44,D
31.16271,-87.78002,328.75,0.4,0.37,2025-01-20,1900,N20,nominal,2.0NRT,285.09,5.25,D
20.62636,-76.7634,339.9,0.4,0.6,2025-01-20,1857,N20,nominal,2.0NRT,291,2.59,D
31.1498,-87.9837,328.62,0.4,0.37,2025-01-20,1900,N20,nominal,2.0NRT,286.85,2.96,D
20.62655,-76.76295,344.42,0.4,0.6,2025-01-20,1857,N20,nominal,2.0NRT,292.37,4.35,D
31.14923,-87.98788,328.58,0.4,0.37,2025-01-20,1900,N20,nominal,2.0NRT,287.38,3.65,D
20.70666,-76.85592,331.33,0.39,0.6,2025-01-20,1857,N20,nominal,2.0NRT,297.44,1.58,D
31.72845,-83.25977,337.51,0.43,0.46,2025-01-20,1900,N20,nominal,2.0NRT,285.63,4.01,D
20.71821,-76.90673,346.25,0.39,0.59,2025-01-20,1857,N20,nominal,2.0NRT,299.08,7.47,D
31.7881,-83.46252,345.02,0.42,0.45,2025-01-20,1900,N20,nominal,2.0NRT,282.07,5.13,D
20.70156,-76.85606,334.29,0.39,0.6,2025-01-20,1857,N20,nominal,2.0NRT,297.8,4.53,D
31.07204,-89.16609,325.13,0.39,0.36,2025-01-20,1900,N20,nominal,2.0NRT,278.55,8.95,D
20.71896,-76.90759,351.96,0.39,0.59,2025-01-20,1857,N20,nominal,2.0NRT,299.22,9.49,D
31.07534,-89.16676,332.84,0.39,0.36,2025-01-20,1900,N20,nominal,2.0NRT,287.51,8.95,D
20.7179,-76.91891,346.01,0.39,0.59,2025-01-20,1857,N20,nominal,2.0NRT,299.12,11.6,D
31.07474,-89.17075,346.16,0.39,0.36,2025-01-20,1900,N20,nominal,2.0NRT,286,12.46,D
20.71754,-76.92267,356.35,0.39,0.59,2025-01-20,1857,N20,low,2.0NRT,290.45,11.6,D
31.07882,-89.16713,327.14,0.39,0.36,2025-01-20,1900,N20,nominal,2.0NRT,280.51,2.39,D
20.72337,-76.91949,367,0.39,0.59,2025-01-20,1857,N20,high,2.0NRT,296.7,11.6,D
31.07824,-89.17113,331.29,0.39,0.36,2025-01-20,1900,N20,nominal,2.0NRT,279.57,2.89,D
20.72302,-76.92326,367,0.39,0.59,2025-01-20,1857,N20,high,2.0NRT,296.68,11.6,D
31.15944,-89.53692,326.54,0.38,0.36,2025-01-20,1900,N20,nominal,2.0NRT,277.97,2.11,D
20.72408,-76.91194,341.55,0.39,0.59,2025-01-20,1857,N20,nominal,2.0NRT,297.11,14.6,D
32.02936,-82.90478,338.13,0.45,0.47,2025-01-20,1900,N20,nominal,2.0NRT,286.32,5.98,D
20.72885,-76.92007,340.97,0.39,0.59,2025-01-20,1857,N20,nominal,2.0NRT,293.95,4.1,D
31.57476,-87.31851,342.67,0.42,0.38,2025-01-20,1900,N20,nominal,2.0NRT,281.46,5.07,D
18.64439,-92.1679,325.38,0.42,0.45,2025-01-20,1857,N20,nominal,2.0NRT,288.33,4.25,D
31.47441,-88.13674,339.58,0.4,0.37,2025-01-20,1900,N20,nominal,2.0NRT,282.46,4.54,D
20.80625,-77.05032,337.3,0.38,0.59,2025-01-20,1857,N20,nominal,2.0NRT,291.42,2.85,D
31.28617,-89.99902,329.84,0.38,0.36,2025-01-20,1900,N20,nominal,2.0NRT,281.77,2.83,D
18.63891,-92.5073,330.54,0.44,0.46,2025-01-20,1857,N20,nominal,2.0NRT,290.03,5.68,D
32.21836,-84.47453,327.08,0.56,0.43,2025-01-20,1900,N20,nominal,2.0NRT,279.6,5.4,D
20.76438,-77.60123,336.56,0.35,0.57,2025-01-20,1857,N20,nominal,2.0NRT,300.19,2.34,D
32.21817,-84.46983,332.27,0.56,0.43,2025-01-20,1900,N20,nominal,2.0NRT,279.53,5.11,D
20.78784,-77.94189,367,0.33,0.56,2025-01-20,1857,N20,high,2.0NRT,296.93,7.75,D
31.52561,-90.53465,328.36,0.39,0.36,2025-01-20,1900,N20,nominal,2.0NRT,281.59,2.4,D
20.99639,-76.91998,340.35,0.39,0.6,2025-01-20,1857,N20,nominal,2.0NRT,295.12,2.97,D
32.7697,-80.17117,332.14,0.33,0.55,2025-01-20,1900,N20,nominal,2.0NRT,281.16,1.61,D
20.93955,-77.60139,340.18,0.35,0.57,2025-01-20,1857,N20,nominal,2.0NRT,294.77,3.33,D
31.60226,-91.14072,328.96,0.39,0.37,2025-01-20,1900,N20,nominal,2.0NRT,279.73,2.81,D
21.02048,-76.95686,336.59,0.39,0.59,2025-01-20,1857,N20,nominal,2.0NRT,296.33,2.36,D
32.60855,-83.7332,330.9,0.41,0.45,2025-01-20,1902,N20,nominal,2.0NRT,280.18,2.16,D
21.02597,-76.95732,340.32,0.39,0.59,2025-01-20,1857,N20,nominal,2.0NRT,297.03,4.19,D
21.02151,-76.95659,347.86,0.39,0.59,2025-01-20,1857,N20,nominal,2.0NRT,297.77,6.37,D
31.96162,-89.09888,326.05,0.39,0.36,2025-01-20,1902,N20,nominal,2.0NRT,276.66,1.59,D
31.91389,-89.60593,328.29,0.38,0.36,2025-01-20,1902,N20,nominal,2.0NRT,281.97,2.56,D
20.91539,-78.17412,367,0.32,0.55,2025-01-20,1857,N20,high,2.0NRT,300.96,15.72,D
31.39656,-92.8259,329.22,0.44,0.38,2025-01-20,1902,N20,nominal,2.0NRT,282.5,17.88,D
20.91508,-78.17725,354.57,0.32,0.55,2025-01-20,1857,N20,nominal,2.0NRT,299.47,10.7,D
31.39575,-92.83044,347,0.44,0.38,2025-01-20,1902,N20,nominal,2.0NRT,286.76,17.88,D
20.91446,-78.1835,341.07,0.32,0.55,2025-01-20,1857,N20,nominal,2.0NRT,300.65,7.34,D
31.40004,-92.82671,329.67,0.44,0.38,2025-01-20,1902,N20,nominal,2.0NRT,281.97,17.88,D
20.92108,-78.16843,367,0.32,0.55,2025-01-20,1857,N20,high,2.0NRT,296.33,11.72,D
31.39923,-92.83128,345.69,0.44,0.38,2025-01-20,1902,N20,nominal,2.0NRT,298.85,17.88,D
20.92077,-78.17155,367,0.32,0.55,2025-01-20,1857,N20,high,2.0NRT,296.89,15.72,D
31.40271,-92.83209,336.78,0.44,0.38,2025-01-20,1902,N20,nominal,2.0NRT,286.71,9.87,D
20.91983,-78.18094,346.61,0.32,0.55,2025-01-20,1857,N20,nominal,2.0NRT,296.33,10.7,D
32.83252,-82.22288,338.5,0.5,0.49,2025-01-20,1902,N20,nominal,2.0NRT,284.61,5.28,D
21.13594,-76.86315,340.06,0.4,0.6,2025-01-20,1857,N20,nominal,2.0NRT,292.55,2.98,D
32.23989,-87.77779,341.46,0.41,0.37,2025-01-20,1902,N20,nominal,2.0NRT,280.04,5.21,D
21.13585,-76.86379,339.87,0.4,0.6,2025-01-20,1857,N20,nominal,2.0NRT,293.03,3.64,D
31.89069,-90.33652,337.63,0.39,0.36,2025-01-20,1902,N20,nominal,2.0NRT,281.86,4.41,D
21.07313,-77.70419,333.71,0.35,0.57,2025-01-20,1857,N20,nominal,2.0NRT,296.79,2.78,D
31.84501,-90.66943,335.59,0.39,0.36,2025-01-20,1902,N20,nominal,2.0NRT,281.76,12.7,D
21.23137,-77.71469,338.37,0.35,0.57,2025-01-20,1857,N20,nominal,2.0NRT,298.3,3.09,D
32.72553,-83.90805,337.86,0.4,0.45,2025-01-20,1902,N20,nominal,2.0NRT,283.93,25.75,D
21.2366,-77.71526,335.31,0.35,0.57,2025-01-20,1857,N20,nominal,2.0NRT,297.45,3.22,D
32.72509,-83.91238,335.81,0.4,0.45,2025-01-20,1902,N20,nominal,2.0NRT,286.04,19.36,D
21.24094,-77.98054,331.94,0.34,0.56,2025-01-20,1857,N20,nominal,2.0NRT,299.06,3.5,D
32.72962,-83.90869,338.67,0.4,0.45,2025-01-20,1902,N20,nominal,2.0NRT,283.55,25.75,D
21.2406,-77.98378,349.55,0.34,0.56,2025-01-20,1857,N20,nominal,2.0NRT,301.58,8.55,D
32.72918,-83.91304,329.12,0.4,0.45,2025-01-20,1902,N20,nominal,2.0NRT,281.88,19.36,D
21.2432,-77.98077,333.14,0.34,0.56,2025-01-20,1857,N20,nominal,2.0NRT,299.67,3.52,D
31.83397,-91.38815,328.16,0.4,0.37,2025-01-20,1902,N20,nominal,2.0NRT,280.8,3.65,D
21.24289,-77.98402,343.1,0.34,0.56,2025-01-20,1857,N20,nominal,2.0NRT,300.47,3.52,D
33.03476,-82.24278,346.9,0.51,0.49,2025-01-20,1902,N20,nominal,2.0NRT,287.86,30.98,D
21.24257,-77.98727,338.23,0.34,0.56,2025-01-20,1857,N20,nominal,2.0NRT,299.86,5.01,D
32.87802,-83.95103,337.15,0.4,0.45,2025-01-20,1902,N20,nominal,2.0NRT,284.51,6.15,D
19.52264,-90.61436,341.13,0.5,0.41,2025-01-20,1857,N20,nominal,2.0NRT,280.43,7.92,D
33.0829,-81.96261,338.09,0.52,0.5,2025-01-20,1902,N20,nominal,2.0NRT,291.06,45.18,D
21.27478,-78.38206,331.31,0.64,0.54,2025-01-20,1857,N20,nominal,2.0NRT,298.53,7.81,D
33.07545,-82.0976,327,0.52,0.5,2025-01-20,1902,N20,nominal,2.0NRT,282.91,4.12,D
21.30865,-78.25261,367,0.32,0.55,2025-01-20,1857,N20,high,2.0NRT,299.85,9.9,D
31.56909,-93.95456,338.87,0.49,0.4,2025-01-20,1902,N20,nominal,2.0NRT,276.91,5.36,D
21.30832,-78.25574,354.85,0.32,0.55,2025-01-20,1857,N20,nominal,2.0NRT,299.18,9.9,D
31.57819,-93.9464,327.65,0.49,0.4,2025-01-20,1902,N20,nominal,2.0NRT,277.23,4.58,D
19.36602,-92.00541,332.59,0.4,0.44,2025-01-20,1857,N20,nominal,2.0NRT,290.38,3.19,D
32.31332,-90.13309,331.34,0.38,0.36,2025-01-20,1902,N20,nominal,2.0NRT,283.09,3.66,D
19.36707,-92.00523,337.45,0.4,0.44,2025-01-20,1857,N20,nominal,2.0NRT,290.21,3.55,D
31.84536,-93.56129,336.18,0.46,0.39,2025-01-20,1902,N20,nominal,2.0NRT,276.76,5.98,D
33.24602,-84.6403,331.71,0.56,0.43,2025-01-20,1902,N20,nominal,2.0NRT,276.12,4.98,D
21.31277,-78.25416,351.27,0.32,0.55,2025-01-20,1857,N20,nominal,2.0NRT,298.58,7.52,D
33.11927,-86.44144,325.29,0.46,0.39,2025-01-20,1902,N20,nominal,2.0NRT,278.91,2.81,D
19.39364,-92.04165,343.64,0.4,0.44,2025-01-20,1857,N20,nominal,2.0NRT,291.67,7.3,D
32.07025,-93.73558,328.62,0.47,0.4,2025-01-20,1902,N20,nominal,2.0NRT,277.68,3.22,D
19.39295,-92.04539,338.18,0.4,0.44,2025-01-20,1857,N20,nominal,2.0NRT,292.83,7.3,D
32.06937,-93.74044,327.44,0.47,0.4,2025-01-20,1902,N20,nominal,2.0NRT,278.11,3.22,D
19.39767,-92.04247,344.06,0.4,0.44,2025-01-20,1857,N20,nominal,2.0NRT,289.65,5,D
32.0673,-93.73764,330.38,0.47,0.4,2025-01-20,1902,N20,nominal,2.0NRT,279.99,3.82,D
19.33544,-92.40071,329.54,0.42,0.45,2025-01-20,1857,N20,nominal,2.0NRT,291.22,3.35,D
32.07088,-93.73853,331.08,0.47,0.4,2025-01-20,1902,N20,nominal,2.0NRT,277.96,3.18,D
19.43657,-92.03487,328.96,0.4,0.44,2025-01-20,1857,N20,nominal,2.0NRT,289.01,3.18,D
32.46284,-91.84014,334.48,0.4,0.37,2025-01-20,1902,N20,nominal,2.0NRT,284.7,18.97,D
19.44379,-92.08696,348.25,0.4,0.44,2025-01-20,1857,N20,nominal,2.0NRT,292.13,7.21,D
33.23457,-86.84553,331.93,0.45,0.39,2025-01-20,1902,N20,nominal,2.0NRT,277.64,3.14,D
19.44782,-92.08778,352.43,0.4,0.44,2025-01-20,1857,N20,nominal,2.0NRT,291.97,21.3,D
32.4635,-92.15359,329.57,0.41,0.37,2025-01-20,1902,N20,nominal,2.0NRT,280.1,2.4,D
19.52156,-92.18931,351.38,0.41,0.45,2025-01-20,1857,N20,nominal,2.0NRT,292.1,9.91,D
32.92945,-89.23821,329.04,0.39,0.36,2025-01-20,1902,N20,nominal,2.0NRT,282.47,5.87,D
21.58188,-79.19449,340.56,0.57,0.52,2025-01-20,1857,N20,nominal,2.0NRT,303.12,15.79,D
34.06356,-78.2705,349.09,0.44,0.62,2025-01-20,1902,N20,nominal,2.0NRT,282.28,5.79,D
21.5813,-79.19999,336.71,0.57,0.52,2025-01-20,1857,N20,nominal,2.0NRT,303.29,15.79,D
21.69134,-78.71606,330.22,0.61,0.53,2025-01-20,1857,N20,nominal,2.0NRT,299.75,5.29,D
34.06934,-78.27094,333.26,0.44,0.62,2025-01-20,1902,N20,nominal,2.0NRT,280.27,5.79,D
33.95187,-82.19231,330.54,0.52,0.5,2025-01-20,1902,N20,nominal,2.0NRT,279.01,3.42,D
21.6969,-78.71069,355.17,0.61,0.54,2025-01-20,1857,N20,nominal,2.0NRT,300.72,36.24,D
33.95133,-82.19527,326.18,0.52,0.5,2025-01-20,1902,N20,nominal,2.0NRT,279.18,2.32,D
21.69627,-78.71662,354.74,0.61,0.53,2025-01-20,1857,N20,nominal,2.0NRT,305.52,36.24,D
34.18466,-79.13718,339.59,0.39,0.6,2025-01-20,1902,N20,nominal,2.0NRT,283.69,3.64,D
21.69563,-78.72256,344.54,0.61,0.53,2025-01-20,1857,N20,nominal,2.0NRT,302.07,13.83,D
33.53423,-86.75601,337.35,0.45,0.39,2025-01-20,1902,N20,nominal,2.0NRT,282.23,3.48,D
21.69302,-78.71912,344.61,0.61,0.54,2025-01-20,1857,N20,nominal,2.0NRT,302.27,14.04,D
21.69243,-78.72504,329.78,0.61,0.53,2025-01-20,1857,N20,nominal,2.0NRT,299.17,14.04,D
33.43864,-88.56965,328.81,0.4,0.37,2025-01-20,1902,N20,nominal,2.0NRT,283.24,2.59,D
34.25563,-83.22612,337.55,0.46,0.47,2025-01-20,1902,N20,nominal,2.0NRT,281.37,13.27,D
21.69853,-78.71375,367,0.61,0.54,2025-01-20,1857,N20,high,2.0NRT,302.19,49.94,D
32.77769,-94.04398,326.57,0.47,0.4,2025-01-20,1902,N20,nominal,2.0NRT,281.32,2.52,D
21.69794,-78.7197,345.91,0.61,0.54,2025-01-20,1857,N20,nominal,2.0NRT,302.58,14.04,D
34.55566,-82.7095,338.08,0.49,0.49,2025-01-20,1902,N20,nominal,2.0NRT,278.7,4.8,D
21.66099,-79.22928,340.93,0.57,0.52,2025-01-20,1857,N20,nominal,2.0NRT,301.07,3.93,D
34.4651,-84.59153,325.47,0.39,0.44,2025-01-20,1902,N20,nominal,2.0NRT,274.44,2.03,D
21.69989,-78.89764,347.26,0.6,0.53,2025-01-20,1857,N20,nominal,2.0NRT,300.84,13.66,D
33.2205,-94.04144,326.81,0.46,0.39,2025-01-20,1902,N20,nominal,2.0NRT,275.94,4.94,D
21.70226,-79.06523,338.19,0.58,0.52,2025-01-20,1857,N20,nominal,2.0NRT,294.36,7.47,D
33.21961,-94.04635,341.43,0.46,0.39,2025-01-20,1902,N20,nominal,2.0NRT,282.94,14.85,D
18.92657,-96.71786,367,0.41,0.6,2025-01-20,1857,N20,high,2.0NRT,293.8,10.06,D
33.21815,-94.04318,335.09,0.46,0.39,2025-01-20,1902,N20,nominal,2.0NRT,277.43,5.24,D
21.78991,-78.40591,352.31,0.32,0.55,2025-01-20,1857,N20,nominal,2.0NRT,297.76,4.97,D
33.22171,-94.04411,338.98,0.46,0.39,2025-01-20,1902,N20,nominal,2.0NRT,277.15,13.56,D
21.7029,-79.33338,338.78,0.56,0.51,2025-01-20,1857,N20,nominal,2.0NRT,300.9,14.31,D
31.44311,-102.19179,344.41,0.46,0.64,2025-01-20,1902,N20,nominal,2.0NRT,283.28,4.5,D
21.79754,-78.48048,340.61,0.64,0.54,2025-01-20,1857,N20,nominal,2.0NRT,300.42,10.61,D
21.77784,-78.90676,353.09,0.6,0.53,2025-01-20,1857,N20,nominal,2.0NRT,297.19,14.15,D
33.89125,-91.49476,336.44,0.39,0.36,2025-01-20,1902,N20,nominal,2.0NRT,280.01,2.79,D
34.59079,-87.26099,335.86,0.45,0.39,2025-01-20,1902,N20,nominal,2.0NRT,272.97,3.67,D
21.77568,-78.90888,340.22,0.6,0.53,2025-01-20,1857,N20,nominal,2.0NRT,297.28,10.77,D
34.58982,-87.26373,326.33,0.45,0.39,2025-01-20,1902,N20,nominal,2.0NRT,273.74,2.72,D
21.76731,-79.37099,331.33,0.56,0.51,2025-01-20,1857,N20,nominal,2.0NRT,299,8.32,D
34.63739,-87.08215,331.11,0.45,0.39,2025-01-20,1902,N20,nominal,2.0NRT,277.13,5.51,D
21.9154,-78.16381,334.63,0.33,0.56,2025-01-20,1857,N20,nominal,2.0NRT,297.17,2.02,D
31.89995,-102.11967,337.12,0.45,0.63,2025-01-20,1902,N20,nominal,2.0NRT,280.99,2.44,D
21.90161,-78.3533,330.94,0.32,0.55,2025-01-20,1857,N20,nominal,2.0NRT,297.42,13.9,D
31.99391,-101.82489,342.86,0.43,0.62,2025-01-20,1902,N20,nominal,2.0NRT,283.27,2.89,D
21.9013,-78.35644,352.15,0.32,0.55,2025-01-20,1857,N20,nominal,2.0NRT,302.68,13.9,D
34.74039,-87.84539,331.66,0.43,0.38,2025-01-20,1902,N20,nominal,2.0NRT,276.46,3.65,D
21.90982,-78.37331,367,0.32,0.55,2025-01-20,1857,N20,high,2.0NRT,301.25,16.3,D
21.90061,-78.46386,336.33,0.32,0.55,2025-01-20,1857,N20,nominal,2.0NRT,296.97,2.6,D
31.79881,-103.23717,343.65,0.52,0.67,2025-01-20,1902,N20,nominal,2.0NRT,287.27,27.3,D
31.80019,-103.23197,356.29,0.52,0.67,2025-01-20,1902,N20,low,2.0NRT,286.67,28.35,D
21.90029,-78.46697,334.04,0.32,0.54,2025-01-20,1857,N20,nominal,2.0NRT,294.84,2.03,D
32.16043,-101.90277,338.45,0.43,0.62,2025-01-20,1902,N20,nominal,2.0NRT,280.99,3.48,D
21.91718,-78.65723,340.93,0.62,0.54,2025-01-20,1857,N20,nominal,2.0NRT,294.08,12.08,D
32.21093,-101.84475,342.79,0.42,0.61,2025-01-20,1902,N20,nominal,2.0NRT,283.63,3.74,D
21.9588,-78.69244,338.05,0.62,0.54,2025-01-20,1857,N20,nominal,2.0NRT,297.9,9.3,D
32.21637,-101.8466,341.95,0.42,0.61,2025-01-20,1902,N20,nominal,2.0NRT,282.56,4.07,D
21.8188,-80.02024,338.87,0.51,0.49,2025-01-20,1857,N20,nominal,2.0NRT,295.7,3.59,D
35.21954,-85.87675,326.09,0.52,0.41,2025-01-20,1902,N20,nominal,2.0NRT,269.66,4.19,D
21.95459,-78.78288,332.48,0.61,0.53,2025-01-20,1857,N20,nominal,2.0NRT,297.6,4.21,D
35.88566,-80.44409,332.65,0.34,0.56,2025-01-20,1902,N20,nominal,2.0NRT,276.55,1.96,D
22.02095,-78.32856,367,0.33,0.55,2025-01-20,1857,N20,high,2.0NRT,295.8,6.73,D
35.88131,-80.44437,333.07,0.34,0.56,2025-01-20,1902,N20,nominal,2.0NRT,276.29,1.93,D
22.02063,-78.33174,367,0.33,0.55,2025-01-20,1857,N20,high,2.0NRT,297.2,6.73,D
36.05134,-79.63132,328.44,0.38,0.59,2025-01-20,1902,N20,nominal,2.0NRT,274.18,2.24,D
22.02031,-78.33492,352.91,0.33,0.55,2025-01-20,1857,N20,nominal,2.0NRT,297.95,6.7,D
35.33179,-89.4547,336.86,0.39,0.37,2025-01-20,1902,N20,nominal,2.0NRT,276.25,3.82,D
22.01999,-78.33809,349.51,0.33,0.55,2025-01-20,1857,N20,nominal,2.0NRT,297.49,6.7,D
35.34499,-91.29292,326.91,0.38,0.36,2025-01-20,1902,N20,nominal,2.0NRT,267.55,3.09,D
22.02571,-78.33228,338.33,0.33,0.55,2025-01-20,1857,N20,nominal,2.0NRT,296.46,4.84,D
35.34433,-91.29711,326.18,0.38,0.36,2025-01-20,1902,N20,nominal,2.0NRT,266.39,3.24,D
18.66774,-99.13268,367,0.59,0.7,2025-01-20,1857,N20,high,2.0NRT,295.17,9.95,D
35.64724,-89.93224,345.08,0.39,0.36,2025-01-20,1902,N20,nominal,2.0NRT,279.07,4.15,D
18.67391,-99.13477,347.7,0.59,0.7,2025-01-20,1857,N20,nominal,2.0NRT,295.86,9.95,D
36.62493,-81.09648,351.68,0.32,0.55,2025-01-20,1902,N20,nominal,2.0NRT,274.94,3.83,D
18.6692,-99.13578,367,0.59,0.7,2025-01-20,1857,N20,high,2.0NRT,297.62,20.76,D
37.54458,-76.73649,333.5,0.57,0.69,2025-01-20,1902,N20,nominal,2.0NRT,276.24,7.2,D
22.06072,-78.68764,338.56,0.62,0.54,2025-01-20,1857,N20,nominal,2.0NRT,296.65,4.53,D
37.54564,-76.73215,330.66,0.57,0.69,2025-01-20,1902,N20,nominal,2.0NRT,275.6,4.41,D
22.1009,-78.33583,354.35,0.33,0.55,2025-01-20,1857,N20,nominal,2.0NRT,297.19,4.4,D
35.6296,-94.94376,327.47,0.47,0.4,2025-01-20,1902,N20,nominal,2.0NRT,273.89,2.89,D
22.07675,-78.57827,352.1,0.63,0.54,2025-01-20,1857,N20,nominal,2.0NRT,300.11,11.12,D
36.92232,-89.29156,329.62,0.41,0.37,2025-01-20,1902,N20,nominal,2.0NRT,273.62,2.63,D
21.9608,-79.69587,333.45,0.53,0.5,2025-01-20,1857,N20,nominal,2.0NRT,297.1,5.24,D
36.00294,-95.61958,327.54,0.49,0.4,2025-01-20,1902,N20,nominal,2.0NRT,272.99,4.11,D
18.79657,-98.83604,335.57,0.56,0.69,2025-01-20,1857,N20,nominal,2.0NRT,294.22,8.22,D
36.00613,-95.61669,326.36,0.49,0.4,2025-01-20,1902,N20,nominal,2.0NRT,273.38,3.21,D
22.07645,-80.51459,337.07,0.47,0.48,2025-01-20,1857,N20,nominal,2.0NRT,300.07,6.58,D
38.19122,-75.91998,342.47,0.64,0.72,2025-01-20,1902,N20,nominal,2.0NRT,270.96,10.38,D
22.07594,-80.51918,340.15,0.47,0.48,2025-01-20,1857,N20,nominal,2.0NRT,300.93,6.58,D
38.18734,-75.91383,325.38,0.64,0.72,2025-01-20,1902,N20,nominal,2.0NRT,270.45,6.33,D
22.08035,-80.51974,334.84,0.47,0.48,2025-01-20,1857,N20,nominal,2.0NRT,297.95,6.58,D
38.18721,-75.92126,334.69,0.64,0.72,2025-01-20,1902,N20,nominal,2.0NRT,271.92,7.17,D
22.12403,-80.56702,330.62,0.47,0.48,2025-01-20,1857,N20,nominal,2.0NRT,300.66,3.84,D
37.24128,-88.88591,328.56,0.42,0.37,2025-01-20,1902,N20,nominal,2.0NRT,272.66,3.38,D
22.13387,-80.55898,328.39,0.47,0.48,2025-01-20,1857,N20,low,2.0NRT,301.91,4.7,D
37.5327,-91.62047,326.7,0.38,0.36,2025-01-20,1902,N20,nominal,2.0NRT,272.78,2.36,D
22.14265,-80.56009,334.96,0.47,0.48,2025-01-20,1857,N20,nominal,2.0NRT,299.42,4.23,D
39.46923,-84.38358,338.22,0.46,0.47,2025-01-20,1902,N20,nominal,2.0NRT,271.54,4.53,D
22.14704,-80.56064,331.22,0.47,0.48,2025-01-20,1857,N20,nominal,2.0NRT,297.86,4.23,D
39.48223,-84.38535,339.07,0.46,0.47,2025-01-20,1902,N20,nominal,2.0NRT,272.08,5.11,D
22.13391,-80.56178,334.08,0.47,0.48,2025-01-20,1857,N20,nominal,2.0NRT,300.9,5.51,D
41.18005,-87.85905,326.82,0.49,0.4,2025-01-20,1904,N20,nominal,2.0NRT,269.34,2.27,D
22.14269,-80.56289,342.21,0.47,0.48,2025-01-20,1857,N20,nominal,2.0NRT,301.47,8.53,D
41.63737,-87.13134,335.47,0.53,0.42,2025-01-20,1904,N20,nominal,2.0NRT,272.99,4.75,D
22.14179,-80.73257,349.84,0.46,0.47,2025-01-20,1857,N20,nominal,2.0NRT,300.33,10.8,D
41.63671,-87.13776,335.46,0.53,0.42,2025-01-20,1904,N20,nominal,2.0NRT,272.2,7.57,D
22.16301,-80.73981,343.47,0.46,0.47,2025-01-20,1857,N20,nominal,2.0NRT,300.69,7.36,D
41.61716,-87.32839,335.57,0.52,0.42,2025-01-20,1904,N20,nominal,2.0NRT,271.82,7.71,D
22.16251,-80.74428,340.13,0.46,0.47,2025-01-20,1857,N20,nominal,2.0NRT,299.3,4.81,D
41.64057,-87.13843,330.21,0.53,0.42,2025-01-20,1904,N20,nominal,2.0NRT,271.7,4.74,D
22.16735,-80.74036,340.63,0.46,0.47,2025-01-20,1857,N20,nominal,2.0NRT,297.47,17.77,D
41.68484,-87.42375,330.49,0.52,0.41,2025-01-20,1904,N20,nominal,2.0NRT,269.52,9.05,D
22.18422,-80.74702,341.79,0.46,0.47,2025-01-20,1857,N20,nominal,2.0NRT,299.05,10.04,D
41.68335,-87.42513,344.58,0.52,0.41,2025-01-20,1904,N20,nominal,2.0NRT,271.35,8.74,D
22.18371,-80.75147,339.95,0.46,0.47,2025-01-20,1857,N20,nominal,2.0NRT,301.32,10.04,D
22.18805,-80.75202,333.11,0.46,0.47,2025-01-20,1857,N20,nominal,2.0NRT,297.1,10.04,D
22.27312,-80.30264,340.62,0.49,0.49,2025-01-20,1857,N20,nominal,2.0NRT,296.43,7.14,D
22.32681,-80.47214,335.23,0.48,0.48,2025-01-20,1857,N20,nominal,2.0NRT,297.35,6.42,D
22.39824,-80.24025,344.13,0.5,0.49,2025-01-20,1857,N20,nominal,2.0NRT,298,7.38,D
22.4002,-80.24297,334.02,0.5,0.49,2025-01-20,1857,N20,nominal,2.0NRT,299.03,5.49,D
22.4047,-80.2435,329.2,0.5,0.49,2025-01-20,1857,N20,nominal,2.0NRT,295.3,5.49,D
22.35903,-80.82548,338.03,0.46,0.47,2025-01-20,1857,N20,nominal,2.0NRT,296.93,3.64,D
19.34212,-98.91438,339.66,0.56,0.69,2025-01-20,1857,N20,nominal,2.0NRT,295.65,6.88,D
22.39171,-80.92361,338.57,0.45,0.47,2025-01-20,1857,N20,nominal,2.0NRT,291.94,3.85,D
22.41907,-80.91372,336.9,0.45,0.47,2025-01-20,1857,N20,nominal,2.0NRT,290.6,4.25,D
22.42126,-80.91428,336.49,0.45,0.47,2025-01-20,1857,N20,nominal,2.0NRT,288.78,5.59,D
22.49302,-80.93684,337.85,0.45,0.47,2025-01-20,1857,N20,nominal,2.0NRT,288.81,4.16,D
22.53383,-80.92422,328.87,0.45,0.47,2025-01-20,1857,N20,nominal,2.0NRT,286.52,3.76,D
22.53151,-80.9269,329.57,0.45,0.47,2025-01-20,1857,N20,nominal,2.0NRT,287.19,3.64,D
22.64472,-80.74166,333,0.47,0.47,2025-01-20,1857,N20,nominal,2.0NRT,292.11,3.52,D
22.6442,-80.7462,339.05,0.47,0.47,2025-01-20,1857,N20,nominal,2.0NRT,294.21,4.33,D
22.68262,-80.84609,352.75,0.46,0.47,2025-01-20,1857,N20,nominal,2.0NRT,286.88,9.51,D
22.78735,-79.96548,345.18,0.52,0.5,2025-01-20,1857,N20,nominal,2.0NRT,296.66,8.1,D
22.83726,-80.06638,336.79,0.52,0.5,2025-01-20,1857,N20,nominal,2.0NRT,292.79,5.22,D
26.43198,-81.62971,332.74,0.46,0.47,2025-01-20,1857,N20,nominal,2.0NRT,271.08,3.07,D
27.6448,-81.88032,332.97,0.46,0.47,2025-01-20,1900,N20,nominal,2.0NRT,281.82,4.92,D
28.19623,-81.3149,349.57,0.5,0.49,2025-01-20,1900,N20,nominal,2.0NRT,283.11,20.82,D
28.30788,-81.58813,334.65,0.49,0.48,2025-01-20,1900,N20,nominal,2.0NRT,287.7,3.58,D
28.73601,-81.89085,338.53,0.47,0.48,2025-01-20,1900,N20,nominal,2.0NRT,288.57,3.79,D
17.51341,-101.40118,340.87,0.41,0.6,2025-01-20,2038,N20,nominal,2.0NRT,295.06,3.93,D
30.76174,-107.94203,332.01,0.46,0.47,2025-01-20,2042,N20,nominal,2.0NRT,301.25,4,D
17.51301,-101.40502,335.87,0.41,0.6,2025-01-20,2038,N20,nominal,2.0NRT,297.92,3.93,D
17.93197,-102.20547,336.27,0.37,0.58,2025-01-20,2038,N20,nominal,2.0NRT,300.23,4.81,D
31.43933,-102.188,342.14,0.51,0.66,2025-01-20,2042,N20,nominal,2.0NRT,285.41,5.24,D
18.5574,-99.11539,367,0.6,0.7,2025-01-20,2038,N20,high,2.0NRT,296.4,10.41,D
30.98076,-108.61002,347.48,0.42,0.45,2025-01-20,2042,N20,nominal,2.0NRT,296.34,5.72,D
19.11331,-98.83491,336.14,0.63,0.72,2025-01-20,2038,N20,nominal,2.0NRT,292.3,11.12,D
30.70836,-112.08118,367,0.43,0.38,2025-01-20,2042,N20,high,2.0NRT,329.7,73.27,D
19.38852,-99.65948,335.62,0.56,0.69,2025-01-20,2038,N20,nominal,2.0NRT,288.29,5.42,D
30.70893,-112.07672,340,0.43,0.38,2025-01-20,2042,N20,nominal,2.0NRT,305.39,61.25,D
30.71241,-112.07732,342.91,0.43,0.38,2025-01-20,2042,N20,nominal,2.0NRT,301.08,15.15,D
19.10345,-102.74921,341.45,0.35,0.57,2025-01-20,2038,N20,nominal,2.0NRT,273.56,3.15,D
30.90553,-112.94122,345.44,0.41,0.37,2025-01-20,2042,N20,nominal,2.0NRT,298.69,9.74,D
19.10421,-102.75096,339.6,0.35,0.57,2025-01-20,2038,N20,nominal,2.0NRT,276.33,2.94,D
30.90892,-112.94183,347.02,0.41,0.37,2025-01-20,2042,N20,nominal,2.0NRT,299.64,10.35,D
19.0071,-104.25764,332.96,0.55,0.51,2025-01-20,2038,N20,nominal,2.0NRT,299.14,1.82,D
30.94301,-112.86962,347.18,0.41,0.37,2025-01-20,2042,N20,nominal,2.0NRT,291.29,21.9,D
30.94243,-112.87389,343.98,0.41,0.37,2025-01-20,2042,N20,nominal,2.0NRT,295.81,21.9,D
19.70323,-98.56258,341.46,0.67,0.74,2025-01-20,2038,N20,nominal,2.0NRT,284.04,15.11,D
30.94583,-112.8745,334.74,0.41,0.37,2025-01-20,2042,N20,nominal,2.0NRT,288.92,4.57,D
19.72062,-99.17235,330.56,0.61,0.71,2025-01-20,2038,N20,nominal,2.0NRT,277.05,5.64,D
30.94525,-112.87876,336.76,0.41,0.37,2025-01-20,2042,N20,nominal,2.0NRT,290.24,2.82,D
32.40391,-115.04748,331.48,0.38,0.36,2025-01-20,2042,N20,nominal,2.0NRT,296.77,2.92,D
19.83828,-100.85945,330.91,0.48,0.64,2025-01-20,2038,N20,nominal,2.0NRT,280.13,5.59,D
32.4416,-116.87073,330.62,0.4,0.37,2025-01-20,2042,N20,nominal,2.0NRT,290.15,3.8,D
19.80174,-101.79836,326.39,0.41,0.61,2025-01-20,2038,N20,nominal,2.0NRT,294.27,2.55,D
19.64754,-104.43939,329.01,0.55,0.51,2025-01-20,2038,N20,nominal,2.0NRT,282.56,8.89,D
32.44092,-116.87489,326.79,0.4,0.37,2025-01-20,2042,N20,nominal,2.0NRT,289.65,3.8,D
19.64697,-104.4444,339.46,0.55,0.51,2025-01-20,2038,N20,nominal,2.0NRT,287.47,12.56,D
33.41666,-110.85741,332.12,0.51,0.41,2025-01-20,2042,N20,nominal,2.0NRT,296.76,2.71,D
19.64964,-104.4431,355.59,0.55,0.51,2025-01-20,2038,N20,nominal,2.0NRT,284.52,14.33,D
34.04674,-117.02975,339.52,0.39,0.36,2025-01-20,2044,N20,nominal,2.0NRT,296.48,1.83,D
20.14241,-102.68869,327.06,0.36,0.58,2025-01-20,2038,N20,low,2.0NRT,297.47,1.49,D
34.15225,-118.19408,329.36,0.41,0.37,2025-01-20,2044,N20,nominal,2.0NRT,298.38,1.42,D
20.22088,-102.69833,341.78,0.36,0.58,2025-01-20,2038,N20,nominal,2.0NRT,305.5,2.95,D
36.45683,-121.46009,334.63,0.51,0.41,2025-01-20,2044,N20,nominal,2.0NRT,293.11,4.42,D
20.22617,-102.69891,333.59,0.36,0.58,2025-01-20,2038,N20,nominal,2.0NRT,301,2.95,D
36.96616,-120.23664,331.55,0.45,0.39,2025-01-20,2044,N20,nominal,2.0NRT,282,2.57,D
20.35629,-102.46169,354.18,0.38,0.59,2025-01-20,2038,N20,nominal,2.0NRT,300.8,10.25,D
37.42107,-119.80395,327.89,0.43,0.38,2025-01-20,2044,N20,nominal,2.0NRT,286.84,2.09,D
20.35592,-102.46532,354.85,0.38,0.59,2025-01-20,2038,N20,nominal,2.0NRT,305.71,10.52,D
37.46135,-120.17249,335.56,0.44,0.38,2025-01-20,2044,N20,nominal,2.0NRT,289.76,3.32,D
20.62473,-100.17345,336.57,0.54,0.68,2025-01-20,2038,N20,nominal,2.0NRT,286.57,17.09,D
38.02465,-120.9919,328.7,0.46,0.39,2025-01-20,2044,N20,nominal,2.0NRT,289.31,3.67,D
20.62427,-100.17858,354.32,0.54,0.68,2025-01-20,2038,N20,nominal,2.0NRT,292.18,17.09,D
38.18522,-120.90195,329.7,0.45,0.39,2025-01-20,2044,N20,nominal,2.0NRT,288.21,1.98,D
20.6226,-100.17935,329.74,0.54,0.68,2025-01-20,2038,N20,nominal,2.0NRT,288.59,5.45,D
38.77716,-122.91748,349.93,0.53,0.42,2025-01-20,2044,N20,nominal,2.0NRT,292.54,12.79,D
20.62926,-100.17484,338.22,0.54,0.68,2025-01-20,2038,N20,nominal,2.0NRT,286.36,13.67,D
39.31079,-121.65911,332.79,0.47,0.39,2025-01-20,2044,N20,nominal,2.0NRT,288.39,4.91,D
20.62883,-100.17997,354.61,0.54,0.68,2025-01-20,2038,N20,nominal,2.0NRT,290.04,13.67,D
20.53607,-101.45042,341.17,0.44,0.63,2025-01-20,2038,N20,nominal,2.0NRT,273.15,4.05,D
39.91069,-122.28399,332.23,0.48,0.4,2025-01-20,2044,N20,nominal,2.0NRT,287.65,4.33,D
20.39893,-103.04117,367,0.35,0.56,2025-01-20,2038,N20,high,2.0NRT,291.22,7.93,D
40.02843,-123.2203,343.61,0.52,0.42,2025-01-20,2044,N20,nominal,2.0NRT,286.92,5.23,D
20.3986,-103.04446,328.15,0.35,0.56,2025-01-20,2038,N20,nominal,2.0NRT,293.42,7.93,D
40.03105,-123.22698,346.62,0.52,0.42,2025-01-20,2044,N20,nominal,2.0NRT,294.71,24.52,D
20.48582,-102.44533,330.17,0.38,0.59,2025-01-20,2038,N20,nominal,2.0NRT,300.54,2.35,D
40.49151,-123.74263,332.42,0.54,0.42,2025-01-20,2046,N20,nominal,2.0NRT,290.45,5.09,D
20.63557,-102.35602,367,0.39,0.59,2025-01-20,2038,N20,high,2.0NRT,295.28,10.34,D
42.31076,-119.986,347.21,0.39,0.36,2025-01-20,2046,N20,nominal,2.0NRT,280.61,11.62,D
20.63522,-102.35975,343.72,0.39,0.59,2025-01-20,2038,N20,nominal,2.0NRT,296.64,10.34,D
42.31404,-119.987,334.27,0.39,0.36,2025-01-20,2046,N20,nominal,2.0NRT,276.29,10.15,D
20.64101,-102.35657,330.81,0.39,0.59,2025-01-20,2038,N20,nominal,2.0NRT,294.76,10.34,D
42.31733,-119.98801,326.88,0.39,0.36,2025-01-20,2046,N20,nominal,2.0NRT,274.14,10.15,D
23.84089,-103.99954,346.46,0.33,0.55,2025-01-20,2040,N20,nominal,2.0NRT,301.44,2.09,D
42.31655,-119.99268,341.32,0.39,0.36,2025-01-20,2046,N20,nominal,2.0NRT,281.19,10.15,D
23.63934,-106.07619,329.11,0.48,0.48,2025-01-20,2040,N20,low,2.0NRT,300.57,2.24,D
42.31984,-119.99369,334.57,0.39,0.36,2025-01-20,2046,N20,nominal,2.0NRT,275.48,5.73,D
23.93074,-104.6974,330.42,0.6,0.53,2025-01-20,2040,N20,nominal,2.0NRT,298.86,5.83,D
42.33375,-119.99301,325.96,0.39,0.36,2025-01-20,2046,N20,nominal,2.0NRT,276.03,3.59,D
23.96609,-104.78651,341.16,0.59,0.53,2025-01-20,2040,N20,nominal,2.0NRT,304.01,62.94,D
42.33625,-119.9987,329.36,0.39,0.36,2025-01-20,2046,N20,nominal,2.0NRT,277.02,3.59,D
23.96548,-104.79249,343.4,0.59,0.53,2025-01-20,2040,N20,nominal,2.0NRT,312.68,62.94,D
43.83575,-117.0359,338.52,0.4,0.37,2025-01-20,2046,N20,nominal,2.0NRT,279.12,4.3,D
23.96488,-104.79846,350.82,0.59,0.53,2025-01-20,2040,N20,nominal,2.0NRT,305.28,16.47,D
44.02845,-120.58449,329.83,0.39,0.36,2025-01-20,2046,N20,nominal,2.0NRT,269.05,3.05,D
23.9999,-104.4976,353.38,0.62,0.54,2025-01-20,2040,N20,nominal,2.0NRT,303.77,18,D
44.51805,-120.27739,328.74,0.39,0.36,2025-01-20,2046,N20,nominal,2.0NRT,274.14,3.77,D
23.97034,-104.79292,339.87,0.59,0.53,2025-01-20,2040,N20,nominal,2.0NRT,299.86,9.28,D
44.78238,-119.66969,326.56,0.38,0.36,2025-01-20,2046,N20,nominal,2.0NRT,274.75,2.36,D
23.96972,-104.79896,350.81,0.59,0.53,2025-01-20,2040,N20,nominal,2.0NRT,302.12,12.12,D
47.3703,-117.55609,333.14,0.41,0.37,2025-01-20,2046,N20,nominal,2.0NRT,273.83,7.4,D
24.00856,-104.51079,341.88,0.61,0.54,2025-01-20,2040,N20,nominal,2.0NRT,304.98,7.05,D
47.56995,-122.36842,329.75,0.4,0.37,2025-01-20,2046,N20,nominal,2.0NRT,274.23,2.83,D
24.15696,-106.19632,335.78,0.48,0.48,2025-01-20,2040,N20,nominal,2.0NRT,270.42,3.23,D
24.85933,-107.6819,341.22,0.4,0.44,2025-01-20,2040,N20,nominal,2.0NRT,306,3.71,D
26.60075,-108.27665,335.46,0.39,0.44,2025-01-20,2040,N20,nominal,2.0NRT,306.87,2.64,D
26.60478,-108.27717,340.23,0.39,0.44,2025-01-20,2040,N20,nominal,2.0NRT,305.71,2.64,D
27.15924,-109.77874,339.88,0.49,0.41,2025-01-20,2040,N20,nominal,2.0NRT,304.63,5.96,D
27.15863,-109.78371,333.29,0.49,0.41,2025-01-20,2040,N20,low,2.0NRT,304.66,4.03,D
27.3744,-110.38194,335.89,0.47,0.39,2025-01-20,2040,N20,nominal,2.0NRT,304.86,14.44,D
27.37381,-110.38665,354.14,0.47,0.39,2025-01-20,2040,N20,nominal,2.0NRT,310.64,14.44,D
27.7571,-108.64077,356.7,0.38,0.43,2025-01-20,2040,N20,nominal,2.0NRT,301.82,8.78,D
27.75661,-108.645,338.93,0.38,0.43,2025-01-20,2040,N20,nominal,2.0NRT,298.43,5.62,D
27.76104,-108.64165,346.84,0.38,0.43,2025-01-20,2040,N20,nominal,2.0NRT,294.9,8.78,D
28.70836,-106.99042,344.99,0.49,0.49,2025-01-20,2042,N20,nominal,2.0NRT,282.26,12.73,D
29.17301,-107.11548,340.92,0.49,0.48,2025-01-20,2042,N20,nominal,2.0NRT,288.06,5.88,D
29.1725,-107.12057,345.99,0.49,0.48,2025-01-20,2042,N20,nominal,2.0NRT,293.28,12.27,D
29.56222,-106.02356,340.78,0.57,0.52,2025-01-20,2042,N20,nominal,2.0NRT,303.01,5.36,D
29.4507,-110.31012,327.62,0.49,0.41,2025-01-20,2042,N20,low,2.0NRT,299.11,1.84,D
30.19827,-107.68657,339.96,0.46,0.47,2025-01-20,2042,N20,nominal,2.0NRT,296,10.48,D
30.55261,-105.74142,336.34,0.61,0.54,2025-01-20,2042,N20,nominal,2.0NRT,296.62,5.68,D
